{"type":"FeatureCollection","source":"DGHS EPI GIS dashboard, dashboard.dghs.gov.bd (Government of Bangladesh)","features":[{"type":"Feature","geometry":{"type":"Polygon","coordinates":[[[90.393277,23.861368],[90.394031,23.861278],[90.394142,23.861227],[90.397295,23.860834],[90.40121,23.856278],[90.401712,23.855991],[90.404263,23.854721],[90.404281,23.854567],[90.404407,23.854531],[90.40469,23.854717],[90.405647,23.853542],[90.406118,23.853578],[90.406432,23.854353],[90.406051,23.856162],[90.406289,23.859731],[90.405908,23.871628],[90.406003,23.87634],[90.405861,23.877577],[90.406241,23.880432],[90.40658,23.882118],[90.406501,23.882146],[90.406287,23.882232],[90.405923,23.882282],[90.405637,23.88226],[90.405395,23.882246],[90.405252,23.88231],[90.404024,23.882267],[90.40381,23.882289],[90.403596,23.882303],[90.403203,23.882424],[90.402996,23.882496],[90.402732,23.882489],[90.402653,23.88251],[90.402546,23.882567],[90.402054,23.882339],[90.401119,23.88211],[90.400419,23.881975],[90.399206,23.881768],[90.398413,23.881432],[90.397935,23.881339],[90.397585,23.881397],[90.396936,23.881354],[90.396265,23.881247],[90.395515,23.881111],[90.394751,23.880804],[90.394509,23.880768],[90.394144,23.880704],[90.393966,23.880747],[90.394029,23.880269],[90.394458,23.879377],[90.394707,23.87927],[90.394922,23.878877],[90.394779,23.878092],[90.39485,23.877342],[90.395243,23.876736],[90.395421,23.8762],[90.395207,23.875522],[90.394208,23.874915],[90.393565,23.874166],[90.393672,23.870597],[90.393244,23.869811],[90.393315,23.868312],[90.392994,23.865172],[90.393066,23.863601],[90.393208,23.862495],[90.393277,23.861368]]]},"properties":{"city_corp":"DNCC","ward_no":1,"zone":"Zone-1","dghs_ward_id":40101}},{"type":"Feature","geometry":{"type":"Polygon","coordinates":[[[90.377579,23.822667],[90.377684,23.823702],[90.377361,23.826155],[90.377338,23.826328],[90.377279,23.826772],[90.377025,23.829911],[90.37678,23.832935],[90.375947,23.832816],[90.375162,23.83284],[90.374727,23.833059],[90.374396,23.833209],[90.374195,23.833025],[90.374013,23.832982],[90.373948,23.833121],[90.373929,23.833291],[90.3742,23.833518],[90.3741,23.833638],[90.373206,23.834045],[90.372909,23.834521],[90.372671,23.835651],[90.371985,23.83553],[90.370673,23.8357],[90.369586,23.835706],[90.368864,23.836603],[90.368031,23.836781],[90.367436,23.837079],[90.367555,23.838388],[90.368031,23.839696],[90.367079,23.839934],[90.366544,23.840351],[90.366544,23.840648],[90.366425,23.8416],[90.365771,23.842968],[90.366009,23.844039],[90.366009,23.844753],[90.365473,23.844991],[90.365473,23.845704],[90.365116,23.84624],[90.36464,23.846597],[90.364313,23.846027],[90.36348,23.84573],[90.362796,23.845403],[90.36238,23.845194],[90.362142,23.844689],[90.361904,23.842993],[90.362052,23.84103],[90.362052,23.840049],[90.362409,23.839097],[90.362201,23.838056],[90.362112,23.837402],[90.361993,23.83645],[90.361993,23.835647],[90.361785,23.834814],[90.361814,23.83407],[90.362261,23.833594],[90.362677,23.833297],[90.362736,23.832791],[90.362885,23.832107],[90.363781,23.831929],[90.363761,23.831102],[90.363784,23.830394],[90.363807,23.829981],[90.363845,23.829294],[90.36385,23.829251],[90.363889,23.828861],[90.36399,23.828221],[90.364029,23.828088],[90.364195,23.827749],[90.364255,23.824385],[90.364372,23.822547],[90.364388,23.82229],[90.364852,23.820499],[90.364932,23.82019],[90.366525,23.820411],[90.368123,23.820627],[90.369388,23.820798],[90.369521,23.820875],[90.371065,23.821123],[90.372791,23.8214],[90.373033,23.821419],[90.375276,23.82181],[90.376164,23.821965],[90.377629,23.822089],[90.377615,23.822269],[90.377579,23.822667]]]},"properties":{"city_corp":"DNCC","ward_no":2,"zone":"Zone-2","dghs_ward_id":40202}},{"type":"Feature","geometry":{"type":"Polygon","coordinates":[[[90.37665,23.80942],[90.376951,23.809904],[90.377731,23.811091],[90.377708,23.811329],[90.377827,23.811686],[90.37766,23.811662],[90.377375,23.811781],[90.377375,23.812329],[90.377208,23.812971],[90.377208,23.813352],[90.377327,23.813851],[90.377731,23.814327],[90.378321,23.814726],[90.37854,23.814875],[90.377922,23.815565],[90.377675,23.815636],[90.377684,23.816112],[90.377517,23.816659],[90.37716,23.817254],[90.376899,23.817373],[90.37664,23.817435],[90.376592,23.81761],[90.376514,23.8179],[90.376387,23.818375],[90.376121,23.818312],[90.375623,23.818174],[90.374418,23.817949],[90.373936,23.817852],[90.373788,23.817824],[90.373736,23.817814],[90.37366,23.817801],[90.372401,23.817536],[90.37233,23.817492],[90.371016,23.81721],[90.370154,23.817002],[90.36914,23.81678],[90.369635,23.814985],[90.370088,23.813348],[90.369499,23.8132],[90.369327,23.81316],[90.369364,23.812993],[90.369152,23.812952],[90.368625,23.812842],[90.368631,23.812923],[90.368585,23.813086],[90.368161,23.813143],[90.366965,23.812853],[90.367003,23.812708],[90.367623,23.810349],[90.36793,23.809302],[90.3686,23.807021],[90.369346,23.80718],[90.369973,23.80715],[90.374173,23.806257],[90.374638,23.806091],[90.374738,23.806262],[90.37665,23.80942]]]},"properties":{"city_corp":"DNCC","ward_no":3,"zone":"Zone-2","dghs_ward_id":40203}},{"type":"Feature","geometry":{"type":"Polygon","coordinates":[[[90.387557,23.798349],[90.387458,23.798775],[90.387316,23.799703],[90.387387,23.801202],[90.38678,23.802951],[90.386245,23.804236],[90.385638,23.805342],[90.384853,23.80677],[90.384433,23.808205],[90.384423,23.80846],[90.384442,23.808997],[90.38437,23.810687],[90.384394,23.811829],[90.38418,23.81171],[90.383663,23.811981],[90.382728,23.812186],[90.382133,23.812305],[90.380587,23.812828],[90.380016,23.812923],[90.379802,23.812876],[90.379254,23.812519],[90.378897,23.812257],[90.378421,23.812281],[90.378065,23.812067],[90.377827,23.811686],[90.377708,23.811329],[90.377731,23.811091],[90.376951,23.809904],[90.37665,23.80942],[90.376104,23.808518],[90.374738,23.806262],[90.374638,23.806091],[90.375405,23.805604],[90.376466,23.804732],[90.377919,23.803536],[90.378466,23.803076],[90.379006,23.802621],[90.380389,23.801468],[90.382221,23.800314],[90.383678,23.799683],[90.38579,23.798874],[90.387002,23.798479],[90.38723,23.798404],[90.387444,23.798375],[90.387557,23.798349]]]},"properties":{"city_corp":"DNCC","ward_no":4,"zone":"Zone-2","dghs_ward_id":40204}},{"type":"Feature","geometry":{"type":"Polygon","coordinates":[[[90.376592,23.81761],[90.37664,23.817435],[90.376899,23.817373],[90.37716,23.817254],[90.377517,23.816659],[90.377684,23.816112],[90.377675,23.815636],[90.377922,23.815565],[90.37854,23.814875],[90.378321,23.814726],[90.377731,23.814327],[90.377327,23.813851],[90.377208,23.813352],[90.377208,23.812971],[90.377375,23.812329],[90.377375,23.811781],[90.37766,23.811662],[90.377827,23.811686],[90.378065,23.812067],[90.378421,23.812281],[90.378897,23.812257],[90.379254,23.812519],[90.379802,23.812876],[90.380016,23.812923],[90.380587,23.812828],[90.382133,23.812305],[90.382728,23.812186],[90.383663,23.811981],[90.38418,23.81171],[90.384394,23.811829],[90.384394,23.812019],[90.384299,23.813804],[90.384227,23.81447],[90.383894,23.815065],[90.383823,23.816041],[90.383894,23.817016],[90.383847,23.818396],[90.384085,23.820014],[90.383989,23.821133],[90.383733,23.821619],[90.383466,23.822013],[90.383085,23.822989],[90.382538,23.823393],[90.381586,23.823298],[90.380124,23.823262],[90.380009,23.823259],[90.379611,23.823134],[90.37944,23.823061],[90.379343,23.823042],[90.379267,23.823011],[90.379145,23.822982],[90.378968,23.822981],[90.378971,23.822917],[90.378402,23.822806],[90.378361,23.822798],[90.377984,23.82271],[90.37772,23.822677],[90.377579,23.822667],[90.377615,23.822269],[90.377629,23.822089],[90.376164,23.821965],[90.375276,23.82181],[90.373033,23.821419],[90.372791,23.8214],[90.371065,23.821123],[90.369521,23.820875],[90.369388,23.820798],[90.368123,23.820627],[90.366525,23.820411],[90.364932,23.82019],[90.365145,23.819437],[90.365741,23.81732],[90.366208,23.815658],[90.366752,23.813651],[90.366965,23.812853],[90.368161,23.813143],[90.368585,23.813086],[90.368631,23.812923],[90.368625,23.812842],[90.369152,23.812952],[90.369364,23.812993],[90.369327,23.81316],[90.369499,23.8132],[90.370088,23.813348],[90.369635,23.814985],[90.36914,23.81678],[90.370154,23.817002],[90.371016,23.81721],[90.37233,23.817492],[90.372401,23.817536],[90.37366,23.817801],[90.373736,23.817814],[90.373788,23.817824],[90.373936,23.817852],[90.374418,23.817949],[90.375623,23.818174],[90.376121,23.818312],[90.376387,23.818375],[90.376592,23.81761]]]},"properties":{"city_corp":"DNCC","ward_no":5,"zone":"Zone-2","dghs_ward_id":40205}},{"type":"Feature","geometry":{"type":"Polygon","coordinates":[[[90.36464,23.846597],[90.364284,23.847251],[90.364133,23.847876],[90.360685,23.848208],[90.360099,23.848391],[90.359667,23.848512],[90.359124,23.848655],[90.358611,23.848645],[90.358344,23.848664],[90.357725,23.84855],[90.35684,23.848379],[90.356193,23.848236],[90.355765,23.848065],[90.355346,23.847865],[90.355079,23.847646],[90.354899,23.847408],[90.354746,23.847065],[90.35468,23.846713],[90.354623,23.846428],[90.354518,23.846161],[90.35428,23.846009],[90.353718,23.845999],[90.353433,23.846019],[90.353195,23.845914],[90.353109,23.845714],[90.35309,23.845371],[90.353157,23.845114],[90.353309,23.844619],[90.353547,23.844439],[90.353966,23.844248],[90.354527,23.844067],[90.355051,23.843953],[90.355308,23.843772],[90.355432,23.843658],[90.355451,23.843446],[90.355391,23.842762],[90.355213,23.8419],[90.355183,23.840888],[90.355123,23.840204],[90.355123,23.839401],[90.355123,23.838301],[90.355123,23.837319],[90.35551,23.83604],[90.355599,23.834851],[90.355332,23.834375],[90.355332,23.833631],[90.355391,23.83265],[90.355421,23.831757],[90.355629,23.831371],[90.355272,23.831371],[90.354469,23.831281],[90.354023,23.831133],[90.353963,23.830776],[90.353755,23.830448],[90.353815,23.829794],[90.353963,23.829289],[90.353993,23.828396],[90.353993,23.828158],[90.354023,23.827682],[90.354499,23.827444],[90.354517,23.82665],[90.354453,23.826538],[90.354391,23.826366],[90.354246,23.826172],[90.354222,23.82607],[90.354267,23.825853],[90.354377,23.825566],[90.354452,23.825272],[90.354593,23.825252],[90.354614,23.825117],[90.354669,23.825097],[90.354675,23.824874],[90.354702,23.824731],[90.354579,23.824505],[90.354569,23.824125],[90.354605,23.82382],[90.354512,23.823558],[90.35445,23.823449],[90.354331,23.823448],[90.354328,23.823295],[90.354416,23.823285],[90.354442,23.823033],[90.354484,23.82294],[90.354482,23.822815],[90.354555,23.822718],[90.354569,23.822664],[90.354555,23.822609],[90.354558,23.822521],[90.354611,23.822309],[90.354676,23.822142],[90.354735,23.822077],[90.354782,23.822066],[90.354787,23.822021],[90.354825,23.822026],[90.354937,23.821783],[90.35492,23.821779],[90.354929,23.821688],[90.354969,23.821691],[90.354983,23.821624],[90.35512,23.821639],[90.35512,23.821566],[90.355056,23.821553],[90.355079,23.821429],[90.355097,23.821177],[90.355119,23.821076],[90.355155,23.820774],[90.355137,23.820768],[90.355155,23.820689],[90.355202,23.820682],[90.355223,23.820572],[90.355319,23.820505],[90.355352,23.820361],[90.35543,23.820146],[90.355334,23.820133],[90.355294,23.8202],[90.35521,23.820176],[90.355103,23.820082],[90.355101,23.820001],[90.35507,23.819715],[90.355108,23.819618],[90.355194,23.819477],[90.355071,23.819325],[90.35487,23.819298],[90.35465,23.819253],[90.354649,23.819212],[90.354533,23.81918],[90.354477,23.819215],[90.354385,23.819219],[90.354306,23.819196],[90.354295,23.819119],[90.354266,23.819044],[90.354205,23.819046],[90.354179,23.819026],[90.354145,23.818923],[90.354177,23.8189],[90.354153,23.818787],[90.35392,23.818697],[90.35385,23.818608],[90.353752,23.81861],[90.353702,23.81859],[90.353606,23.818485],[90.353434,23.818496],[90.353368,23.818489],[90.353362,23.818448],[90.353405,23.818419],[90.353237,23.818298],[90.353111,23.81824],[90.352873,23.81805],[90.352764,23.817858],[90.352758,23.817622],[90.352689,23.817487],[90.352382,23.816975],[90.352417,23.816667],[90.352438,23.816483],[90.352515,23.815809],[90.352556,23.815446],[90.352555,23.81516],[90.352554,23.814486],[90.3526,23.81398],[90.352629,23.813674],[90.352475,23.81312],[90.353371,23.813555],[90.353895,23.81396],[90.354466,23.81396],[90.35518,23.814031],[90.355251,23.814221],[90.355109,23.814459],[90.35499,23.814769],[90.354704,23.815007],[90.354633,23.815292],[90.35499,23.815364],[90.35587,23.815768],[90.356655,23.815863],[90.357179,23.81603],[90.357369,23.815506],[90.35744,23.815173],[90.35775,23.815197],[90.358368,23.815387],[90.358987,23.815292],[90.358916,23.814602],[90.358844,23.814126],[90.35882,23.81365],[90.358892,23.813079],[90.359154,23.812841],[90.36001,23.812841],[90.3612,23.812746],[90.361485,23.812818],[90.362247,23.814293],[90.362985,23.815078],[90.363746,23.815197],[90.366208,23.815658],[90.365741,23.81732],[90.365145,23.819437],[90.364932,23.82019],[90.364852,23.820499],[90.364388,23.82229],[90.364372,23.822547],[90.364255,23.824385],[90.364195,23.827749],[90.364029,23.828088],[90.36399,23.828221],[90.363889,23.828861],[90.36385,23.829251],[90.363845,23.829294],[90.363807,23.829981],[90.363784,23.830394],[90.363761,23.831102],[90.363781,23.831929],[90.362885,23.832107],[90.362736,23.832791],[90.362677,23.833297],[90.362261,23.833594],[90.361814,23.83407],[90.361785,23.834814],[90.361993,23.835647],[90.361993,23.83645],[90.362112,23.837402],[90.362201,23.838056],[90.362409,23.839097],[90.362052,23.840049],[90.362052,23.84103],[90.361904,23.842993],[90.362142,23.844689],[90.36238,23.845194],[90.362796,23.845403],[90.36348,23.84573],[90.364313,23.846027],[90.36464,23.846597]]]},"properties":{"city_corp":"DNCC","ward_no":6,"zone":"Zone-2","dghs_ward_id":40206}},{"type":"Feature","geometry":{"type":"Polygon","coordinates":[[[90.366208,23.815658],[90.363746,23.815197],[90.362985,23.815078],[90.362247,23.814293],[90.361485,23.812818],[90.3612,23.812746],[90.36001,23.812841],[90.359154,23.812841],[90.358892,23.813079],[90.35882,23.81365],[90.358844,23.814126],[90.358916,23.814602],[90.358987,23.815292],[90.358368,23.815387],[90.35775,23.815197],[90.35744,23.815173],[90.357369,23.815506],[90.357179,23.81603],[90.356655,23.815863],[90.35587,23.815768],[90.35499,23.815364],[90.354633,23.815292],[90.354704,23.815007],[90.35499,23.814769],[90.355109,23.814459],[90.355251,23.814221],[90.35518,23.814031],[90.354466,23.81396],[90.353895,23.81396],[90.353371,23.813555],[90.352475,23.81312],[90.352418,23.812644],[90.352647,23.812187],[90.352723,23.811807],[90.352842,23.811283],[90.352818,23.810626],[90.353067,23.810634],[90.353256,23.810493],[90.353694,23.810474],[90.353941,23.810151],[90.353808,23.809694],[90.353389,23.809522],[90.353156,23.809427],[90.35315,23.808205],[90.353246,23.807835],[90.353514,23.807478],[90.353901,23.807181],[90.354321,23.80684],[90.352322,23.806166],[90.351574,23.805955],[90.351586,23.805867],[90.351661,23.805281],[90.351899,23.804707],[90.352172,23.804379],[90.352481,23.803871],[90.352498,23.803846],[90.353533,23.802371],[90.353542,23.802358],[90.355305,23.799845],[90.355895,23.800213],[90.356096,23.800338],[90.35777,23.801381],[90.357915,23.801473],[90.360751,23.803282],[90.363111,23.804787],[90.363448,23.804984],[90.365646,23.806265],[90.366487,23.806539],[90.366878,23.806666],[90.3686,23.807021],[90.36793,23.809302],[90.367623,23.810349],[90.367003,23.812708],[90.366965,23.812853],[90.366752,23.813651],[90.366208,23.815658]]]},"properties":{"city_corp":"DNCC","ward_no":7,"zone":"Zone-2","dghs_ward_id":40207}},{"type":"Feature","geometry":{"type":"Polygon","coordinates":[[[90.35315,23.808205],[90.353152,23.808608],[90.353156,23.809427],[90.353389,23.809522],[90.353487,23.809563],[90.353808,23.809694],[90.353941,23.810151],[90.353694,23.810474],[90.353256,23.810493],[90.353067,23.810634],[90.352818,23.810626],[90.352842,23.811283],[90.35282,23.811381],[90.352723,23.811807],[90.352647,23.812187],[90.352418,23.812644],[90.352475,23.81312],[90.352629,23.813674],[90.3526,23.81398],[90.352554,23.814486],[90.352555,23.81516],[90.352556,23.815446],[90.352543,23.815562],[90.352515,23.815809],[90.352438,23.816483],[90.352446,23.816493],[90.352446,23.816603],[90.352417,23.816667],[90.352382,23.816975],[90.352689,23.817487],[90.352758,23.817622],[90.352764,23.817858],[90.352873,23.81805],[90.353111,23.81824],[90.353237,23.818298],[90.353298,23.818688],[90.353527,23.818802],[90.353741,23.818945],[90.353912,23.819273],[90.353941,23.81963],[90.353955,23.820059],[90.353741,23.820187],[90.353527,23.82033],[90.353869,23.82053],[90.353841,23.821315],[90.353769,23.821458],[90.353184,23.821515],[90.352927,23.821572],[90.352884,23.8218],[90.353198,23.821786],[90.353198,23.822114],[90.353227,23.822657],[90.353213,23.823371],[90.353213,23.823742],[90.353213,23.824898],[90.352984,23.82497],[90.352756,23.825055],[90.35237,23.824998],[90.351985,23.824813],[90.351914,23.82497],[90.35217,23.825127],[90.352513,23.825184],[90.352585,23.825412],[90.352827,23.825755],[90.352756,23.82654],[90.352527,23.826626],[90.351956,23.826612],[90.351362,23.826705],[90.350498,23.826771],[90.350069,23.826765],[90.349504,23.826765],[90.349492,23.827366],[90.349463,23.827556],[90.349254,23.827723],[90.349254,23.828074],[90.349272,23.828383],[90.349278,23.828591],[90.349308,23.828776],[90.349736,23.828782],[90.349831,23.828847],[90.349831,23.829222],[90.34995,23.829311],[90.350022,23.829543],[90.349956,23.829817],[90.349956,23.830162],[90.349867,23.830275],[90.349141,23.830251],[90.349112,23.830554],[90.349165,23.830816],[90.349106,23.831006],[90.348606,23.831001],[90.348428,23.830882],[90.348231,23.830673],[90.347815,23.830626],[90.346524,23.83059],[90.346393,23.830632],[90.345729,23.830645],[90.345269,23.829957],[90.345079,23.82929],[90.344269,23.828243],[90.342911,23.826808],[90.34281,23.826701],[90.342299,23.825916],[90.341647,23.825476],[90.339586,23.824105],[90.339039,23.823546],[90.338218,23.822713],[90.337037,23.821443],[90.336404,23.820452],[90.33649,23.819507],[90.336659,23.819296],[90.337097,23.818751],[90.337754,23.818522],[90.338536,23.818522],[90.338751,23.818522],[90.339079,23.818521],[90.339817,23.818517],[90.340346,23.818443],[90.340738,23.818066],[90.34078,23.81802],[90.340878,23.81791],[90.341139,23.817258],[90.340649,23.816196],[90.340611,23.816044],[90.340364,23.81513],[90.340088,23.813998],[90.339688,23.812366],[90.339626,23.811223],[90.339835,23.809919],[90.340069,23.808401],[90.340635,23.807454],[90.340782,23.80734],[90.341415,23.806731],[90.342819,23.805118],[90.342738,23.804466],[90.342876,23.804171],[90.343195,23.803947],[90.343262,23.803081],[90.343329,23.802886],[90.343571,23.801753],[90.343614,23.800916],[90.343352,23.799883],[90.343338,23.799569],[90.343314,23.799169],[90.34311,23.79895],[90.342972,23.798779],[90.343253,23.79832],[90.343353,23.798325],[90.34369,23.798336],[90.344205,23.798353],[90.344293,23.798355],[90.34556,23.798367],[90.347047,23.798346],[90.347789,23.798103],[90.34836,23.797432],[90.348974,23.79679],[90.34916,23.796576],[90.349149,23.796251],[90.349979,23.79661],[90.352195,23.797891],[90.353243,23.798497],[90.353355,23.798562],[90.355305,23.799845],[90.353542,23.802358],[90.353533,23.802371],[90.352498,23.803846],[90.352481,23.803871],[90.352172,23.804379],[90.351899,23.804707],[90.351782,23.80499],[90.351661,23.805281],[90.351586,23.805867],[90.351574,23.805955],[90.352322,23.806166],[90.354321,23.80684],[90.353901,23.807181],[90.353514,23.807478],[90.353246,23.807835],[90.35315,23.808205]]]},"properties":{"city_corp":"DNCC","ward_no":8,"zone":"Zone-2","dghs_ward_id":40208}},{"type":"Feature","geometry":{"type":"Polygon","coordinates":[[[90.344293,23.798355],[90.344205,23.798353],[90.343944,23.798344],[90.343765,23.798339],[90.343353,23.798325],[90.343253,23.79832],[90.342972,23.798779],[90.342857,23.799007],[90.342705,23.799102],[90.342543,23.799131],[90.342243,23.798922],[90.342115,23.798822],[90.342072,23.798703],[90.34202,23.798636],[90.34192,23.798508],[90.341787,23.798436],[90.341634,23.798365],[90.341415,23.798213],[90.341277,23.798193],[90.340773,23.798127],[90.340683,23.798079],[90.34033,23.798003],[90.340088,23.797956],[90.339993,23.797913],[90.339802,23.797846],[90.339607,23.797637],[90.339564,23.797542],[90.339521,23.797394],[90.339507,23.797251],[90.339517,23.797127],[90.339555,23.796937],[90.339631,23.796694],[90.339783,23.796347],[90.339912,23.796233],[90.339864,23.796195],[90.340054,23.795881],[90.340121,23.795476],[90.340145,23.794976],[90.34015,23.794524],[90.339964,23.793972],[90.339997,23.793325],[90.339921,23.792816],[90.340069,23.792369],[90.340069,23.792221],[90.340064,23.791564],[90.339997,23.79096],[90.340012,23.790774],[90.340007,23.790579],[90.33964,23.789784],[90.339455,23.789566],[90.33895,23.788804],[90.338931,23.788752],[90.338865,23.788143],[90.338803,23.787405],[90.338722,23.787234],[90.338522,23.786686],[90.338355,23.786391],[90.338184,23.786296],[90.337875,23.786092],[90.337427,23.785777],[90.337013,23.785349],[90.336704,23.784926],[90.336452,23.784454],[90.336128,23.784278],[90.335895,23.784164],[90.335676,23.783898],[90.335567,23.783455],[90.335605,23.783027],[90.3358,23.782603],[90.335962,23.78208],[90.336204,23.781418],[90.336571,23.780952],[90.336918,23.780666],[90.337451,23.780405],[90.33778,23.780219],[90.337994,23.779805],[90.33807,23.779519],[90.338084,23.779272],[90.338079,23.77902],[90.337941,23.778606],[90.337751,23.778306],[90.337494,23.778101],[90.33708,23.777735],[90.336504,23.777283],[90.335938,23.776869],[90.335591,23.776621],[90.334929,23.775998],[90.334577,23.775665],[90.334455,23.775381],[90.334498,23.774878],[90.334662,23.77461],[90.334812,23.774521],[90.334933,23.774456],[90.335204,23.774396],[90.336196,23.774285],[90.337282,23.774135],[90.338202,23.773964],[90.338666,23.773832],[90.339034,23.773707],[90.339759,23.773446],[90.340408,23.773254],[90.341368,23.7727],[90.342012,23.772328],[90.342543,23.772382],[90.34274,23.772414],[90.343125,23.772366],[90.343668,23.77229],[90.34383,23.772364],[90.344044,23.772456],[90.344182,23.772575],[90.344349,23.772575],[90.344443,23.772393],[90.344638,23.772456],[90.344786,23.772504],[90.346089,23.772923],[90.346117,23.773856],[90.346284,23.774131],[90.346615,23.774255],[90.34738,23.774308],[90.347882,23.774581],[90.348884,23.77557],[90.349264,23.776089],[90.348967,23.776283],[90.348702,23.776457],[90.348226,23.776582],[90.347798,23.77657],[90.347215,23.77657],[90.346584,23.776547],[90.346168,23.776594],[90.345811,23.77682],[90.345728,23.77707],[90.345752,23.777487],[90.345775,23.777903],[90.345526,23.77807],[90.345252,23.778141],[90.345014,23.778355],[90.345014,23.778664],[90.345407,23.77876],[90.345216,23.779271],[90.344966,23.779688],[90.344586,23.779747],[90.344431,23.779818],[90.344455,23.779997],[90.344526,23.780485],[90.344521,23.781286],[90.344524,23.781665],[90.344526,23.782079],[90.344538,23.782757],[90.344657,23.783364],[90.344657,23.783554],[90.344716,23.783804],[90.34499,23.783887],[90.345073,23.783994],[90.345097,23.78422],[90.344919,23.784494],[90.344669,23.784744],[90.34455,23.785029],[90.344538,23.785446],[90.344645,23.786136],[90.344705,23.78654],[90.344776,23.78679],[90.344764,23.787445],[90.344824,23.789372],[90.345109,23.789479],[90.345323,23.789467],[90.345514,23.789539],[90.345561,23.789753],[90.345561,23.790157],[90.345621,23.790395],[90.34568,23.791026],[90.345609,23.791228],[90.345383,23.791276],[90.345264,23.791347],[90.345216,23.791442],[90.345216,23.791656],[90.345085,23.791858],[90.344978,23.791906],[90.344705,23.79193],[90.344659,23.792217],[90.344721,23.792446],[90.344778,23.792503],[90.345407,23.792713],[90.34573,23.792751],[90.346295,23.792749],[90.346872,23.79277],[90.347348,23.792846],[90.347653,23.79296],[90.347748,23.793265],[90.347729,23.793893],[90.3475,23.794026],[90.347462,23.794217],[90.347519,23.794635],[90.347405,23.794845],[90.347215,23.795092],[90.347177,23.795225],[90.347158,23.79553],[90.34712,23.795911],[90.347272,23.796349],[90.347253,23.796501],[90.347082,23.796824],[90.34691,23.796939],[90.346606,23.796824],[90.346415,23.796558],[90.34632,23.796234],[90.34594,23.796196],[90.345806,23.796349],[90.345673,23.796539],[90.345526,23.796879],[90.345388,23.797034],[90.345216,23.797243],[90.344778,23.797338],[90.34476,23.798359],[90.344293,23.798355]]]},"properties":{"city_corp":"DNCC","ward_no":9,"zone":"Zone-4","dghs_ward_id":40409}},{"type":"Feature","geometry":{"type":"Polygon","coordinates":[[[90.352921,23.776748],[90.353064,23.776489],[90.353158,23.776319],[90.353463,23.776144],[90.354163,23.775916],[90.354899,23.776051],[90.355676,23.776193],[90.356749,23.776226],[90.358013,23.776617],[90.35842,23.776752],[90.358897,23.77686],[90.35909,23.776979],[90.358992,23.777731],[90.358933,23.778772],[90.358814,23.779723],[90.358724,23.780199],[90.358516,23.780705],[90.358219,23.781449],[90.358159,23.781924],[90.358961,23.781983],[90.359617,23.782014],[90.359944,23.782073],[90.359944,23.782519],[90.359646,23.783114],[90.359349,23.78362],[90.359319,23.784274],[90.359557,23.784512],[90.359884,23.78481],[90.359765,23.785315],[90.358777,23.785179],[90.355363,23.785014],[90.353811,23.784939],[90.351749,23.781537],[90.351128,23.781789],[90.35124,23.782266],[90.350311,23.783074],[90.349743,23.785452],[90.349462,23.786242],[90.34942,23.787569],[90.349425,23.787735],[90.349447,23.788416],[90.349606,23.788646],[90.349846,23.789152],[90.349966,23.789315],[90.349962,23.789378],[90.350311,23.790238],[90.350291,23.790269],[90.350299,23.790375],[90.3504,23.790438],[90.350392,23.790591],[90.350722,23.791398],[90.350632,23.792478],[90.35048,23.793692],[90.350487,23.794748],[90.350387,23.795048],[90.350259,23.795462],[90.35003,23.795576],[90.349702,23.795691],[90.349359,23.795933],[90.349149,23.796251],[90.34916,23.796576],[90.348974,23.79679],[90.34836,23.797432],[90.347789,23.798103],[90.347047,23.798346],[90.34556,23.798367],[90.345149,23.798363],[90.34476,23.798359],[90.344778,23.797338],[90.345216,23.797243],[90.345388,23.797034],[90.345526,23.796879],[90.345673,23.796539],[90.345806,23.796349],[90.34594,23.796196],[90.34632,23.796234],[90.346415,23.796558],[90.346606,23.796824],[90.34691,23.796939],[90.347082,23.796824],[90.347253,23.796501],[90.347272,23.796349],[90.34712,23.795911],[90.347158,23.79553],[90.347177,23.795225],[90.347215,23.795092],[90.347405,23.794845],[90.347519,23.794635],[90.347462,23.794217],[90.3475,23.794026],[90.347729,23.793893],[90.347748,23.793265],[90.347653,23.79296],[90.347348,23.792846],[90.346872,23.79277],[90.346295,23.792749],[90.34573,23.792751],[90.345407,23.792713],[90.344778,23.792503],[90.344721,23.792446],[90.344659,23.792217],[90.344705,23.79193],[90.344978,23.791906],[90.345085,23.791858],[90.345216,23.791656],[90.345216,23.791442],[90.345264,23.791347],[90.345383,23.791276],[90.345609,23.791228],[90.34568,23.791026],[90.345621,23.790395],[90.345561,23.790157],[90.345561,23.789753],[90.345514,23.789539],[90.345323,23.789467],[90.345109,23.789479],[90.344824,23.789372],[90.344764,23.787445],[90.344776,23.78679],[90.344705,23.78654],[90.344645,23.786136],[90.344538,23.785446],[90.34455,23.785029],[90.344669,23.784744],[90.344919,23.784494],[90.345097,23.78422],[90.345073,23.783994],[90.34499,23.783887],[90.344716,23.783804],[90.344657,23.783554],[90.344657,23.783364],[90.344538,23.782757],[90.344526,23.782079],[90.344521,23.781286],[90.344526,23.780485],[90.344455,23.779997],[90.344431,23.779818],[90.344586,23.779747],[90.344966,23.779688],[90.345216,23.779271],[90.345407,23.77876],[90.345014,23.778664],[90.345014,23.778355],[90.345252,23.778141],[90.345526,23.77807],[90.345775,23.777903],[90.345752,23.777487],[90.345728,23.77707],[90.345811,23.77682],[90.346168,23.776594],[90.346584,23.776547],[90.347215,23.77657],[90.347798,23.77657],[90.348226,23.776582],[90.348702,23.776457],[90.348967,23.776283],[90.349264,23.776089],[90.349948,23.775839],[90.350383,23.775957],[90.35052,23.776105],[90.350772,23.776523],[90.350786,23.77688],[90.350743,23.777179],[90.351514,23.777622],[90.352099,23.777865],[90.352242,23.77795],[90.352385,23.777808],[90.352471,23.777465],[90.352921,23.776748]]]},"properties":{"city_corp":"DNCC","ward_no":10,"zone":"Zone-4","dghs_ward_id":40410}},{"type":"Feature","geometry":{"type":"Polygon","coordinates":[[[90.360827,23.794457],[90.360611,23.794545],[90.360325,23.794545],[90.359668,23.794459],[90.358669,23.794302],[90.358084,23.794302],[90.357713,23.794416],[90.357141,23.794316],[90.356599,23.794202],[90.356156,23.79396],[90.355757,23.793845],[90.355171,23.794202],[90.354771,23.794316],[90.354186,23.794259],[90.353544,23.794188],[90.353614,23.793169],[90.353701,23.791853],[90.353759,23.790989],[90.353895,23.787343],[90.353552,23.787324],[90.352695,23.787286],[90.352562,23.787401],[90.35241,23.787572],[90.35142,23.787591],[90.350792,23.787648],[90.349726,23.787895],[90.349437,23.788087],[90.349425,23.787735],[90.34942,23.787569],[90.349455,23.786468],[90.349462,23.786242],[90.349743,23.785452],[90.350311,23.783074],[90.35124,23.782266],[90.351128,23.781789],[90.351749,23.781537],[90.353811,23.784939],[90.355363,23.785014],[90.358777,23.785179],[90.359765,23.785315],[90.359884,23.78481],[90.359557,23.784512],[90.359319,23.784274],[90.359349,23.78362],[90.359646,23.783114],[90.359944,23.782519],[90.359944,23.782073],[90.359617,23.782014],[90.358961,23.781983],[90.358159,23.781924],[90.358219,23.781449],[90.358516,23.780705],[90.358724,23.780199],[90.358814,23.779723],[90.358933,23.778772],[90.358992,23.777731],[90.35909,23.776979],[90.359197,23.776992],[90.359332,23.777008],[90.359606,23.776885],[90.359665,23.776885],[90.360349,23.776893],[90.360967,23.777117],[90.361223,23.777194],[90.361307,23.777165],[90.361479,23.777168],[90.361731,23.777006],[90.361851,23.777002],[90.361991,23.77704],[90.36217,23.77725],[90.362442,23.777604],[90.363422,23.778336],[90.363726,23.77868],[90.364241,23.779289],[90.364704,23.779958],[90.364625,23.780262],[90.364561,23.780509],[90.364714,23.780767],[90.364933,23.781243],[90.365009,23.781576],[90.365114,23.781861],[90.365276,23.782204],[90.365295,23.782299],[90.365066,23.782356],[90.364733,23.782299],[90.364514,23.782289],[90.3642,23.782356],[90.363905,23.782366],[90.36362,23.782404],[90.3636,23.782489],[90.363724,23.782784],[90.363753,23.783098],[90.363772,23.783346],[90.363467,23.783384],[90.363401,23.783413],[90.363353,23.78347],[90.363315,23.783565],[90.363286,23.783755],[90.363239,23.78386],[90.363191,23.784079],[90.363163,23.784222],[90.363039,23.784222],[90.362982,23.784431],[90.362868,23.784783],[90.362677,23.784745],[90.362468,23.784745],[90.36243,23.784954],[90.362335,23.785021],[90.361982,23.784907],[90.361783,23.784907],[90.361687,23.784974],[90.361516,23.785211],[90.361497,23.785459],[90.361449,23.785706],[90.361449,23.785944],[90.361459,23.786097],[90.361402,23.786258],[90.361307,23.786354],[90.361097,23.786306],[90.360945,23.786306],[90.360897,23.786392],[90.360907,23.786592],[90.360888,23.786772],[90.361135,23.786782],[90.361173,23.786953],[90.361154,23.787315],[90.361192,23.787505],[90.361202,23.7878],[90.361202,23.788019],[90.361283,23.788233],[90.361354,23.788709],[90.361212,23.789114],[90.361069,23.789566],[90.360997,23.789851],[90.360831,23.790185],[90.360997,23.790327],[90.36095,23.790803],[90.36085,23.791499],[90.360571,23.791854],[90.360465,23.792075],[90.36078,23.792207],[90.36064,23.792505],[90.360644,23.793184],[90.360616,23.793264],[90.360518,23.793362],[90.360681,23.793737],[90.360736,23.793803],[90.360781,23.793973],[90.360827,23.794457]]]},"properties":{"city_corp":"DNCC","ward_no":11,"zone":"Zone-4","dghs_ward_id":40411}},{"type":"Feature","geometry":{"type":"Polygon","coordinates":[[[90.353614,23.793169],[90.353544,23.794188],[90.354186,23.794259],[90.354771,23.794316],[90.355171,23.794202],[90.355757,23.793845],[90.356156,23.79396],[90.356599,23.794202],[90.357141,23.794316],[90.357713,23.794416],[90.358084,23.794302],[90.358669,23.794302],[90.359668,23.794459],[90.360325,23.794545],[90.360611,23.794545],[90.360827,23.794457],[90.360882,23.79493],[90.360911,23.795173],[90.360868,23.795316],[90.360796,23.79553],[90.360725,23.79563],[90.360554,23.795516],[90.360325,23.795459],[90.360185,23.795359],[90.360091,23.795324],[90.360029,23.795515],[90.360001,23.796031],[90.360099,23.796358],[90.360223,23.796906],[90.360304,23.796902],[90.360589,23.797143],[90.360593,23.79748],[90.360607,23.797707],[90.360473,23.797809],[90.36019,23.798453],[90.360062,23.798979],[90.360047,23.799041],[90.358897,23.798878],[90.35881,23.799359],[90.358711,23.799537],[90.358402,23.799996],[90.35777,23.801381],[90.356096,23.800338],[90.355895,23.800213],[90.355305,23.799845],[90.353355,23.798562],[90.353243,23.798497],[90.352195,23.797891],[90.349979,23.79661],[90.349149,23.796251],[90.349359,23.795933],[90.349702,23.795691],[90.35003,23.795576],[90.350259,23.795462],[90.350387,23.795048],[90.350487,23.794748],[90.35048,23.793692],[90.350585,23.792856],[90.350632,23.792478],[90.350722,23.791398],[90.350497,23.790846],[90.350392,23.790591],[90.3504,23.790438],[90.350299,23.790375],[90.350291,23.790269],[90.350311,23.790238],[90.349962,23.789378],[90.349966,23.789315],[90.349846,23.789152],[90.349606,23.788646],[90.349447,23.788416],[90.349437,23.788087],[90.349726,23.787895],[90.350792,23.787648],[90.35142,23.787591],[90.35241,23.787572],[90.352562,23.787401],[90.352695,23.787286],[90.353552,23.787324],[90.353895,23.787343],[90.353759,23.790989],[90.353614,23.793169]]]},"properties":{"city_corp":"DNCC","ward_no":12,"zone":"Zone-4","dghs_ward_id":40412}},{"type":"Feature","geometry":{"type":"Polygon","coordinates":[[[90.363111,23.804787],[90.360751,23.803282],[90.357915,23.801473],[90.35777,23.801381],[90.358402,23.799996],[90.358711,23.799537],[90.35881,23.799359],[90.358897,23.798878],[90.360047,23.799041],[90.360062,23.798979],[90.36019,23.798453],[90.360473,23.797809],[90.360607,23.797707],[90.360593,23.79748],[90.360589,23.797143],[90.360304,23.796902],[90.360223,23.796906],[90.360099,23.796358],[90.360001,23.796031],[90.360029,23.795515],[90.360091,23.795324],[90.360185,23.795359],[90.360325,23.795459],[90.360554,23.795516],[90.360725,23.79563],[90.360796,23.79553],[90.360868,23.795316],[90.360911,23.795173],[90.360882,23.79493],[90.360827,23.794457],[90.360781,23.793973],[90.360736,23.793803],[90.360681,23.793737],[90.360518,23.793362],[90.360616,23.793264],[90.360644,23.793184],[90.36064,23.792505],[90.36078,23.792207],[90.360465,23.792075],[90.360571,23.791854],[90.36085,23.791499],[90.36095,23.790803],[90.360997,23.790327],[90.360831,23.790185],[90.360997,23.789851],[90.361069,23.789566],[90.361212,23.789114],[90.361354,23.788709],[90.361283,23.788233],[90.361202,23.788019],[90.361202,23.7878],[90.361192,23.787505],[90.361154,23.787315],[90.361173,23.786953],[90.361135,23.786782],[90.360888,23.786772],[90.360907,23.786592],[90.360897,23.786392],[90.360945,23.786306],[90.361097,23.786306],[90.361307,23.786354],[90.361402,23.786258],[90.361459,23.786097],[90.361449,23.785944],[90.361449,23.785706],[90.361497,23.785459],[90.361516,23.785211],[90.361687,23.784974],[90.361783,23.784907],[90.361982,23.784907],[90.362335,23.785021],[90.36243,23.784954],[90.362468,23.784745],[90.362677,23.784745],[90.362868,23.784783],[90.362982,23.784431],[90.363039,23.784222],[90.363163,23.784222],[90.363191,23.784079],[90.363239,23.78386],[90.363286,23.783755],[90.363315,23.783565],[90.363353,23.78347],[90.363401,23.783413],[90.363467,23.783384],[90.363772,23.783346],[90.363753,23.783098],[90.363724,23.782784],[90.3636,23.782489],[90.36362,23.782404],[90.363905,23.782366],[90.3642,23.782356],[90.364514,23.782289],[90.364733,23.782299],[90.365066,23.782356],[90.365295,23.782299],[90.366152,23.783264],[90.367237,23.783493],[90.368607,23.783493],[90.369407,23.783435],[90.370149,23.783778],[90.370606,23.784064],[90.371805,23.784749],[90.372543,23.784687],[90.372495,23.784354],[90.37221,23.78383],[90.372139,23.78364],[90.372139,23.783378],[90.37221,23.783021],[90.372639,23.78265],[90.372849,23.782955],[90.372975,23.783033],[90.373981,23.783162],[90.374716,23.783216],[90.374536,23.783933],[90.374408,23.783915],[90.374297,23.78437],[90.37509,23.784586],[90.375645,23.784664],[90.375874,23.784969],[90.375792,23.785048],[90.375598,23.785445],[90.375492,23.785683],[90.375333,23.786104],[90.37532,23.786551],[90.375672,23.7869],[90.375636,23.787221],[90.375565,23.787899],[90.375458,23.788363],[90.37478,23.790826],[90.374494,23.791433],[90.37424,23.791561],[90.374097,23.791704],[90.373574,23.792282],[90.373722,23.792448],[90.373551,23.793264],[90.373582,23.793749],[90.373396,23.79412],[90.37332,23.794558],[90.373149,23.794653],[90.372578,23.794825],[90.371949,23.794787],[90.37174,23.794958],[90.371264,23.795148],[90.370883,23.795434],[90.370274,23.795396],[90.369665,23.795301],[90.369356,23.795267],[90.369356,23.795269],[90.369319,23.795263],[90.369194,23.795528],[90.369133,23.795659],[90.368923,23.795815],[90.368485,23.796081],[90.368371,23.796348],[90.36818,23.796709],[90.368618,23.796804],[90.368409,23.797166],[90.368447,23.797471],[90.368295,23.797851],[90.367895,23.798156],[90.367476,23.798346],[90.367267,23.798632],[90.367209,23.799222],[90.367114,23.799488],[90.366848,23.79966],[90.366657,23.799926],[90.3666,23.800402],[90.366467,23.801068],[90.366353,23.801582],[90.366067,23.802039],[90.365706,23.802287],[90.365363,23.802515],[90.365039,23.802801],[90.364849,23.802877],[90.364525,23.802801],[90.364487,23.803086],[90.364392,23.803543],[90.364148,23.803956],[90.363834,23.803796],[90.363111,23.804787]]]},"properties":{"city_corp":"DNCC","ward_no":13,"zone":"Zone-4","dghs_ward_id":40413}},{"type":"Feature","geometry":{"type":"Polygon","coordinates":[[[90.378466,23.803076],[90.377919,23.803536],[90.376466,23.804732],[90.375405,23.805604],[90.374638,23.806091],[90.374173,23.806257],[90.369973,23.80715],[90.369346,23.80718],[90.3686,23.807021],[90.366878,23.806666],[90.366487,23.806539],[90.365646,23.806265],[90.363448,23.804984],[90.363111,23.804787],[90.363834,23.803796],[90.364148,23.803956],[90.364392,23.803543],[90.364487,23.803086],[90.364525,23.802801],[90.364849,23.802877],[90.365039,23.802801],[90.365363,23.802515],[90.365706,23.802287],[90.366067,23.802039],[90.366353,23.801582],[90.366467,23.801068],[90.3666,23.800402],[90.366657,23.799926],[90.366848,23.79966],[90.367114,23.799488],[90.367209,23.799222],[90.367267,23.798632],[90.367476,23.798346],[90.367895,23.798156],[90.368295,23.797851],[90.368447,23.797471],[90.368409,23.797166],[90.368618,23.796804],[90.36818,23.796709],[90.368371,23.796348],[90.368485,23.796081],[90.368923,23.795815],[90.369133,23.795659],[90.369194,23.795528],[90.369319,23.795263],[90.369356,23.795269],[90.369356,23.795267],[90.369665,23.795301],[90.370274,23.795396],[90.370883,23.795434],[90.371264,23.795148],[90.37174,23.794958],[90.371949,23.794787],[90.372578,23.794825],[90.373149,23.794653],[90.37332,23.794558],[90.373396,23.79412],[90.373582,23.793749],[90.373551,23.793264],[90.373722,23.792448],[90.373574,23.792282],[90.374097,23.791704],[90.37424,23.791561],[90.374494,23.791433],[90.37478,23.790826],[90.375458,23.788363],[90.375565,23.787899],[90.375636,23.787221],[90.375672,23.7869],[90.37532,23.786551],[90.375333,23.786104],[90.375492,23.785683],[90.375598,23.785445],[90.375792,23.785048],[90.375874,23.784969],[90.375645,23.784664],[90.37509,23.784586],[90.374297,23.78437],[90.374408,23.783915],[90.374536,23.783933],[90.374716,23.783216],[90.376136,23.783664],[90.377326,23.783878],[90.378507,23.784072],[90.377916,23.78572],[90.377459,23.787661],[90.377116,23.789032],[90.377116,23.789774],[90.377573,23.790117],[90.377573,23.790517],[90.377402,23.791145],[90.378316,23.791373],[90.378373,23.791773],[90.378144,23.792744],[90.378487,23.793086],[90.378887,23.792515],[90.37903,23.792065],[90.379562,23.792325],[90.379884,23.792182],[90.380205,23.792396],[90.379777,23.793039],[90.379741,23.793717],[90.379777,23.794252],[90.379491,23.794716],[90.379206,23.795145],[90.379206,23.795537],[90.37942,23.796287],[90.37942,23.796929],[90.37942,23.797679],[90.379277,23.798286],[90.379063,23.798571],[90.378884,23.798857],[90.378742,23.799927],[90.378599,23.800499],[90.378634,23.801105],[90.378777,23.801284],[90.379006,23.802621],[90.378466,23.803076]]]},"properties":{"city_corp":"DNCC","ward_no":14,"zone":"Zone-4","dghs_ward_id":40414}},{"type":"Feature","geometry":{"type":"Polygon","coordinates":[[[90.39073,23.849154],[90.387939,23.849124],[90.387249,23.849196],[90.387082,23.849767],[90.386464,23.849743],[90.38506,23.849505],[90.385155,23.848863],[90.385155,23.848244],[90.38456,23.848101],[90.383822,23.847958],[90.384069,23.847559],[90.383683,23.84741],[90.383534,23.847291],[90.382871,23.846864],[90.382871,23.846483],[90.382585,23.846198],[90.382181,23.845793],[90.382189,23.845348],[90.381883,23.84403],[90.382161,23.843709],[90.381715,23.842876],[90.381596,23.842728],[90.381002,23.842562],[90.381239,23.841984],[90.380614,23.840824],[90.380585,23.839218],[90.381198,23.836714],[90.381158,23.83598],[90.381586,23.83529],[90.382086,23.833387],[90.382728,23.831888],[90.382847,23.830984],[90.382823,23.830317],[90.382681,23.829794],[90.382538,23.828961],[90.382538,23.828176],[90.382538,23.827438],[90.382514,23.826772],[90.382419,23.82632],[90.382062,23.825701],[90.382062,23.824963],[90.382086,23.824012],[90.382538,23.823393],[90.383085,23.822989],[90.383241,23.82259],[90.383466,23.822013],[90.383733,23.821619],[90.383989,23.821133],[90.384085,23.820014],[90.383847,23.818396],[90.383894,23.817016],[90.383823,23.816041],[90.383894,23.815065],[90.384227,23.81447],[90.384299,23.813804],[90.384394,23.812019],[90.384394,23.811829],[90.38437,23.810687],[90.384442,23.808997],[90.384423,23.80846],[90.384433,23.808205],[90.384853,23.80677],[90.385638,23.805342],[90.386245,23.804236],[90.38678,23.802951],[90.387387,23.801202],[90.387316,23.799703],[90.387458,23.798775],[90.387557,23.798349],[90.388493,23.79813],[90.389493,23.797954],[90.390207,23.798097],[90.389957,23.798311],[90.389279,23.798632],[90.388957,23.799025],[90.38892,23.799817],[90.3903,23.799847],[90.390539,23.799818],[90.391203,23.799822],[90.39126,23.799925],[90.391432,23.800329],[90.391927,23.801259],[90.39227,23.80205],[90.392584,23.802669],[90.392839,23.802666],[90.392954,23.802641],[90.393007,23.802617],[90.393052,23.802603],[90.393478,23.802531],[90.393802,23.802429],[90.394768,23.802516],[90.39531,23.803011],[90.395567,23.803131],[90.396074,23.803623],[90.396076,23.803625],[90.395577,23.80421],[90.395479,23.804407],[90.395422,23.804598],[90.394847,23.804022],[90.394026,23.804236],[90.393919,23.8037],[90.393526,23.803522],[90.393133,23.803629],[90.391706,23.803986],[90.390528,23.804236],[90.389957,23.804843],[90.389172,23.805271],[90.388332,23.805659],[90.393062,23.812124],[90.393597,23.812267],[90.394739,23.81191],[90.395382,23.811553],[90.395025,23.810946],[90.395239,23.810339],[90.395953,23.809982],[90.396239,23.809268],[90.396391,23.808206],[90.396945,23.8087],[90.397196,23.808797],[90.397234,23.808863],[90.397234,23.808864],[90.397195,23.809322],[90.397114,23.809861],[90.397034,23.809944],[90.396773,23.810169],[90.396609,23.810354],[90.396481,23.810606],[90.39604,23.811573],[90.395971,23.811656],[90.395794,23.812054],[90.394762,23.814368],[90.394718,23.814511],[90.394711,23.814659],[90.39471,23.814662],[90.394756,23.814998],[90.394839,23.815339],[90.394904,23.815467],[90.39499,23.81558],[90.395034,23.815856],[90.395081,23.815957],[90.39515,23.816046],[90.395482,23.816106],[90.395523,23.816135],[90.396409,23.816294],[90.396913,23.816058],[90.39726,23.816275],[90.398147,23.816857],[90.398023,23.817159],[90.397538,23.81775],[90.397193,23.818287],[90.397126,23.81841],[90.396324,23.819309],[90.39575,23.820029],[90.395491,23.820279],[90.394705,23.821127],[90.394668,23.821796],[90.39424,23.822332],[90.394061,23.822724],[90.394704,23.824402],[90.395311,23.825651],[90.395773,23.826202],[90.396065,23.826517],[90.396046,23.827038],[90.395877,23.827337],[90.39571,23.827593],[90.395712,23.827699],[90.39575,23.827923],[90.395535,23.828202],[90.39545,23.828752],[90.395269,23.829089],[90.394912,23.829089],[90.394496,23.829149],[90.394258,23.829357],[90.394228,23.829654],[90.394793,23.829773],[90.395804,23.830071],[90.39628,23.830249],[90.396786,23.830695],[90.396816,23.83129],[90.396726,23.831736],[90.396786,23.83245],[90.397024,23.832777],[90.39744,23.832777],[90.397946,23.83245],[90.398392,23.832777],[90.39866,23.83361],[90.399165,23.8348],[90.399344,23.836317],[90.399492,23.838161],[90.399017,23.839202],[90.396459,23.842325],[90.392038,23.847525],[90.39073,23.849154]]]},"properties":{"city_corp":"DNCC","ward_no":15,"zone":"Zone-2","dghs_ward_id":40215}},{"type":"Feature","geometry":{"type":"Polygon","coordinates":[[[90.379006,23.802621],[90.378777,23.801284],[90.378634,23.801105],[90.378599,23.800499],[90.378742,23.799927],[90.378884,23.798857],[90.379063,23.798571],[90.379277,23.798286],[90.37942,23.797679],[90.37942,23.796929],[90.37942,23.796287],[90.379206,23.795537],[90.379206,23.795145],[90.379491,23.794716],[90.379777,23.794252],[90.379741,23.793717],[90.379777,23.793039],[90.380205,23.792396],[90.379884,23.792182],[90.379562,23.792325],[90.37903,23.792065],[90.379286,23.791259],[90.379401,23.791202],[90.380714,23.791259],[90.381742,23.791487],[90.382199,23.791259],[90.38454,23.783435],[90.384769,23.783264],[90.385168,23.783321],[90.385397,23.783835],[90.385682,23.784806],[90.386425,23.785206],[90.38671,23.786005],[90.38671,23.786405],[90.38711,23.786462],[90.38832,23.787217],[90.388486,23.787763],[90.388144,23.789586],[90.388023,23.790235],[90.388595,23.790574],[90.388766,23.791031],[90.388709,23.791773],[90.3878,23.794553],[90.387372,23.797098],[90.387282,23.797633],[90.38723,23.798404],[90.387002,23.798479],[90.38579,23.798874],[90.383678,23.799683],[90.382221,23.800314],[90.380389,23.801468],[90.379006,23.802621]]]},"properties":{"city_corp":"DNCC","ward_no":16,"zone":"Zone-4","dghs_ward_id":40416}},{"type":"Feature","geometry":{"type":"Polygon","coordinates":[[[90.439507,23.834011],[90.439418,23.834606],[90.439299,23.835498],[90.438972,23.835588],[90.438466,23.835469],[90.43802,23.835915],[90.437366,23.836302],[90.436444,23.836837],[90.436146,23.837164],[90.435748,23.837376],[90.434823,23.837424],[90.434481,23.837759],[90.433291,23.837581],[90.431834,23.837462],[90.431268,23.837581],[90.430436,23.837848],[90.426658,23.837997],[90.423981,23.838175],[90.42195,23.837935],[90.42071,23.837789],[90.41863,23.837824],[90.418331,23.837684],[90.418152,23.837601],[90.418152,23.837602],[90.417886,23.837507],[90.417793,23.837497],[90.417705,23.837429],[90.4176,23.837297],[90.417047,23.83679],[90.416774,23.836604],[90.416653,23.836487],[90.41645,23.836321],[90.41631,23.836173],[90.415878,23.835933],[90.415307,23.835558],[90.415108,23.835407],[90.415009,23.835353],[90.414202,23.835198],[90.414096,23.83515],[90.413991,23.834994],[90.413511,23.834047],[90.413348,23.833583],[90.413288,23.833302],[90.41331,23.832569],[90.413411,23.831821],[90.413359,23.830506],[90.413437,23.829783],[90.413441,23.829546],[90.413389,23.829274],[90.413278,23.828928],[90.412882,23.828026],[90.41278,23.82755],[90.412717,23.827095],[90.412725,23.826622],[90.412657,23.826051],[90.412662,23.82579],[90.413019,23.824863],[90.413215,23.82456],[90.41335,23.824413],[90.413507,23.824199],[90.413569,23.824051],[90.413618,23.823827],[90.413619,23.823587],[90.413851,23.823227],[90.414099,23.823018],[90.414423,23.822751],[90.414925,23.822669],[90.415648,23.821549],[90.416093,23.821256],[90.416749,23.820928],[90.416631,23.820505],[90.416631,23.819877],[90.416652,23.819171],[90.416663,23.818087],[90.416669,23.817402],[90.416421,23.817022],[90.416212,23.816717],[90.416326,23.816355],[90.416326,23.816203],[90.416212,23.816032],[90.41602,23.815675],[90.415304,23.815713],[90.415305,23.815481],[90.415274,23.81499],[90.415347,23.813442],[90.415051,23.812796],[90.414784,23.81251],[90.414575,23.812091],[90.414556,23.811882],[90.414461,23.811806],[90.413909,23.81133],[90.413642,23.810549],[90.41366,23.809847],[90.413824,23.810344],[90.413921,23.810854],[90.414177,23.811197],[90.414405,23.811363],[90.414664,23.811513],[90.415153,23.811519],[90.415282,23.811498],[90.415499,23.811406],[90.415808,23.811337],[90.416146,23.811407],[90.416205,23.811427],[90.416361,23.81148],[90.416389,23.811497],[90.416502,23.811515],[90.416541,23.811545],[90.416665,23.811568],[90.416707,23.811552],[90.416814,23.81157],[90.416944,23.811529],[90.417077,23.811384],[90.41742,23.811559],[90.417482,23.811563],[90.417708,23.81167],[90.417825,23.811716],[90.41783,23.811755],[90.418079,23.811867],[90.418358,23.811959],[90.418506,23.812223],[90.418904,23.81219],[90.41905,23.812148],[90.419437,23.812048],[90.419602,23.812039],[90.419629,23.812058],[90.41984,23.812057],[90.420064,23.81201],[90.420065,23.811965],[90.420464,23.811941],[90.420705,23.812005],[90.420829,23.811985],[90.420871,23.811947],[90.420706,23.811647],[90.420608,23.811505],[90.420621,23.811474],[90.420523,23.811223],[90.42046,23.811115],[90.420477,23.811008],[90.42057,23.810994],[90.420542,23.810829],[90.420434,23.810828],[90.420311,23.810808],[90.420326,23.810725],[90.42029,23.810699],[90.420311,23.810529],[90.420377,23.810272],[90.420392,23.810205],[90.420702,23.810229],[90.420704,23.81025],[90.420768,23.810251],[90.42083,23.81027],[90.421021,23.810264],[90.421024,23.810209],[90.421342,23.81016],[90.421359,23.80942],[90.421366,23.809114],[90.421407,23.808598],[90.421693,23.808619],[90.42191,23.808215],[90.423229,23.80821],[90.424122,23.80821],[90.425264,23.808281],[90.426156,23.808924],[90.426941,23.809352],[90.427655,23.809709],[90.428563,23.809601],[90.429781,23.811157],[90.431828,23.812537],[90.433969,23.813822],[90.435016,23.814202],[90.43554,23.814535],[90.436682,23.815202],[90.43692,23.815678],[90.437586,23.815725],[90.438728,23.815535],[90.439394,23.815487],[90.440016,23.815435],[90.440001,23.816582],[90.43993,23.817296],[90.439858,23.817938],[90.439858,23.818795],[90.440429,23.819651],[90.440822,23.819972],[90.44175,23.820544],[90.442785,23.820758],[90.444498,23.821222],[90.445819,23.821543],[90.447104,23.822043],[90.448246,23.822435],[90.449245,23.822685],[90.450138,23.823042],[90.45103,23.823399],[90.451494,23.823756],[90.451637,23.824291],[90.451637,23.82629],[90.45128,23.830287],[90.451196,23.831319],[90.447984,23.83065],[90.446021,23.830115],[90.443285,23.83187],[90.440727,23.833506],[90.439507,23.834011]]]},"properties":{"city_corp":"DNCC","ward_no":17,"zone":"Zone-1","dghs_ward_id":40117}},{"type":"Feature","geometry":{"type":"Polygon","coordinates":[[[90.424953,23.78927],[90.424451,23.792121],[90.424126,23.794431],[90.423513,23.797625],[90.422667,23.802162],[90.422071,23.804734],[90.42178,23.806189],[90.421409,23.807853],[90.421338,23.808067],[90.42191,23.808215],[90.421693,23.808619],[90.421407,23.808598],[90.421366,23.809114],[90.421359,23.80942],[90.421342,23.81016],[90.421024,23.810209],[90.421021,23.810264],[90.42083,23.81027],[90.420768,23.810251],[90.420704,23.81025],[90.420702,23.810229],[90.420392,23.810205],[90.420377,23.810272],[90.420311,23.810529],[90.42029,23.810699],[90.420326,23.810725],[90.420311,23.810808],[90.420434,23.810828],[90.420542,23.810829],[90.42057,23.810994],[90.420477,23.811008],[90.42046,23.811115],[90.420523,23.811223],[90.420621,23.811474],[90.420608,23.811505],[90.420706,23.811647],[90.420871,23.811947],[90.420829,23.811985],[90.420705,23.812005],[90.420464,23.811941],[90.420065,23.811965],[90.420064,23.81201],[90.41984,23.812057],[90.419629,23.812058],[90.419602,23.812039],[90.419437,23.812048],[90.41905,23.812148],[90.418904,23.81219],[90.418506,23.812223],[90.418358,23.811959],[90.418079,23.811867],[90.41783,23.811755],[90.417825,23.811716],[90.417708,23.81167],[90.417482,23.811563],[90.41742,23.811559],[90.417077,23.811384],[90.416944,23.811529],[90.416814,23.81157],[90.416707,23.811552],[90.416665,23.811568],[90.416541,23.811545],[90.416502,23.811515],[90.416389,23.811497],[90.416361,23.81148],[90.416205,23.811427],[90.416146,23.811407],[90.415808,23.811337],[90.415499,23.811406],[90.415282,23.811498],[90.415153,23.811519],[90.414664,23.811513],[90.414405,23.811363],[90.414177,23.811197],[90.413921,23.810854],[90.413824,23.810344],[90.41366,23.809847],[90.413458,23.809854],[90.413472,23.809349],[90.413508,23.809311],[90.41379,23.808711],[90.413973,23.808795],[90.414632,23.808204],[90.414455,23.808034],[90.415033,23.80758],[90.415492,23.807131],[90.415696,23.806471],[90.415751,23.806291],[90.416195,23.805348],[90.416252,23.804475],[90.416985,23.803645],[90.417879,23.801937],[90.417788,23.801251],[90.41763,23.800747],[90.417517,23.800383],[90.417498,23.799949],[90.417473,23.799349],[90.417728,23.798009],[90.418269,23.796452],[90.418492,23.796255],[90.418683,23.796159],[90.419554,23.795717],[90.420238,23.795016],[90.421179,23.793749],[90.421579,23.79321],[90.42173,23.792841],[90.422018,23.792139],[90.422238,23.791045],[90.42227,23.790277],[90.421914,23.789121],[90.421749,23.788879],[90.422658,23.788936],[90.423122,23.788687],[90.423372,23.788437],[90.4237,23.788537],[90.423948,23.788766],[90.424062,23.789032],[90.424348,23.789146],[90.424953,23.78927]]]},"properties":{"city_corp":"DNCC","ward_no":18,"zone":"Zone-3","dghs_ward_id":40318}},{"type":"Feature","geometry":{"type":"Polygon","coordinates":[[[90.415751,23.806291],[90.415412,23.80623],[90.414548,23.806112],[90.413931,23.806072],[90.413732,23.806068],[90.413115,23.805681],[90.413108,23.805196],[90.412572,23.805198],[90.412139,23.805016],[90.412143,23.804925],[90.412296,23.804517],[90.411501,23.804464],[90.410556,23.804261],[90.409566,23.804168],[90.408885,23.804138],[90.408694,23.804938],[90.407715,23.804895],[90.40765,23.80506],[90.40685,23.804984],[90.406854,23.804587],[90.406824,23.804536],[90.40661,23.804528],[90.406303,23.804669],[90.405098,23.804711],[90.404812,23.804783],[90.40491,23.805415],[90.404336,23.805497],[90.40436,23.806044],[90.404408,23.806401],[90.404477,23.806895],[90.404356,23.807196],[90.403583,23.807612],[90.402512,23.807434],[90.40089,23.798314],[90.40066,23.796681],[90.400641,23.796545],[90.40031,23.794428],[90.40019,23.79366],[90.399719,23.790516],[90.399244,23.787391],[90.399016,23.785972],[90.399528,23.785904],[90.399627,23.786453],[90.400088,23.786394],[90.400181,23.786884],[90.400503,23.786834],[90.400543,23.786991],[90.400903,23.786936],[90.400941,23.787064],[90.40171,23.786942],[90.401645,23.786624],[90.40189,23.786103],[90.402116,23.785589],[90.402347,23.785261],[90.402378,23.785128],[90.402493,23.785341],[90.40257,23.785358],[90.403026,23.785603],[90.403206,23.786004],[90.403522,23.786341],[90.404334,23.786225],[90.40493,23.786],[90.404614,23.785569],[90.404892,23.785288],[90.405247,23.785083],[90.406319,23.784695],[90.407579,23.783981],[90.40815,23.78351],[90.408592,23.782935],[90.409366,23.781819],[90.409412,23.781719],[90.409556,23.781738],[90.409638,23.781558],[90.409499,23.781548],[90.409826,23.780775],[90.410043,23.780888],[90.410817,23.781147],[90.410826,23.780677],[90.410875,23.78023],[90.410932,23.779877],[90.410533,23.779662],[90.41074,23.779021],[90.410993,23.779064],[90.41108,23.77872],[90.41125,23.778691],[90.411556,23.778761],[90.411667,23.778589],[90.411978,23.777978],[90.412232,23.777479],[90.412906,23.776459],[90.413165,23.776004],[90.413383,23.775422],[90.41339,23.774616],[90.413431,23.774393],[90.413294,23.773974],[90.412981,23.773981],[90.412901,23.773209],[90.412978,23.772903],[90.412963,23.772434],[90.413392,23.772408],[90.413411,23.771939],[90.413601,23.772014],[90.413793,23.772139],[90.41479,23.772525],[90.416102,23.771579],[90.416642,23.77242],[90.417368,23.772533],[90.417469,23.772603],[90.417931,23.772924],[90.418695,23.774038],[90.418943,23.774642],[90.41906,23.774929],[90.419786,23.776445],[90.420088,23.777899],[90.420377,23.778399],[90.420518,23.778643],[90.420739,23.779475],[90.420645,23.780449],[90.420639,23.780509],[90.420635,23.780554],[90.420557,23.781359],[90.420379,23.781735],[90.421132,23.783996],[90.421363,23.785121],[90.421733,23.786917],[90.421805,23.787722],[90.421768,23.788477],[90.421755,23.788743],[90.421749,23.788879],[90.421914,23.789121],[90.42227,23.790277],[90.422238,23.791045],[90.422018,23.792139],[90.42173,23.792841],[90.421579,23.79321],[90.421179,23.793749],[90.420238,23.795016],[90.419554,23.795717],[90.418683,23.796159],[90.418492,23.796255],[90.418269,23.796452],[90.417728,23.798009],[90.417473,23.799349],[90.417498,23.799949],[90.417517,23.800383],[90.41763,23.800747],[90.417788,23.801251],[90.417879,23.801937],[90.416985,23.803645],[90.416252,23.804475],[90.416195,23.805348],[90.415751,23.806291]]]},"properties":{"city_corp":"DNCC","ward_no":19,"zone":"Zone-3","dghs_ward_id":40319}},{"type":"Feature","geometry":{"type":"Polygon","coordinates":[[[90.409499,23.781548],[90.409638,23.781558],[90.409556,23.781738],[90.409412,23.781719],[90.409366,23.781819],[90.408592,23.782935],[90.40815,23.78351],[90.407579,23.783981],[90.406319,23.784695],[90.405247,23.785083],[90.404892,23.785288],[90.404614,23.785569],[90.40493,23.786],[90.404334,23.786225],[90.403522,23.786341],[90.403206,23.786004],[90.403026,23.785603],[90.40257,23.785358],[90.402493,23.785341],[90.402378,23.785128],[90.402347,23.785261],[90.402116,23.785589],[90.40189,23.786103],[90.401645,23.786624],[90.40171,23.786942],[90.400941,23.787064],[90.400903,23.786936],[90.400543,23.786991],[90.400503,23.786834],[90.400181,23.786884],[90.400088,23.786394],[90.399627,23.786453],[90.399528,23.785904],[90.399016,23.785972],[90.398928,23.785428],[90.398928,23.785428],[90.39822,23.781034],[90.398118,23.780401],[90.398035,23.779886],[90.397848,23.778867],[90.397701,23.778232],[90.397671,23.77802],[90.397654,23.777897],[90.397388,23.776209],[90.397148,23.774801],[90.397006,23.773892],[90.398306,23.773737],[90.398502,23.773645],[90.399073,23.77354],[90.399069,23.773477],[90.399922,23.773432],[90.400123,23.773165],[90.400412,23.773376],[90.401835,23.773863],[90.40207,23.773869],[90.402259,23.773768],[90.402346,23.773576],[90.402441,23.773506],[90.4034,23.773451],[90.404174,23.77332],[90.404938,23.772925],[90.405197,23.772841],[90.405342,23.772825],[90.405325,23.772733],[90.405467,23.772697],[90.405635,23.772627],[90.405631,23.772472],[90.405819,23.772423],[90.406214,23.772385],[90.406244,23.772553],[90.406779,23.77249],[90.407044,23.772563],[90.407327,23.772544],[90.407374,23.772519],[90.40748,23.772508],[90.40765,23.772529],[90.407706,23.772536],[90.408551,23.772392],[90.408841,23.772386],[90.408837,23.77235],[90.409688,23.772271],[90.41063,23.772195],[90.410791,23.7722],[90.410947,23.772404],[90.411628,23.772342],[90.411654,23.772568],[90.412274,23.77251],[90.41226,23.772293],[90.412553,23.772474],[90.412963,23.772434],[90.412978,23.772903],[90.412901,23.773209],[90.412981,23.773981],[90.413294,23.773974],[90.413431,23.774393],[90.41339,23.774616],[90.413383,23.775422],[90.413165,23.776004],[90.412906,23.776459],[90.412232,23.777479],[90.411978,23.777978],[90.411667,23.778589],[90.411556,23.778761],[90.41125,23.778691],[90.41108,23.77872],[90.410993,23.779064],[90.41074,23.779021],[90.410533,23.779662],[90.410932,23.779877],[90.410875,23.78023],[90.410826,23.780677],[90.410817,23.781147],[90.410043,23.780888],[90.409826,23.780775],[90.409499,23.781548]]]},"properties":{"city_corp":"DNCC","ward_no":20,"zone":"Zone-3","dghs_ward_id":40320}},{"type":"Feature","geometry":{"type":"Polygon","coordinates":[[[90.422614,23.768082],[90.423203,23.767864],[90.425022,23.771086],[90.425593,23.772324],[90.425784,23.775512],[90.425546,23.780128],[90.425593,23.783269],[90.42526,23.787933],[90.425016,23.788909],[90.424953,23.78927],[90.424348,23.789146],[90.424062,23.789032],[90.423948,23.788766],[90.4237,23.788537],[90.423372,23.788437],[90.423122,23.788687],[90.422658,23.788936],[90.421749,23.788879],[90.421755,23.788743],[90.421768,23.788477],[90.421805,23.787722],[90.421733,23.786917],[90.421363,23.785121],[90.421132,23.783996],[90.420379,23.781735],[90.420557,23.781359],[90.420635,23.780554],[90.420639,23.780509],[90.420645,23.780449],[90.420739,23.779475],[90.420518,23.778643],[90.420377,23.778399],[90.420088,23.777899],[90.419786,23.776445],[90.41906,23.774929],[90.418943,23.774642],[90.418695,23.774038],[90.417931,23.772924],[90.417469,23.772603],[90.417368,23.772533],[90.416642,23.77242],[90.416102,23.771579],[90.416206,23.771568],[90.416239,23.771334],[90.41651,23.770939],[90.416451,23.770545],[90.41638,23.769587],[90.416553,23.768879],[90.417165,23.768655],[90.417991,23.768449],[90.418565,23.768415],[90.419227,23.768229],[90.420207,23.768226],[90.420941,23.768276],[90.421331,23.768247],[90.421536,23.768232],[90.422614,23.768082]]]},"properties":{"city_corp":"DNCC","ward_no":21,"zone":"Zone-3","dghs_ward_id":40321}},{"type":"Feature","geometry":{"type":"Polygon","coordinates":[[[90.422614,23.768082],[90.421536,23.768232],[90.421331,23.768247],[90.420941,23.768276],[90.420207,23.768226],[90.419227,23.768229],[90.418565,23.768415],[90.417991,23.768449],[90.417165,23.768655],[90.416553,23.768879],[90.415841,23.768567],[90.415304,23.768147],[90.412844,23.765677],[90.412241,23.765126],[90.412136,23.76503],[90.411101,23.763696],[90.410482,23.763005],[90.411177,23.762501],[90.411855,23.762536],[90.412628,23.762602],[90.413176,23.762679],[90.413462,23.762572],[90.413533,23.762429],[90.413662,23.761768],[90.41364,23.761216],[90.413676,23.760787],[90.413711,23.760002],[90.413711,23.759253],[90.413818,23.759074],[90.414068,23.758824],[90.414645,23.758842],[90.41596,23.758789],[90.417209,23.759003],[90.41803,23.75911],[90.419208,23.759502],[90.420314,23.759717],[90.421135,23.760145],[90.421992,23.760252],[90.42242,23.760252],[90.42267,23.759966],[90.423027,23.759931],[90.423348,23.759645],[90.423991,23.760109],[90.424669,23.760538],[90.424776,23.760466],[90.425026,23.760288],[90.425347,23.760323],[90.426025,23.760395],[90.426739,23.760395],[90.427274,23.760216],[90.42781,23.759859],[90.428238,23.75961],[90.428641,23.758411],[90.429247,23.758725],[90.4297,23.759738],[90.430067,23.7606],[90.430213,23.760942],[90.430756,23.76082],[90.431202,23.76107],[90.431308,23.761053],[90.431316,23.76112],[90.431495,23.761207],[90.431668,23.761798],[90.432282,23.762306],[90.432567,23.762913],[90.433139,23.763305],[90.432759,23.763774],[90.428773,23.765023],[90.425799,23.766748],[90.423203,23.767864],[90.422614,23.768082]]]},"properties":{"city_corp":"DNCC","ward_no":22,"zone":"Zone-3","dghs_ward_id":40322}},{"type":"Feature","geometry":{"type":"Polygon","coordinates":[[[90.412713,23.749636],[90.415978,23.749196],[90.416015,23.749433],[90.416142,23.750223],[90.416291,23.750874],[90.416474,23.751454],[90.416698,23.751778],[90.417037,23.752002],[90.417316,23.752132],[90.417822,23.752263],[90.418527,23.752347],[90.419876,23.752328],[90.420438,23.752259],[90.421633,23.752015],[90.42352,23.751418],[90.423911,23.751269],[90.424349,23.751017],[90.424974,23.750547],[90.425078,23.750998],[90.425401,23.750982],[90.425405,23.751139],[90.425663,23.751161],[90.425677,23.751295],[90.425734,23.75134],[90.425726,23.751466],[90.425753,23.751587],[90.425793,23.751643],[90.42577,23.751916],[90.425732,23.75199],[90.425712,23.752186],[90.425724,23.752216],[90.4257,23.752477],[90.425955,23.75324],[90.426036,23.753319],[90.426027,23.753424],[90.426024,23.753494],[90.425975,23.753596],[90.425781,23.753674],[90.425655,23.753668],[90.425609,23.754394],[90.425791,23.75453],[90.425822,23.754591],[90.425804,23.754679],[90.425738,23.754712],[90.425714,23.754749],[90.425693,23.754812],[90.425743,23.754891],[90.425752,23.75501],[90.425676,23.755165],[90.425533,23.755303],[90.425496,23.755428],[90.425475,23.755563],[90.425476,23.755642],[90.425422,23.755785],[90.425525,23.75583],[90.425581,23.755924],[90.425769,23.755838],[90.426025,23.755699],[90.42634,23.755553],[90.426594,23.75539],[90.42684,23.755483],[90.427107,23.756168],[90.427252,23.757743],[90.427909,23.758104],[90.428641,23.758411],[90.428238,23.75961],[90.42781,23.759859],[90.427274,23.760216],[90.426739,23.760395],[90.426025,23.760395],[90.425347,23.760323],[90.425026,23.760288],[90.424776,23.760466],[90.424669,23.760538],[90.423991,23.760109],[90.423348,23.759645],[90.423027,23.759931],[90.42267,23.759966],[90.42242,23.760252],[90.421992,23.760252],[90.421135,23.760145],[90.420314,23.759717],[90.419208,23.759502],[90.41803,23.75911],[90.417832,23.758492],[90.415558,23.754488],[90.415022,23.753546],[90.414083,23.75197],[90.412917,23.750012],[90.412713,23.749636]]]},"properties":{"city_corp":"DNCC","ward_no":23,"zone":"Zone-3","dghs_ward_id":40323}},{"type":"Feature","geometry":{"type":"Polygon","coordinates":[[[90.400123,23.773165],[90.400808,23.772249],[90.401021,23.771752],[90.401102,23.771389],[90.400862,23.769746],[90.400612,23.76789],[90.40047,23.766605],[90.400041,23.766605],[90.39715,23.766926],[90.396508,23.767033],[90.396472,23.766498],[90.395953,23.766467],[90.395824,23.766482],[90.395766,23.766095],[90.395516,23.764416],[90.395263,23.763034],[90.39521,23.762743],[90.394271,23.757551],[90.393843,23.757456],[90.393105,23.757575],[90.392891,23.757194],[90.392701,23.75679],[90.392701,23.7561],[90.392606,23.755576],[90.393224,23.75541],[90.393581,23.755053],[90.393795,23.75441],[90.394033,23.753649],[90.394833,23.752975],[90.395153,23.752638],[90.395842,23.75215],[90.396345,23.751943],[90.396735,23.751836],[90.397419,23.751714],[90.397989,23.751636],[90.398684,23.751541],[90.399511,23.751892],[90.400033,23.752168],[90.400512,23.752301],[90.400562,23.752493],[90.401008,23.752915],[90.401844,23.753353],[90.40221,23.753625],[90.402381,23.753943],[90.402704,23.754441],[90.403501,23.75547],[90.403627,23.755633],[90.404234,23.756333],[90.404693,23.756934],[90.405401,23.757886],[90.40579,23.758376],[90.406153,23.758757],[90.406632,23.759071],[90.406992,23.759359],[90.407594,23.759927],[90.408802,23.76114],[90.409016,23.761376],[90.409659,23.762086],[90.411101,23.763696],[90.412136,23.76503],[90.412241,23.765126],[90.412844,23.765677],[90.415304,23.768147],[90.415841,23.768567],[90.416553,23.768879],[90.41638,23.769587],[90.416451,23.770545],[90.41651,23.770939],[90.416239,23.771334],[90.416206,23.771568],[90.416102,23.771579],[90.41479,23.772525],[90.413793,23.772139],[90.413601,23.772014],[90.413411,23.771939],[90.413392,23.772408],[90.412963,23.772434],[90.412553,23.772474],[90.41226,23.772293],[90.412274,23.77251],[90.411654,23.772568],[90.411628,23.772342],[90.410947,23.772404],[90.410791,23.7722],[90.41063,23.772195],[90.409688,23.772271],[90.408837,23.77235],[90.408841,23.772386],[90.408551,23.772392],[90.407706,23.772536],[90.40765,23.772529],[90.40748,23.772508],[90.407374,23.772519],[90.407327,23.772544],[90.407044,23.772563],[90.406779,23.77249],[90.406244,23.772553],[90.406214,23.772385],[90.405819,23.772423],[90.405631,23.772472],[90.405635,23.772627],[90.405467,23.772697],[90.405325,23.772733],[90.405342,23.772825],[90.405197,23.772841],[90.404938,23.772925],[90.404174,23.77332],[90.4034,23.773451],[90.402441,23.773506],[90.402346,23.773576],[90.402259,23.773768],[90.40207,23.773869],[90.401835,23.773863],[90.400412,23.773376],[90.400123,23.773165]]]},"properties":{"city_corp":"DNCC","ward_no":24,"zone":"Zone-3","dghs_ward_id":40324}},{"type":"Feature","geometry":{"type":"Polygon","coordinates":[[[90.395824,23.766482],[90.395953,23.766467],[90.396472,23.766498],[90.396508,23.767033],[90.39715,23.766926],[90.400041,23.766605],[90.40047,23.766605],[90.400612,23.76789],[90.400862,23.769746],[90.401102,23.771389],[90.401021,23.771752],[90.400808,23.772249],[90.400123,23.773165],[90.399922,23.773432],[90.399069,23.773477],[90.399073,23.77354],[90.398502,23.773645],[90.398306,23.773737],[90.397006,23.773892],[90.397148,23.774801],[90.397388,23.776209],[90.397654,23.777897],[90.397671,23.77802],[90.397441,23.778027],[90.397146,23.777964],[90.396168,23.777492],[90.395985,23.777339],[90.394366,23.776427],[90.394108,23.776401],[90.393195,23.775835],[90.392838,23.775705],[90.392699,23.775679],[90.392259,23.775604],[90.391432,23.775461],[90.389756,23.775084],[90.389941,23.773389],[90.389133,23.767336],[90.389869,23.767176],[90.390119,23.766998],[90.390547,23.766819],[90.390976,23.766712],[90.392332,23.766926],[90.39351,23.767105],[90.393867,23.76739],[90.394331,23.767569],[90.394545,23.767462],[90.394866,23.766926],[90.395223,23.766677],[90.395824,23.766482]]]},"properties":{"city_corp":"DNCC","ward_no":25,"zone":"Zone-3","dghs_ward_id":40325}},{"type":"Feature","geometry":{"type":"Polygon","coordinates":[[[90.395824,23.766482],[90.395223,23.766677],[90.394866,23.766926],[90.394545,23.767462],[90.394331,23.767569],[90.393867,23.76739],[90.39351,23.767105],[90.392332,23.766926],[90.390976,23.766712],[90.390547,23.766819],[90.390119,23.766998],[90.389869,23.767176],[90.389133,23.767336],[90.389067,23.766846],[90.389021,23.765447],[90.389008,23.765038],[90.388998,23.764303],[90.389149,23.762831],[90.389189,23.761802],[90.389315,23.761026],[90.389508,23.760188],[90.389765,23.759069],[90.390018,23.758316],[90.390083,23.758124],[90.39014,23.757952],[90.390232,23.757705],[90.389901,23.756943],[90.389506,23.755979],[90.388618,23.754147],[90.387202,23.751198],[90.38711,23.750964],[90.389073,23.750604],[90.389151,23.75059],[90.39265,23.749921],[90.393206,23.749834],[90.393399,23.749538],[90.393828,23.748566],[90.394011,23.747993],[90.394146,23.747984],[90.394111,23.74812],[90.394455,23.748128],[90.394473,23.748076],[90.394721,23.748189],[90.395229,23.748384],[90.395931,23.748607],[90.396222,23.748681],[90.396321,23.748782],[90.396365,23.74929],[90.396383,23.749506],[90.396487,23.74976],[90.396597,23.749949],[90.39695,23.750408],[90.397177,23.750776],[90.397217,23.750994],[90.39732,23.751079],[90.397529,23.751085],[90.398164,23.751363],[90.398558,23.751408],[90.3986,23.751506],[90.398684,23.751541],[90.397989,23.751636],[90.397419,23.751714],[90.396735,23.751836],[90.396345,23.751943],[90.395842,23.75215],[90.395153,23.752638],[90.394833,23.752975],[90.394033,23.753649],[90.393795,23.75441],[90.393581,23.755053],[90.393224,23.75541],[90.392606,23.755576],[90.392701,23.7561],[90.392701,23.75679],[90.392891,23.757194],[90.393105,23.757575],[90.393843,23.757456],[90.394271,23.757551],[90.39521,23.762743],[90.395263,23.763034],[90.395516,23.764416],[90.395766,23.766095],[90.395824,23.766482]]]},"properties":{"city_corp":"DNCC","ward_no":26,"zone":"Zone-5","dghs_ward_id":40526}},{"type":"Feature","geometry":{"type":"Polygon","coordinates":[[[90.383154,23.766378],[90.383014,23.76834],[90.382626,23.769651],[90.382416,23.770849],[90.382005,23.772068],[90.380617,23.776715],[90.377811,23.776103],[90.375757,23.775497],[90.374276,23.775059],[90.373102,23.774748],[90.371998,23.774456],[90.368945,23.773726],[90.367143,23.773296],[90.368235,23.770525],[90.368695,23.769355],[90.369197,23.768082],[90.369245,23.767958],[90.369258,23.767926],[90.370757,23.764126],[90.37247,23.760935],[90.373075,23.759937],[90.374156,23.758152],[90.379397,23.75839],[90.379668,23.756739],[90.380189,23.756743],[90.380218,23.75662],[90.380307,23.756593],[90.380307,23.756517],[90.380651,23.756444],[90.380628,23.756282],[90.380663,23.756272],[90.380727,23.756234],[90.38087,23.756188],[90.380995,23.756132],[90.381117,23.756048],[90.381189,23.756023],[90.381167,23.755952],[90.381228,23.755931],[90.381319,23.75592],[90.381437,23.755883],[90.381308,23.755642],[90.381136,23.755273],[90.381013,23.754929],[90.380665,23.755019],[90.380558,23.754663],[90.380627,23.754648],[90.380582,23.754487],[90.380572,23.75437],[90.380902,23.754298],[90.380891,23.754242],[90.380859,23.753902],[90.380827,23.753686],[90.380609,23.753708],[90.380587,23.753546],[90.380554,23.753135],[90.380531,23.753007],[90.380517,23.752952],[90.380588,23.752952],[90.38066,23.752978],[90.380701,23.753029],[90.380754,23.753191],[90.380835,23.753173],[90.381127,23.753158],[90.381156,23.753171],[90.381374,23.753152],[90.381374,23.753114],[90.381402,23.753092],[90.381588,23.753095],[90.381753,23.753099],[90.382003,23.753141],[90.382005,23.753172],[90.382233,23.75317],[90.382248,23.753076],[90.382276,23.75292],[90.382302,23.752899],[90.382345,23.752888],[90.382488,23.75291],[90.382524,23.752924],[90.382766,23.753026],[90.382825,23.753046],[90.382971,23.753058],[90.383122,23.753056],[90.383238,23.752921],[90.383313,23.75286],[90.383331,23.752771],[90.384248,23.752655],[90.3844,23.752613],[90.384652,23.752545],[90.385043,23.752303],[90.3856,23.751727],[90.386612,23.751165],[90.38711,23.750964],[90.387202,23.751198],[90.388618,23.754147],[90.389506,23.755979],[90.389901,23.756943],[90.390232,23.757705],[90.39014,23.757952],[90.390083,23.758124],[90.390018,23.758316],[90.389765,23.759069],[90.389508,23.760188],[90.389315,23.761026],[90.389189,23.761802],[90.389149,23.762831],[90.388998,23.764303],[90.388172,23.764364],[90.384081,23.765024],[90.38324,23.764995],[90.383154,23.766378]]]},"properties":{"city_corp":"DNCC","ward_no":27,"zone":"Zone-5","dghs_ward_id":40527}},{"type":"Feature","geometry":{"type":"Polygon","coordinates":[[[90.37221,23.783021],[90.372139,23.783378],[90.372139,23.78364],[90.37221,23.78383],[90.372495,23.784354],[90.372543,23.784687],[90.371805,23.784749],[90.370606,23.784064],[90.370149,23.783778],[90.369407,23.783435],[90.368607,23.783493],[90.367237,23.783493],[90.366152,23.783264],[90.365295,23.782299],[90.365276,23.782204],[90.365114,23.781861],[90.365009,23.781576],[90.364933,23.781243],[90.364714,23.780767],[90.364561,23.780509],[90.364704,23.779958],[90.364241,23.779289],[90.363726,23.77868],[90.363422,23.778336],[90.362442,23.777604],[90.36217,23.77725],[90.363406,23.776463],[90.365549,23.774884],[90.366582,23.773897],[90.367143,23.773296],[90.368945,23.773726],[90.371998,23.774456],[90.373102,23.774748],[90.374276,23.775059],[90.375757,23.775497],[90.377811,23.776103],[90.380617,23.776715],[90.379182,23.781518],[90.378715,23.783493],[90.378507,23.784072],[90.377326,23.783878],[90.376136,23.783664],[90.374716,23.783216],[90.373981,23.783162],[90.372975,23.783033],[90.372849,23.782955],[90.372639,23.78265],[90.37221,23.783021]]]},"properties":{"city_corp":"DNCC","ward_no":28,"zone":"Zone-5","dghs_ward_id":40528}},{"type":"Feature","geometry":{"type":"Polygon","coordinates":[[[90.362283,23.773677],[90.36171,23.77349],[90.361121,23.773354],[90.360649,23.772643],[90.359923,23.771549],[90.359198,23.770537],[90.358851,23.769875],[90.358698,23.769449],[90.358622,23.769094],[90.358561,23.768588],[90.358531,23.768331],[90.358532,23.76765],[90.358591,23.766673],[90.358639,23.76587],[90.358668,23.765679],[90.3587,23.765158],[90.358865,23.762455],[90.358848,23.762319],[90.359078,23.762383],[90.359252,23.762432],[90.359958,23.762615],[90.360389,23.762729],[90.36076,23.762833],[90.360908,23.762875],[90.361663,23.763087],[90.361987,23.76318],[90.362561,23.763345],[90.362791,23.763411],[90.363304,23.763558],[90.363843,23.763713],[90.363969,23.763749],[90.364119,23.763793],[90.364187,23.763813],[90.364542,23.763916],[90.365534,23.764207],[90.365262,23.764973],[90.365083,23.765475],[90.364865,23.766088],[90.364785,23.766312],[90.364709,23.766527],[90.364703,23.766543],[90.364597,23.766809],[90.364445,23.76719],[90.364761,23.767285],[90.364601,23.767705],[90.36445,23.768058],[90.364429,23.768135],[90.364311,23.76842],[90.364266,23.768529],[90.364247,23.768521],[90.364173,23.768707],[90.364207,23.768724],[90.364031,23.769192],[90.363529,23.770521],[90.363816,23.770606],[90.363919,23.770929],[90.364473,23.771103],[90.364195,23.771814],[90.364489,23.771917],[90.364401,23.772178],[90.363656,23.771957],[90.3636,23.771985],[90.363458,23.772488],[90.363531,23.772514],[90.363481,23.772647],[90.363345,23.77261],[90.363215,23.772946],[90.36252,23.772762],[90.362283,23.773677]]]},"properties":{"city_corp":"DNCC","ward_no":29,"zone":"Zone-5","dghs_ward_id":40529}},{"type":"Feature","geometry":{"type":"Polygon","coordinates":[[[90.35909,23.776979],[90.358897,23.77686],[90.35842,23.776752],[90.358013,23.776617],[90.356749,23.776226],[90.355676,23.776193],[90.354899,23.776051],[90.354163,23.775916],[90.353463,23.776144],[90.353158,23.776319],[90.352921,23.776748],[90.352471,23.777465],[90.352385,23.777808],[90.352242,23.77795],[90.352099,23.777865],[90.351514,23.777622],[90.350743,23.777179],[90.350786,23.77688],[90.350772,23.776523],[90.35052,23.776105],[90.350383,23.775957],[90.349948,23.775839],[90.349264,23.776089],[90.348884,23.77557],[90.347882,23.774581],[90.34751,23.774379],[90.34738,23.774308],[90.346615,23.774255],[90.346284,23.774131],[90.346117,23.773856],[90.346089,23.772923],[90.344638,23.772456],[90.344443,23.772393],[90.344349,23.772575],[90.344182,23.772575],[90.344044,23.772456],[90.34383,23.772364],[90.343668,23.77229],[90.343125,23.772366],[90.34274,23.772414],[90.342543,23.772382],[90.342012,23.772328],[90.342611,23.771923],[90.342883,23.771747],[90.343158,23.771542],[90.343201,23.771509],[90.34338,23.771379],[90.343879,23.770797],[90.344276,23.770156],[90.344274,23.770126],[90.344241,23.769555],[90.344184,23.768579],[90.344179,23.768484],[90.344312,23.768381],[90.344529,23.768517],[90.344611,23.768474],[90.344715,23.768396],[90.344822,23.768349],[90.344997,23.768335],[90.345165,23.768349],[90.34558,23.768393],[90.345562,23.768427],[90.345487,23.76866],[90.345439,23.768807],[90.345343,23.769669],[90.34531,23.769785],[90.345679,23.769848],[90.345807,23.769913],[90.345882,23.76992],[90.346007,23.769845],[90.346164,23.769802],[90.346342,23.769766],[90.346432,23.769648],[90.346557,23.769623],[90.346749,23.769652],[90.346978,23.769602],[90.347185,23.769584],[90.347231,23.769474],[90.34727,23.769341],[90.347299,23.769213],[90.347324,23.769124],[90.347363,23.769049],[90.347427,23.768999],[90.347502,23.768942],[90.347624,23.768902],[90.347667,23.768895],[90.347891,23.768892],[90.348127,23.768895],[90.348355,23.768881],[90.348463,23.76886],[90.34858,23.768788],[90.348655,23.768713],[90.348752,23.768571],[90.34893,23.768314],[90.348994,23.768242],[90.349059,23.768189],[90.349123,23.768153],[90.349241,23.768153],[90.349458,23.768131],[90.349651,23.768117],[90.349744,23.768089],[90.349812,23.768024],[90.349858,23.767885],[90.349912,23.767785],[90.349908,23.767685],[90.349915,23.767575],[90.349926,23.767521],[90.349915,23.767496],[90.349833,23.767439],[90.349783,23.767425],[90.349701,23.767411],[90.349576,23.76745],[90.349283,23.767582],[90.349144,23.767643],[90.349037,23.767664],[90.348941,23.767664],[90.348844,23.76765],[90.348766,23.767614],[90.348705,23.76756],[90.348673,23.767493],[90.348652,23.767457],[90.34863,23.767325],[90.348627,23.767256],[90.348626,23.767232],[90.348612,23.767025],[90.348605,23.766922],[90.348638,23.766813],[90.348716,23.766679],[90.348819,23.766615],[90.348912,23.766565],[90.349068,23.766447],[90.349162,23.76634],[90.349239,23.766236],[90.349302,23.766156],[90.349302,23.766156],[90.349316,23.766138],[90.349337,23.766111],[90.349426,23.766026],[90.349533,23.765983],[90.349634,23.7659],[90.349641,23.765863],[90.349683,23.765626],[90.34971,23.765429],[90.349785,23.765254],[90.349825,23.76516],[90.349881,23.765071],[90.349979,23.765044],[90.350133,23.765055],[90.350404,23.765098],[90.351007,23.765283],[90.351164,23.765312],[90.351379,23.765319],[90.351644,23.765279],[90.351803,23.765341],[90.352167,23.765483],[90.352332,23.765583],[90.352431,23.765772],[90.352667,23.765837],[90.352949,23.765872],[90.353174,23.765826],[90.353252,23.765797],[90.353515,23.765831],[90.353526,23.765836],[90.353576,23.765858],[90.353584,23.76586],[90.35402,23.766044],[90.354212,23.766093],[90.354797,23.766078],[90.355108,23.766073],[90.355119,23.766073],[90.355206,23.76609],[90.355474,23.766143],[90.355597,23.766167],[90.355868,23.766223],[90.35592,23.766226],[90.356736,23.766264],[90.356778,23.766266],[90.356943,23.766273],[90.358003,23.76634],[90.358105,23.765997],[90.358289,23.766015],[90.358488,23.765994],[90.358633,23.765976],[90.358615,23.76627],[90.358591,23.766673],[90.358532,23.76765],[90.358531,23.768331],[90.358561,23.768588],[90.358622,23.769094],[90.358698,23.769449],[90.358851,23.769875],[90.359198,23.770537],[90.359923,23.771549],[90.360649,23.772643],[90.361121,23.773354],[90.36171,23.77349],[90.362283,23.773677],[90.362679,23.773806],[90.363508,23.774252],[90.364664,23.774536],[90.365431,23.774725],[90.365549,23.774884],[90.363406,23.776463],[90.36217,23.77725],[90.361991,23.77704],[90.361851,23.777002],[90.361731,23.777006],[90.361479,23.777168],[90.361307,23.777165],[90.361223,23.777194],[90.360967,23.777117],[90.360349,23.776893],[90.359665,23.776885],[90.359606,23.776885],[90.359332,23.777008],[90.359197,23.776992],[90.35909,23.776979]]]},"properties":{"city_corp":"DNCC","ward_no":30,"zone":"Zone-5","dghs_ward_id":40530}},{"type":"Feature","geometry":{"type":"Polygon","coordinates":[[[90.364774,23.75427],[90.364898,23.754663],[90.365641,23.755109],[90.365909,23.755198],[90.365939,23.755763],[90.365968,23.75615],[90.366385,23.756328],[90.366236,23.756648],[90.366117,23.757072],[90.367188,23.757339],[90.366772,23.758797],[90.366325,23.759808],[90.365612,23.75963],[90.364749,23.762158],[90.366302,23.762632],[90.366248,23.762803],[90.365994,23.762898],[90.365921,23.763058],[90.365534,23.764207],[90.364542,23.763916],[90.364187,23.763813],[90.364119,23.763793],[90.363969,23.763749],[90.363843,23.763713],[90.363304,23.763558],[90.362791,23.763411],[90.362561,23.763345],[90.361987,23.76318],[90.361663,23.763087],[90.360908,23.762875],[90.36076,23.762833],[90.360389,23.762729],[90.359958,23.762615],[90.359252,23.762432],[90.359078,23.762383],[90.358848,23.762319],[90.358835,23.762221],[90.358919,23.760819],[90.359157,23.759659],[90.359722,23.758351],[90.361071,23.757301],[90.361106,23.757263],[90.3613,23.757123],[90.361579,23.756952],[90.362662,23.756059],[90.363991,23.754922],[90.364774,23.75427]]]},"properties":{"city_corp":"DNCC","ward_no":31,"zone":"Zone-5","dghs_ward_id":40531}},{"type":"Feature","geometry":{"type":"Polygon","coordinates":[[[90.367143,23.773296],[90.366582,23.773897],[90.365549,23.774884],[90.365431,23.774725],[90.364664,23.774536],[90.363508,23.774252],[90.362679,23.773806],[90.362283,23.773677],[90.36252,23.772762],[90.363215,23.772946],[90.363345,23.77261],[90.363481,23.772647],[90.363531,23.772514],[90.363458,23.772488],[90.3636,23.771985],[90.363656,23.771957],[90.364401,23.772178],[90.364489,23.771917],[90.364195,23.771814],[90.364473,23.771103],[90.363919,23.770929],[90.363816,23.770606],[90.363529,23.770521],[90.364031,23.769192],[90.364207,23.768724],[90.364173,23.768707],[90.364247,23.768521],[90.364266,23.768529],[90.364311,23.76842],[90.364429,23.768135],[90.36445,23.768058],[90.364601,23.767705],[90.364761,23.767285],[90.364445,23.76719],[90.364597,23.766809],[90.364703,23.766543],[90.364709,23.766527],[90.364785,23.766312],[90.364865,23.766088],[90.365083,23.765475],[90.365262,23.764973],[90.365534,23.764207],[90.365921,23.763058],[90.365994,23.762898],[90.366248,23.762803],[90.366302,23.762632],[90.364749,23.762158],[90.365612,23.75963],[90.366325,23.759808],[90.366772,23.758797],[90.367188,23.757339],[90.366117,23.757072],[90.366236,23.756648],[90.366385,23.756328],[90.365968,23.75615],[90.365939,23.755763],[90.365909,23.755198],[90.365641,23.755109],[90.364898,23.754663],[90.364774,23.75427],[90.365069,23.754024],[90.367283,23.752111],[90.367773,23.752438],[90.369781,23.753603],[90.369824,23.753642],[90.369864,23.753679],[90.37092,23.754282],[90.371439,23.754616],[90.374971,23.756801],[90.374191,23.758095],[90.374156,23.758152],[90.373075,23.759937],[90.37247,23.760935],[90.370757,23.764126],[90.369258,23.767926],[90.369245,23.767958],[90.369197,23.768082],[90.368695,23.769355],[90.368235,23.770525],[90.367143,23.773296]]]},"properties":{"city_corp":"DNCC","ward_no":32,"zone":"Zone-5","dghs_ward_id":40532}},{"type":"Feature","geometry":{"type":"Polygon","coordinates":[[[90.364774,23.75427],[90.363991,23.754922],[90.362662,23.756059],[90.361579,23.756952],[90.3613,23.757123],[90.361106,23.757263],[90.361071,23.757301],[90.359722,23.758351],[90.359157,23.759659],[90.358919,23.760819],[90.358835,23.762221],[90.358848,23.762319],[90.358865,23.762455],[90.3587,23.765158],[90.358668,23.765679],[90.358646,23.765826],[90.358633,23.765976],[90.358488,23.765994],[90.358289,23.766015],[90.358105,23.765997],[90.358003,23.76634],[90.356943,23.766273],[90.355868,23.766223],[90.355597,23.766167],[90.355119,23.766073],[90.354797,23.766078],[90.354212,23.766093],[90.35402,23.766044],[90.353584,23.76586],[90.353515,23.765831],[90.353252,23.765797],[90.353174,23.765826],[90.352949,23.765872],[90.352667,23.765837],[90.352431,23.765772],[90.352332,23.765583],[90.352167,23.765483],[90.351644,23.765279],[90.351379,23.765319],[90.351164,23.765312],[90.351007,23.765283],[90.350404,23.765098],[90.350133,23.765055],[90.349979,23.765044],[90.349881,23.765071],[90.349825,23.76516],[90.34971,23.765429],[90.349683,23.765626],[90.349634,23.7659],[90.349533,23.765983],[90.349426,23.766026],[90.349337,23.766111],[90.349239,23.766236],[90.349162,23.76634],[90.349068,23.766447],[90.348912,23.766565],[90.348819,23.766615],[90.348716,23.766679],[90.348638,23.766813],[90.348605,23.766922],[90.348612,23.767025],[90.348626,23.767232],[90.34863,23.767325],[90.348652,23.767457],[90.348673,23.767493],[90.348705,23.76756],[90.348766,23.767614],[90.348844,23.76765],[90.348941,23.767664],[90.349037,23.767664],[90.349144,23.767643],[90.349283,23.767582],[90.349576,23.76745],[90.349701,23.767411],[90.349783,23.767425],[90.349833,23.767439],[90.349915,23.767496],[90.349926,23.767521],[90.349915,23.767575],[90.349908,23.767685],[90.349912,23.767785],[90.349858,23.767885],[90.349812,23.768024],[90.349744,23.768089],[90.349651,23.768117],[90.349458,23.768131],[90.349241,23.768153],[90.349123,23.768153],[90.349059,23.768189],[90.348994,23.768242],[90.34893,23.768314],[90.348752,23.768571],[90.348655,23.768713],[90.34858,23.768788],[90.348463,23.76886],[90.348355,23.768881],[90.348127,23.768895],[90.347891,23.768892],[90.347667,23.768895],[90.347624,23.768902],[90.347502,23.768942],[90.347427,23.768999],[90.347363,23.769049],[90.347324,23.769124],[90.347299,23.769213],[90.34727,23.769341],[90.347231,23.769474],[90.347185,23.769584],[90.346978,23.769602],[90.346749,23.769652],[90.346557,23.769623],[90.346432,23.769648],[90.346342,23.769766],[90.346164,23.769802],[90.346007,23.769845],[90.345882,23.76992],[90.345807,23.769913],[90.345679,23.769848],[90.34531,23.769785],[90.345343,23.769669],[90.345439,23.768807],[90.345562,23.768427],[90.34558,23.768393],[90.345165,23.768349],[90.344997,23.768335],[90.344822,23.768349],[90.344715,23.768396],[90.344611,23.768474],[90.344529,23.768517],[90.344312,23.768381],[90.344179,23.768484],[90.343945,23.76829],[90.343068,23.767561],[90.342953,23.767411],[90.342554,23.767154],[90.341733,23.766683],[90.34079,23.766205],[90.340476,23.765998],[90.340291,23.765798],[90.339713,23.765034],[90.339555,23.764998],[90.339555,23.764863],[90.339463,23.764641],[90.339356,23.764449],[90.339227,23.764335],[90.33922,23.764242],[90.339163,23.764078],[90.338977,23.763571],[90.338892,23.763221],[90.33877,23.763014],[90.338656,23.762957],[90.338642,23.762828],[90.338635,23.762564],[90.338499,23.762364],[90.338285,23.762172],[90.338363,23.762072],[90.338371,23.762022],[90.338278,23.761829],[90.338228,23.761786],[90.338149,23.7617],[90.338142,23.761586],[90.338092,23.761315],[90.338021,23.761122],[90.337885,23.760922],[90.337807,23.760794],[90.337707,23.760601],[90.337692,23.760366],[90.337714,23.760237],[90.336879,23.759088],[90.336145,23.758422],[90.335151,23.757417],[90.334107,23.7563],[90.333538,23.755426],[90.333145,23.754826],[90.332981,23.754676],[90.332288,23.753892],[90.331861,23.753453],[90.331609,23.753015],[90.331424,23.752992],[90.331343,23.752744],[90.330947,23.75251],[90.330705,23.752411],[90.330691,23.752359],[90.330566,23.752303],[90.330429,23.752254],[90.330418,23.752241],[90.330342,23.752153],[90.330312,23.752089],[90.330321,23.752019],[90.330326,23.751985],[90.330444,23.751899],[90.33051,23.751891],[90.330681,23.751873],[90.33071,23.751796],[90.330586,23.751672],[90.330253,23.751548],[90.33004,23.75149],[90.329941,23.751393],[90.329888,23.751303],[90.329825,23.751092],[90.329793,23.750876],[90.329799,23.750504],[90.329947,23.75023],[90.330136,23.750178],[90.330535,23.749959],[90.330889,23.750195],[90.331215,23.750249],[90.331637,23.750155],[90.332089,23.749893],[90.33221,23.749742],[90.332268,23.749611],[90.332287,23.74948],[90.332355,23.74944],[90.332386,23.749384],[90.332715,23.749344],[90.33312,23.749255],[90.333552,23.749196],[90.334127,23.749138],[90.335474,23.749202],[90.335981,23.749262],[90.33679,23.749371],[90.337094,23.749488],[90.337111,23.749868],[90.337173,23.749883],[90.337317,23.750062],[90.337301,23.750166],[90.337492,23.750378],[90.337661,23.750347],[90.337705,23.750304],[90.337744,23.750266],[90.337914,23.750242],[90.338157,23.750209],[90.338413,23.750216],[90.338431,23.750249],[90.338605,23.75024],[90.338846,23.750047],[90.338882,23.749977],[90.338955,23.749833],[90.339012,23.749776],[90.339088,23.749687],[90.3392,23.749623],[90.339445,23.74955],[90.339531,23.749585],[90.339693,23.749519],[90.339738,23.74945],[90.339795,23.749459],[90.340066,23.749369],[90.340564,23.7491],[90.340671,23.749007],[90.341073,23.748969],[90.341378,23.748833],[90.341634,23.748702],[90.341717,23.748554],[90.342294,23.748254],[90.342564,23.748108],[90.342883,23.747915],[90.343052,23.747843],[90.343147,23.747748],[90.343195,23.747623],[90.343287,23.747519],[90.343409,23.747281],[90.343455,23.747155],[90.343802,23.746904],[90.344224,23.746502],[90.3447,23.74591],[90.344973,23.745738],[90.345063,23.745675],[90.345084,23.745574],[90.345333,23.745332],[90.345821,23.744851],[90.346157,23.744405],[90.346489,23.74412],[90.347051,23.744656],[90.347459,23.745027],[90.347367,23.745233],[90.347456,23.745263],[90.34704,23.746713],[90.347382,23.746846],[90.348107,23.746966],[90.348573,23.747135],[90.348503,23.74738],[90.349257,23.747581],[90.35021,23.747713],[90.350417,23.74698],[90.350222,23.746938],[90.350398,23.746286],[90.350589,23.745897],[90.35069,23.745936],[90.350764,23.74598],[90.351109,23.746092],[90.351187,23.746128],[90.351299,23.746146],[90.351429,23.746189],[90.351648,23.745947],[90.351768,23.745899],[90.35182,23.745858],[90.351995,23.745788],[90.352061,23.745773],[90.351981,23.745676],[90.351985,23.745523],[90.352259,23.745524],[90.352472,23.74543],[90.353012,23.745366],[90.353833,23.746691],[90.352465,23.747346],[90.353595,23.749398],[90.354577,23.752134],[90.355023,23.753562],[90.35538,23.753711],[90.356361,23.75374],[90.357232,23.753742],[90.357468,23.753761],[90.357689,23.753698],[90.357769,23.753693],[90.357969,23.753597],[90.359227,23.753021],[90.360744,23.752456],[90.361606,23.752248],[90.362141,23.752367],[90.362826,23.752694],[90.363748,23.753318],[90.364774,23.75427]],[[90.358499,23.765676],[90.358492,23.765676],[90.358494,23.765678],[90.358499,23.765676]]]},"properties":{"city_corp":"DNCC","ward_no":33,"zone":"Zone-5","dghs_ward_id":40533}},{"type":"Feature","geometry":{"type":"Polygon","coordinates":[[[90.367283,23.752111],[90.365069,23.754024],[90.364774,23.75427],[90.363748,23.753318],[90.362826,23.752694],[90.362141,23.752367],[90.361606,23.752248],[90.360744,23.752456],[90.359227,23.753021],[90.357969,23.753597],[90.357769,23.753693],[90.357689,23.753698],[90.357468,23.753761],[90.357232,23.753742],[90.356361,23.75374],[90.35538,23.753711],[90.355023,23.753562],[90.354577,23.752134],[90.353595,23.749398],[90.352465,23.747346],[90.353833,23.746691],[90.353012,23.745366],[90.353018,23.744578],[90.352936,23.743867],[90.352741,23.743828],[90.35276,23.743553],[90.352427,23.743444],[90.352426,23.743206],[90.35338,23.742935],[90.353999,23.743047],[90.355214,23.743861],[90.355888,23.74387],[90.356809,23.743754],[90.357007,23.743884],[90.357333,23.743663],[90.357629,23.743905],[90.357752,23.743943],[90.357996,23.743264],[90.358109,23.743041],[90.358231,23.742595],[90.358671,23.74256],[90.360045,23.74263],[90.359901,23.743164],[90.360052,23.743189],[90.360379,23.743174],[90.360484,23.743197],[90.360807,23.743057],[90.36109,23.742863],[90.36125,23.742559],[90.361551,23.742562],[90.361609,23.742598],[90.361683,23.742602],[90.361789,23.742579],[90.362018,23.742585],[90.362162,23.742616],[90.362402,23.742735],[90.362583,23.742756],[90.362666,23.742813],[90.362742,23.742838],[90.362819,23.742813],[90.36297,23.742825],[90.363102,23.742785],[90.363289,23.742772],[90.36336,23.742767],[90.363367,23.74288],[90.363413,23.742941],[90.363434,23.7431],[90.36341,23.743099],[90.363425,23.743226],[90.363473,23.743491],[90.363985,23.743495],[90.363997,23.743555],[90.363985,23.743618],[90.36392,23.743814],[90.363934,23.743921],[90.363974,23.744081],[90.36425,23.744102],[90.364274,23.74415],[90.364285,23.744267],[90.364285,23.744383],[90.364469,23.744388],[90.364741,23.744419],[90.364802,23.744447],[90.364801,23.744618],[90.364985,23.744642],[90.365188,23.744646],[90.365299,23.744643],[90.36555,23.744704],[90.365795,23.744812],[90.365983,23.7445],[90.366038,23.744377],[90.36615,23.74401],[90.366205,23.743883],[90.366273,23.74391],[90.366705,23.744048],[90.366761,23.743939],[90.366852,23.743804],[90.36745,23.744057],[90.367317,23.744306],[90.367354,23.744324],[90.367321,23.744424],[90.367285,23.744568],[90.367181,23.744549],[90.367084,23.74474],[90.367118,23.744755],[90.367317,23.744839],[90.367331,23.74481],[90.367645,23.744925],[90.367835,23.744532],[90.367898,23.744351],[90.368302,23.744524],[90.368469,23.744287],[90.368902,23.744521],[90.36896,23.744445],[90.369258,23.74447],[90.369307,23.744436],[90.369445,23.744477],[90.369767,23.744581],[90.370448,23.744788],[90.370748,23.744886],[90.370454,23.745312],[90.370332,23.745551],[90.370181,23.745783],[90.369989,23.746101],[90.369852,23.746082],[90.369815,23.746241],[90.369764,23.746433],[90.369611,23.74672],[90.369442,23.746918],[90.36941,23.747015],[90.369306,23.74714],[90.369091,23.747447],[90.368925,23.747692],[90.368388,23.748508],[90.368378,23.748552],[90.368201,23.748828],[90.367471,23.749923],[90.367328,23.750158],[90.367308,23.750188],[90.367042,23.750567],[90.366685,23.751144],[90.366651,23.751142],[90.366623,23.75119],[90.366472,23.751496],[90.366587,23.751578],[90.366607,23.751594],[90.366679,23.751662],[90.367174,23.751979],[90.367283,23.752111]]]},"properties":{"city_corp":"DNCC","ward_no":34,"zone":"Zone-5","dghs_ward_id":40534}},{"type":"Feature","geometry":{"type":"Polygon","coordinates":[[[90.414781,23.753143],[90.413676,23.753363],[90.413354,23.753185],[90.41314,23.753149],[90.412605,23.753292],[90.412034,23.753149],[90.411534,23.753114],[90.41082,23.753007],[90.410428,23.753114],[90.410678,23.753578],[90.411142,23.754541],[90.411106,23.755112],[90.410571,23.755184],[90.409785,23.754863],[90.409218,23.754836],[90.409187,23.754781],[90.408536,23.75472],[90.407929,23.754434],[90.407537,23.75447],[90.40743,23.754506],[90.407465,23.755077],[90.407537,23.755541],[90.407358,23.756219],[90.407323,23.757539],[90.407215,23.758539],[90.40718,23.758967],[90.406632,23.759071],[90.406153,23.758757],[90.40579,23.758376],[90.405401,23.757886],[90.404693,23.756934],[90.404234,23.756333],[90.403627,23.755633],[90.403501,23.75547],[90.402704,23.754441],[90.402381,23.753943],[90.40221,23.753625],[90.401844,23.753353],[90.401008,23.752915],[90.400562,23.752493],[90.400512,23.752301],[90.400033,23.752168],[90.399511,23.751892],[90.398684,23.751541],[90.3986,23.751506],[90.398558,23.751408],[90.398164,23.751363],[90.397529,23.751085],[90.39732,23.751079],[90.397217,23.750994],[90.397177,23.750776],[90.39695,23.750408],[90.396597,23.749949],[90.396487,23.74976],[90.396383,23.749506],[90.396365,23.74929],[90.396321,23.748782],[90.396222,23.748681],[90.395931,23.748607],[90.395229,23.748384],[90.394721,23.748189],[90.394473,23.748076],[90.394455,23.748128],[90.394111,23.74812],[90.394146,23.747984],[90.394011,23.747993],[90.394323,23.74694],[90.394711,23.745839],[90.395248,23.745957],[90.395475,23.746023],[90.396828,23.746418],[90.398108,23.746777],[90.399284,23.747107],[90.401086,23.747716],[90.402487,23.748237],[90.403406,23.748515],[90.4037,23.74857],[90.404165,23.748748],[90.40436,23.748803],[90.404856,23.74901],[90.405168,23.749088],[90.405576,23.749142],[90.406189,23.749154],[90.406543,23.749133],[90.407138,23.749037],[90.407609,23.748938],[90.407995,23.748787],[90.408377,23.748548],[90.408945,23.748375],[90.409433,23.74828],[90.409707,23.748245],[90.409918,23.748167],[90.410048,23.748169],[90.410095,23.74815],[90.410258,23.748151],[90.410292,23.748164],[90.410534,23.748165],[90.410648,23.748186],[90.410641,23.74823],[90.410747,23.74825],[90.410947,23.748257],[90.410947,23.748198],[90.411016,23.7482],[90.411037,23.748508],[90.411034,23.748902],[90.411494,23.748857],[90.41152,23.749059],[90.411338,23.749071],[90.411345,23.749158],[90.411147,23.749189],[90.411151,23.749374],[90.411151,23.749528],[90.411197,23.749836],[90.412713,23.749636],[90.412917,23.750012],[90.414083,23.75197],[90.414781,23.753143]]]},"properties":{"city_corp":"DNCC","ward_no":35,"zone":"Zone-3","dghs_ward_id":40335}},{"type":"Feature","geometry":{"type":"Polygon","coordinates":[[[90.410482,23.763005],[90.409659,23.762086],[90.409016,23.761376],[90.408802,23.76114],[90.407594,23.759927],[90.406992,23.759359],[90.406632,23.759071],[90.40718,23.758967],[90.407215,23.758539],[90.407323,23.757539],[90.407358,23.756219],[90.407537,23.755541],[90.407465,23.755077],[90.40743,23.754506],[90.407537,23.75447],[90.407929,23.754434],[90.408536,23.75472],[90.409187,23.754781],[90.409218,23.754836],[90.409785,23.754863],[90.410571,23.755184],[90.411106,23.755112],[90.411142,23.754541],[90.410678,23.753578],[90.410428,23.753114],[90.41082,23.753007],[90.411534,23.753114],[90.412034,23.753149],[90.412605,23.753292],[90.41314,23.753149],[90.413354,23.753185],[90.413676,23.753363],[90.414781,23.753143],[90.415022,23.753546],[90.415558,23.754488],[90.417757,23.75836],[90.417832,23.758492],[90.41803,23.75911],[90.417209,23.759003],[90.41596,23.758789],[90.414645,23.758842],[90.414068,23.758824],[90.413818,23.759074],[90.413711,23.759253],[90.413711,23.760002],[90.413676,23.760787],[90.41364,23.761216],[90.413662,23.761768],[90.413533,23.762429],[90.413462,23.762572],[90.413176,23.762679],[90.412628,23.762602],[90.411855,23.762536],[90.411177,23.762501],[90.410482,23.763005]]]},"properties":{"city_corp":"DNCC","ward_no":36,"zone":"Zone-3","dghs_ward_id":40336}},{"type":"Feature","geometry":{"type":"Polygon","coordinates":[[[90.433139,23.763305],[90.433956,23.763184],[90.434102,23.763163],[90.43453,23.763234],[90.434959,23.763984],[90.435566,23.764091],[90.436315,23.763662],[90.43735,23.764233],[90.437921,23.764697],[90.4381,23.765304],[90.438135,23.765911],[90.438599,23.766232],[90.439063,23.766625],[90.440277,23.76666],[90.440527,23.767089],[90.440562,23.767767],[90.440767,23.767953],[90.440955,23.768124],[90.441919,23.768052],[90.442347,23.768302],[90.442668,23.768588],[90.443239,23.768374],[90.444346,23.768338],[90.444167,23.768052],[90.443525,23.767838],[90.443703,23.767232],[90.444096,23.766768],[90.44456,23.766768],[90.445095,23.766768],[90.445095,23.767624],[90.445881,23.767696],[90.446416,23.767838],[90.446987,23.767981],[90.447344,23.767517],[90.447951,23.767124],[90.4487,23.766982],[90.448914,23.766518],[90.448379,23.766054],[90.448308,23.765625],[90.448914,23.765625],[90.44945,23.765518],[90.449485,23.764947],[90.44895,23.764412],[90.448772,23.764019],[90.448914,23.763412],[90.449414,23.762948],[90.449628,23.762235],[90.449121,23.761992],[90.448764,23.761963],[90.448507,23.76212],[90.448208,23.762377],[90.447879,23.762406],[90.447565,23.762235],[90.447337,23.762063],[90.447865,23.761949],[90.448151,23.761835],[90.448308,23.761464],[90.448707,23.76125],[90.448993,23.76125],[90.449036,23.760964],[90.448872,23.760854],[90.448636,23.760593],[90.448807,23.760436],[90.448993,23.760379],[90.449393,23.760379],[90.449811,23.76038],[90.450364,23.760505],[90.450608,23.760511],[90.450967,23.760496],[90.45206,23.760452],[90.452886,23.760571],[90.45342,23.760654],[90.453819,23.760958],[90.454583,23.761047],[90.455011,23.761332],[90.455297,23.761582],[90.455583,23.76176],[90.455475,23.762224],[90.455187,23.762584],[90.455083,23.763259],[90.454904,23.763509],[90.454619,23.763616],[90.454512,23.763902],[90.454083,23.763938],[90.453727,23.763723],[90.453798,23.763152],[90.454405,23.76276],[90.454762,23.762474],[90.454797,23.762153],[90.454369,23.762082],[90.453869,23.76226],[90.453655,23.76226],[90.453477,23.761975],[90.453191,23.761689],[90.452799,23.761511],[90.452477,23.761511],[90.452442,23.76176],[90.452656,23.76201],[90.452906,23.762224],[90.452656,23.762331],[90.452192,23.762296],[90.452013,23.762439],[90.452156,23.76276],[90.452477,23.762903],[90.452691,23.763081],[90.452691,23.763331],[90.452549,23.763616],[90.45237,23.763795],[90.451942,23.763866],[90.451906,23.764402],[90.452085,23.764758],[90.452171,23.76481],[90.452442,23.764973],[90.452451,23.765305],[90.452477,23.766186],[90.452549,23.767293],[90.453013,23.767328],[90.453619,23.76715],[90.453976,23.767007],[90.454048,23.767114],[90.454048,23.7674],[90.454048,23.767614],[90.454083,23.767864],[90.454119,23.768114],[90.454191,23.768256],[90.454583,23.768256],[90.45519,23.768149],[90.455154,23.767935],[90.455297,23.767685],[90.45544,23.767614],[90.455797,23.76765],[90.456154,23.767757],[90.456368,23.768256],[90.456332,23.768685],[90.456332,23.769256],[90.456332,23.769862],[90.456368,23.770541],[90.457082,23.770826],[90.45751,23.771076],[90.457938,23.771647],[90.453103,23.772102],[90.448761,23.775076],[90.444656,23.775195],[90.441087,23.778943],[90.439719,23.780073],[90.439184,23.780132],[90.436209,23.779656],[90.43496,23.777991],[90.434127,23.777396],[90.432581,23.776861],[90.43151,23.775849],[90.425754,23.776094],[90.425784,23.775512],[90.425593,23.772324],[90.425022,23.771086],[90.423203,23.767864],[90.425799,23.766748],[90.428773,23.765023],[90.432759,23.763774],[90.433139,23.763305]]]},"properties":{"city_corp":"DNCC","ward_no":37,"zone":"Zone-10","dghs_ward_id":41037}},{"type":"Feature","geometry":{"type":"Polygon","coordinates":[[[90.425109,23.788537],[90.42526,23.787933],[90.425593,23.783269],[90.425546,23.780128],[90.425754,23.776094],[90.43151,23.775849],[90.432581,23.776861],[90.434127,23.777396],[90.43496,23.777991],[90.436209,23.779656],[90.439184,23.780132],[90.439719,23.780073],[90.440016,23.782452],[90.439659,23.783404],[90.440135,23.785308],[90.441979,23.786854],[90.443645,23.787806],[90.444061,23.78852],[90.444061,23.789531],[90.443526,23.790126],[90.443348,23.790424],[90.442059,23.790979],[90.434731,23.789741],[90.426188,23.78885],[90.425109,23.788537]]]},"properties":{"city_corp":"DNCC","ward_no":38,"zone":"Zone-10","dghs_ward_id":41038}},{"type":"Feature","geometry":{"type":"Polygon","coordinates":[[[90.443725,23.797974],[90.443003,23.799064],[90.442051,23.800111],[90.440813,23.800967],[90.439481,23.801967],[90.438339,23.802585],[90.437244,23.802823],[90.43515,23.802776],[90.433199,23.802538],[90.431629,23.80211],[90.430867,23.801967],[90.429725,23.801681],[90.427013,23.800587],[90.425204,23.800301],[90.423055,23.800083],[90.423513,23.797625],[90.42394,23.7954],[90.424126,23.794431],[90.424451,23.792121],[90.425016,23.788909],[90.425109,23.788537],[90.426188,23.78885],[90.434731,23.789741],[90.442059,23.790979],[90.442345,23.791455],[90.44225,23.792787],[90.442345,23.794024],[90.442583,23.794738],[90.443011,23.796404],[90.443725,23.797974]]]},"properties":{"city_corp":"DNCC","ward_no":39,"zone":"Zone-9","dghs_ward_id":40939}},{"type":"Feature","geometry":{"type":"Polygon","coordinates":[[[90.443725,23.797974],[90.446628,23.800163],[90.446628,23.800877],[90.446533,23.80221],[90.446247,23.803685],[90.446009,23.804637],[90.445866,23.806112],[90.445629,23.806683],[90.445629,23.807635],[90.445486,23.808587],[90.445105,23.809681],[90.445105,23.810252],[90.445105,23.810823],[90.444772,23.81149],[90.44382,23.812489],[90.443773,23.812822],[90.443297,23.813822],[90.442488,23.81425],[90.442107,23.814964],[90.440536,23.815392],[90.439394,23.815487],[90.438728,23.815535],[90.437586,23.815725],[90.43692,23.815678],[90.436682,23.815202],[90.43554,23.814535],[90.435016,23.814202],[90.433969,23.813822],[90.431828,23.812537],[90.429781,23.811157],[90.428563,23.809601],[90.427655,23.809709],[90.426941,23.809352],[90.426156,23.808924],[90.425264,23.808281],[90.424122,23.80821],[90.423229,23.80821],[90.42191,23.808215],[90.421338,23.808067],[90.421409,23.807853],[90.42178,23.806189],[90.421859,23.805794],[90.422071,23.804734],[90.42215,23.804391],[90.422285,23.80381],[90.422667,23.802162],[90.423055,23.800083],[90.425204,23.800301],[90.427013,23.800587],[90.429725,23.801681],[90.430867,23.801967],[90.431629,23.80211],[90.433199,23.802538],[90.43515,23.802776],[90.437244,23.802823],[90.438339,23.802585],[90.439481,23.801967],[90.440813,23.800967],[90.442051,23.800111],[90.443003,23.799064],[90.443725,23.797974]]]},"properties":{"city_corp":"DNCC","ward_no":40,"zone":"Zone-9","dghs_ward_id":40940}},{"type":"Feature","geometry":{"type":"Polygon","coordinates":[[[90.446628,23.800877],[90.446628,23.800163],[90.443725,23.797974],[90.443011,23.796404],[90.442583,23.794738],[90.442345,23.794024],[90.44225,23.792787],[90.442345,23.791455],[90.442059,23.790979],[90.443348,23.790424],[90.443526,23.790126],[90.444061,23.789531],[90.444061,23.78852],[90.443645,23.787806],[90.441979,23.786854],[90.440135,23.785308],[90.439659,23.783404],[90.440016,23.782452],[90.439719,23.780073],[90.441087,23.778943],[90.444656,23.775195],[90.448761,23.775076],[90.453103,23.772102],[90.457938,23.771647],[90.458188,23.772004],[90.458367,23.772289],[90.458616,23.772611],[90.459045,23.772539],[90.45908,23.773003],[90.45958,23.773432],[90.460115,23.773467],[90.460651,23.77386],[90.461293,23.773896],[90.461936,23.774074],[90.462257,23.774609],[90.462257,23.775145],[90.46215,23.775787],[90.461686,23.776216],[90.461079,23.775823],[90.460544,23.775537],[90.460115,23.775466],[90.459651,23.77543],[90.459294,23.775395],[90.459116,23.775502],[90.459116,23.775894],[90.459402,23.776501],[90.459453,23.776534],[90.459901,23.776822],[90.460508,23.777001],[90.460365,23.777358],[90.460234,23.777647],[90.460187,23.77775],[90.460187,23.778321],[90.460722,23.778643],[90.46115,23.779428],[90.461614,23.779749],[90.462078,23.780356],[90.462186,23.78082],[90.462614,23.781498],[90.462899,23.781926],[90.463363,23.782462],[90.46387,23.785367],[90.464346,23.788996],[90.464584,23.791435],[90.464882,23.792268],[90.465596,23.792565],[90.466131,23.793814],[90.467083,23.796075],[90.467083,23.797205],[90.46744,23.798573],[90.467083,23.799347],[90.465655,23.801964],[90.463216,23.804462],[90.461432,23.806604],[90.460896,23.807258],[90.459825,23.806723],[90.459231,23.806901],[90.458279,23.806663],[90.457386,23.806128],[90.456851,23.805295],[90.456078,23.804462],[90.454412,23.803986],[90.45352,23.803689],[90.452449,23.80357],[90.450843,23.803094],[90.449356,23.801845],[90.447928,23.801012],[90.446628,23.800877]]]},"properties":{"city_corp":"DNCC","ward_no":41,"zone":"Zone-10","dghs_ward_id":41041}},{"type":"Feature","geometry":{"type":"Polygon","coordinates":[[[90.48636,23.81891],[90.485702,23.81868],[90.484393,23.818442],[90.480884,23.820643],[90.475054,23.818858],[90.472199,23.817668],[90.470176,23.818739],[90.466607,23.819572],[90.466547,23.819275],[90.460361,23.818977],[90.460718,23.814337],[90.461194,23.809757],[90.461313,23.808983],[90.460896,23.807258],[90.461432,23.806604],[90.463216,23.804462],[90.465655,23.801964],[90.467083,23.799347],[90.46744,23.798573],[90.467083,23.797205],[90.467083,23.796075],[90.466131,23.793814],[90.465596,23.792565],[90.464882,23.792268],[90.464584,23.791435],[90.464346,23.788996],[90.46387,23.785367],[90.463363,23.782462],[90.463578,23.782819],[90.464042,23.782926],[90.46447,23.78264],[90.465362,23.78239],[90.465862,23.782069],[90.466754,23.781748],[90.467182,23.781248],[90.467753,23.780177],[90.468039,23.779856],[90.468396,23.780213],[90.468967,23.780606],[90.46917,23.780668],[90.469407,23.780633],[90.469705,23.780645],[90.470038,23.780657],[90.471644,23.781394],[90.471927,23.781549],[90.471785,23.78169],[90.471664,23.781873],[90.471599,23.781953],[90.471033,23.782462],[90.470749,23.78314],[90.470718,23.783381],[90.470683,23.783651],[90.470648,23.783925],[90.470648,23.783991],[90.470701,23.784139],[90.470826,23.784318],[90.471034,23.78453],[90.471185,23.784792],[90.471756,23.785482],[90.472577,23.78597],[90.473339,23.786196],[90.474029,23.78666],[90.474778,23.787017],[90.475599,23.787505],[90.477634,23.789361],[90.478621,23.790122],[90.479656,23.791038],[90.480644,23.791847],[90.481048,23.792525],[90.481239,23.793715],[90.481512,23.795155],[90.481619,23.795583],[90.481762,23.796261],[90.481905,23.796737],[90.481952,23.797272],[90.481798,23.797701],[90.481655,23.7982],[90.481762,23.799176],[90.482107,23.800021],[90.482452,23.800925],[90.482714,23.801758],[90.482952,23.802471],[90.483178,23.803233],[90.483594,23.804173],[90.484177,23.805017],[90.484641,23.805696],[90.485034,23.806421],[90.485105,23.807099],[90.485093,23.807813],[90.484772,23.808253],[90.484427,23.80911],[90.484272,23.809622],[90.484332,23.81024],[90.484534,23.810811],[90.484713,23.811478],[90.484784,23.812608],[90.484677,23.813036],[90.484629,23.813274],[90.48476,23.81394],[90.484822,23.814503],[90.484958,23.814688],[90.485243,23.815209],[90.485536,23.815723],[90.485621,23.815773],[90.48575,23.815766],[90.486535,23.815623],[90.487449,23.815566],[90.487792,23.815609],[90.488334,23.815752],[90.488941,23.816016],[90.489226,23.816195],[90.489683,23.816544],[90.49019,23.816816],[90.490704,23.817001],[90.490711,23.817144],[90.490497,23.81728],[90.490104,23.817565],[90.489712,23.817779],[90.489241,23.818043],[90.488884,23.818193],[90.488177,23.818265],[90.48777,23.818236],[90.486992,23.818115],[90.48665,23.818053],[90.486457,23.818129],[90.4864,23.818165],[90.486342,23.818315],[90.48636,23.81891]]]},"properties":{"city_corp":"DNCC","ward_no":42,"zone":"Zone-10","dghs_ward_id":41042}},{"type":"Feature","geometry":{"type":"Polygon","coordinates":[[[90.460896,23.807258],[90.461313,23.808983],[90.461194,23.809757],[90.460718,23.814337],[90.460361,23.818977],[90.466547,23.819275],[90.466607,23.819572],[90.470176,23.818739],[90.472199,23.817668],[90.475054,23.818858],[90.480884,23.820643],[90.484393,23.818442],[90.485702,23.81868],[90.48636,23.81891],[90.486414,23.820785],[90.4864,23.821327],[90.486457,23.822127],[90.486435,23.822626],[90.486614,23.82284],[90.486814,23.823233],[90.486985,23.82354],[90.487269,23.823802],[90.487733,23.824147],[90.488019,23.824468],[90.488174,23.825194],[90.488209,23.825515],[90.488078,23.825896],[90.487769,23.8263],[90.487222,23.827109],[90.487139,23.827347],[90.487103,23.827692],[90.487079,23.828216],[90.487067,23.828596],[90.486722,23.830202],[90.486675,23.830869],[90.486698,23.831797],[90.486627,23.832225],[90.486437,23.832546],[90.485961,23.832677],[90.484961,23.832677],[90.484497,23.832546],[90.484152,23.83213],[90.484057,23.831856],[90.483748,23.831356],[90.48332,23.831154],[90.48276,23.831154],[90.482273,23.831511],[90.48182,23.831939],[90.480976,23.832641],[90.480036,23.833438],[90.478989,23.834343],[90.478335,23.834819],[90.478073,23.835152],[90.477978,23.835628],[90.477597,23.836651],[90.477264,23.837495],[90.476705,23.83834],[90.475539,23.839459],[90.475158,23.839875],[90.474408,23.840529],[90.473944,23.841017],[90.473599,23.841445],[90.473171,23.841933],[90.47285,23.842576],[90.472755,23.843087],[90.472755,23.843563],[90.472755,23.84442],[90.472802,23.845157],[90.472802,23.845966],[90.472874,23.846573],[90.472957,23.847144],[90.47304,23.847572],[90.473243,23.848132],[90.473469,23.848655],[90.473647,23.849024],[90.473921,23.849536],[90.474052,23.850166],[90.474325,23.85063],[90.47448,23.850975],[90.474646,23.851725],[90.474765,23.852712],[90.47473,23.853902],[90.474849,23.855413],[90.474777,23.855948],[90.474742,23.856567],[90.474718,23.857126],[90.474777,23.857542],[90.474849,23.857983],[90.474899,23.858104],[90.47418,23.858627],[90.472752,23.859883],[90.470982,23.860797],[90.469725,23.860683],[90.46864,23.860169],[90.467498,23.859598],[90.467041,23.858398],[90.466413,23.857313],[90.465842,23.855543],[90.465214,23.853944],[90.464757,23.852802],[90.464814,23.852231],[90.4647,23.851717],[90.463329,23.851317],[90.462987,23.850803],[90.46213,23.84909],[90.460874,23.848005],[90.45996,23.846463],[90.459218,23.845835],[90.458589,23.845664],[90.458075,23.845892],[90.456967,23.845284],[90.456699,23.844659],[90.456372,23.844273],[90.456164,23.844035],[90.456223,23.843678],[90.456431,23.843053],[90.456818,23.842607],[90.456758,23.84225],[90.456818,23.841953],[90.457175,23.841507],[90.457472,23.84106],[90.457799,23.840674],[90.457799,23.840138],[90.457859,23.8399],[90.458127,23.839633],[90.458246,23.839216],[90.458097,23.838949],[90.457353,23.837997],[90.456818,23.837402],[90.456431,23.836212],[90.455807,23.835231],[90.455569,23.834398],[90.455152,23.833387],[90.454676,23.832108],[90.451553,23.831394],[90.451196,23.831319],[90.45128,23.830287],[90.451637,23.82629],[90.451637,23.824291],[90.451494,23.823756],[90.45103,23.823399],[90.450138,23.823042],[90.449245,23.822685],[90.448246,23.822435],[90.447104,23.822043],[90.445819,23.821543],[90.444498,23.821222],[90.442785,23.820758],[90.44175,23.820544],[90.440822,23.819972],[90.440429,23.819651],[90.439858,23.818795],[90.439858,23.817938],[90.43993,23.817296],[90.440001,23.816582],[90.440016,23.815435],[90.440536,23.815392],[90.442107,23.814964],[90.442488,23.81425],[90.443297,23.813822],[90.443773,23.812822],[90.44382,23.812489],[90.444772,23.81149],[90.445105,23.810823],[90.445105,23.810252],[90.445105,23.809681],[90.445486,23.808587],[90.445629,23.807635],[90.445629,23.806683],[90.445866,23.806112],[90.446009,23.804637],[90.446247,23.803685],[90.446533,23.80221],[90.446628,23.800877],[90.447928,23.801012],[90.449356,23.801845],[90.450843,23.803094],[90.452449,23.80357],[90.45352,23.803689],[90.454412,23.803986],[90.456078,23.804462],[90.456851,23.805295],[90.457386,23.806128],[90.458279,23.806663],[90.459231,23.806901],[90.459825,23.806723],[90.460896,23.807258]]]},"properties":{"city_corp":"DNCC","ward_no":43,"zone":"Zone-9","dghs_ward_id":40943}},{"type":"Feature","geometry":{"type":"Polygon","coordinates":[[[90.435118,23.86688],[90.435373,23.866194],[90.435462,23.865539],[90.435492,23.865271],[90.435403,23.864766],[90.435403,23.86423],[90.435462,23.863487],[90.435403,23.863041],[90.435581,23.862089],[90.436236,23.862357],[90.436563,23.862446],[90.437068,23.862595],[90.437693,23.862684],[90.438288,23.862654],[90.438615,23.862833],[90.439002,23.862922],[90.439448,23.862862],[90.439835,23.862803],[90.440281,23.862803],[90.440786,23.862892],[90.441232,23.862981],[90.44147,23.86313],[90.442125,23.863011],[90.442601,23.862833],[90.443404,23.862654],[90.44385,23.862446],[90.444356,23.862327],[90.445218,23.862119],[90.446408,23.861851],[90.44736,23.861851],[90.447895,23.861673],[90.448787,23.861464],[90.449709,23.861345],[90.450393,23.861226],[90.451256,23.861048],[90.451702,23.860602],[90.452029,23.860304],[90.452594,23.859709],[90.452951,23.859144],[90.452803,23.858668],[90.452713,23.857955],[90.452237,23.857033],[90.451732,23.856765],[90.45081,23.855783],[90.450453,23.855754],[90.450036,23.855605],[90.450066,23.854951],[90.450007,23.854534],[90.449888,23.85391],[90.449769,23.853553],[90.449799,23.852512],[90.44959,23.851709],[90.44965,23.850935],[90.450155,23.849894],[90.450721,23.848853],[90.451583,23.84802],[90.452773,23.847574],[90.453725,23.84695],[90.454141,23.846801],[90.455658,23.846087],[90.45652,23.84573],[90.456967,23.845284],[90.458075,23.845892],[90.458589,23.845664],[90.459218,23.845835],[90.45996,23.846463],[90.460874,23.848005],[90.46213,23.84909],[90.462987,23.850803],[90.463329,23.851317],[90.4647,23.851717],[90.464814,23.852231],[90.464757,23.852802],[90.465214,23.853944],[90.465842,23.855543],[90.466413,23.857313],[90.467041,23.858398],[90.467498,23.859598],[90.46864,23.860169],[90.469725,23.860683],[90.470982,23.860797],[90.472752,23.859883],[90.47418,23.858627],[90.474899,23.858104],[90.475075,23.85853],[90.475455,23.859291],[90.475586,23.859732],[90.475634,23.860315],[90.475634,23.860921],[90.47561,23.861516],[90.475551,23.861897],[90.475099,23.862444],[90.474218,23.863396],[90.473528,23.864324],[90.473005,23.865157],[90.472624,23.866037],[90.471934,23.86737],[90.471553,23.868012],[90.471053,23.868655],[90.470435,23.869368],[90.470102,23.870082],[90.469412,23.87051],[90.46815,23.871391],[90.467294,23.872081],[90.466842,23.872557],[90.466318,23.872819],[90.465842,23.873294],[90.465176,23.873723],[90.464986,23.874056],[90.464557,23.874984],[90.464034,23.875888],[90.463534,23.876388],[90.46313,23.876626],[90.462749,23.876673],[90.462249,23.876578],[90.461988,23.87665],[90.461726,23.877006],[90.461464,23.877102],[90.46106,23.876959],[90.46056,23.876864],[90.460013,23.876768],[90.459799,23.876983],[90.459633,23.877363],[90.459822,23.877649],[90.459703,23.877982],[90.460155,23.878458],[90.460417,23.878743],[90.460703,23.879243],[90.461107,23.879695],[90.461536,23.879862],[90.461774,23.880171],[90.461464,23.880552],[90.461036,23.881028],[90.460893,23.881361],[90.460893,23.881884],[90.46106,23.882098],[90.461202,23.882646],[90.461464,23.882979],[90.461964,23.883193],[90.462559,23.883455],[90.462654,23.883812],[90.463106,23.884216],[90.46382,23.884549],[90.464367,23.884859],[90.464101,23.885515],[90.463339,23.885211],[90.462863,23.884982],[90.462178,23.884354],[90.461778,23.883954],[90.461417,23.883821],[90.461245,23.883878],[90.461074,23.884069],[90.460998,23.884392],[90.460884,23.884602],[90.460598,23.884754],[90.460274,23.884773],[90.460084,23.88483],[90.459875,23.88483],[90.459361,23.884754],[90.459113,23.883526],[90.45878,23.882336],[90.457542,23.880242],[90.456686,23.878433],[90.455258,23.876768],[90.454021,23.875721],[90.45245,23.87534],[90.449976,23.875388],[90.449167,23.875388],[90.450038,23.868164],[90.44781,23.867821],[90.442614,23.867421],[90.438274,23.866964],[90.435118,23.86688]]]},"properties":{"city_corp":"DNCC","ward_no":44,"zone":"Zone-8","dghs_ward_id":40844}},{"type":"Feature","geometry":{"type":"Polygon","coordinates":[[[90.449167,23.875388],[90.448548,23.87929],[90.448501,23.881194],[90.44831,23.881527],[90.447882,23.881574],[90.446026,23.881336],[90.441981,23.881098],[90.439363,23.881146],[90.437507,23.881194],[90.435747,23.880908],[90.433034,23.880527],[90.431226,23.880527],[90.428751,23.880242],[90.427228,23.879814],[90.425991,23.87948],[90.424849,23.879147],[90.423516,23.878862],[90.422469,23.87929],[90.421042,23.87929],[90.421517,23.878529],[90.421375,23.878386],[90.421375,23.877815],[90.42166,23.876482],[90.422136,23.874817],[90.422802,23.87101],[90.424516,23.870867],[90.426115,23.871038],[90.427314,23.870867],[90.42857,23.870695],[90.429941,23.870638],[90.432111,23.870867],[90.433938,23.871209],[90.433975,23.870774],[90.434035,23.870596],[90.434005,23.870149],[90.433945,23.869882],[90.434273,23.869852],[90.434362,23.869792],[90.43454,23.869198],[90.434808,23.86887],[90.434867,23.868186],[90.434838,23.867919],[90.434867,23.867651],[90.434986,23.867235],[90.435118,23.86688],[90.438274,23.866964],[90.442614,23.867421],[90.44781,23.867821],[90.450038,23.868164],[90.449167,23.875388]]]},"properties":{"city_corp":"DNCC","ward_no":45,"zone":"Zone-8","dghs_ward_id":40845}},{"type":"Feature","geometry":{"type":"Polygon","coordinates":[[[90.421042,23.87929],[90.422469,23.87929],[90.423516,23.878862],[90.424849,23.879147],[90.425991,23.87948],[90.427228,23.879814],[90.428751,23.880242],[90.431226,23.880527],[90.433034,23.880527],[90.435747,23.880908],[90.437507,23.881194],[90.439363,23.881146],[90.441981,23.881098],[90.446026,23.881336],[90.447882,23.881574],[90.44831,23.881527],[90.448501,23.881194],[90.448548,23.87929],[90.449167,23.875388],[90.449976,23.875388],[90.45245,23.87534],[90.454021,23.875721],[90.455258,23.876768],[90.456686,23.878433],[90.457542,23.880242],[90.45878,23.882336],[90.459113,23.883526],[90.459361,23.884754],[90.459037,23.884887],[90.458942,23.88523],[90.458866,23.885553],[90.458923,23.88582],[90.459132,23.886048],[90.459437,23.886315],[90.459856,23.886467],[90.460274,23.886924],[90.460465,23.887229],[90.460408,23.887685],[90.460198,23.88799],[90.459951,23.888447],[90.459913,23.888694],[90.459951,23.888961],[90.460084,23.88917],[90.46037,23.889361],[90.461074,23.889342],[90.461264,23.889608],[90.461321,23.890236],[90.461112,23.890693],[90.460693,23.891093],[90.460351,23.891493],[90.460103,23.891759],[90.460141,23.892045],[90.460198,23.892387],[90.460103,23.892844],[90.460236,23.893015],[90.46037,23.893396],[90.460807,23.893548],[90.461379,23.89372],[90.461436,23.89412],[90.46115,23.894462],[90.460998,23.894672],[90.46096,23.894995],[90.46075,23.895166],[90.460313,23.895052],[90.460122,23.895357],[90.460027,23.895642],[90.45978,23.895985],[90.459151,23.895928],[90.458561,23.895966],[90.458466,23.896252],[90.45839,23.896556],[90.458123,23.896765],[90.457533,23.896785],[90.456144,23.896632],[90.454778,23.896459],[90.453871,23.896394],[90.452337,23.896351],[90.451751,23.896173],[90.451209,23.895866],[90.450738,23.89588],[90.449867,23.896209],[90.449167,23.896508],[90.448532,23.896887],[90.448211,23.897058],[90.447654,23.897415],[90.446604,23.898186],[90.446005,23.898529],[90.445284,23.898757],[90.444427,23.898928],[90.443721,23.899064],[90.443114,23.899328],[90.442286,23.899706],[90.441522,23.900035],[90.440223,23.90042],[90.439523,23.90052],[90.438816,23.900535],[90.438338,23.900513],[90.437689,23.900442],[90.437153,23.90037],[90.436625,23.900449],[90.436132,23.900427],[90.435861,23.900242],[90.435761,23.899992],[90.435761,23.899742],[90.435954,23.899571],[90.436075,23.8993],[90.435975,23.899057],[90.435718,23.898778],[90.435397,23.898464],[90.43519,23.898172],[90.434576,23.897601],[90.433927,23.897058],[90.433456,23.896765],[90.432863,23.89658],[90.431721,23.896194],[90.431328,23.896037],[90.430807,23.895538],[90.430279,23.895067],[90.429729,23.89471],[90.42933,23.894338],[90.428951,23.894053],[90.428073,23.893432],[90.426674,23.892561],[90.425789,23.892011],[90.424854,23.891319],[90.423962,23.890576],[90.423241,23.889798],[90.422727,23.88897],[90.422305,23.888342],[90.421998,23.888099],[90.421563,23.887814],[90.420856,23.887586],[90.42,23.887393],[90.419236,23.887193],[90.418915,23.887057],[90.417808,23.886636],[90.416959,23.886336],[90.416373,23.886176],[90.416806,23.884192],[90.416996,23.88305],[90.417234,23.882383],[90.417472,23.882003],[90.41771,23.882003],[90.418091,23.88167],[90.418329,23.881289],[90.418948,23.880575],[90.419281,23.879814],[90.419566,23.879195],[90.419757,23.878957],[90.420137,23.878767],[90.421042,23.87929]]]},"properties":{"city_corp":"DNCC","ward_no":46,"zone":"Zone-8","dghs_ward_id":40846}},{"type":"Feature","geometry":{"type":"Polygon","coordinates":[[[90.416378,23.868154],[90.418091,23.868773],[90.419519,23.869058],[90.420804,23.869963],[90.422612,23.870629],[90.422802,23.87101],[90.422136,23.874817],[90.42166,23.876482],[90.421375,23.877815],[90.421375,23.878386],[90.421517,23.878529],[90.421042,23.87929],[90.420137,23.878767],[90.419757,23.878957],[90.419566,23.879195],[90.419281,23.879814],[90.418948,23.880575],[90.418329,23.881289],[90.418091,23.88167],[90.41771,23.882003],[90.417472,23.882003],[90.417234,23.882383],[90.416996,23.88305],[90.416806,23.884192],[90.416373,23.886176],[90.41571,23.885994],[90.415117,23.885744],[90.414603,23.885487],[90.414589,23.885408],[90.414639,23.885237],[90.414625,23.88513],[90.414625,23.884944],[90.414432,23.884759],[90.414132,23.884473],[90.413261,23.883838],[90.412554,23.88331],[90.41214,23.88306],[90.411769,23.882924],[90.411434,23.882824],[90.41097,23.882753],[90.410363,23.88266],[90.409756,23.882603],[90.409456,23.882496],[90.408364,23.882403],[90.406922,23.882217],[90.40658,23.882118],[90.406241,23.880432],[90.405861,23.877577],[90.406003,23.87634],[90.405908,23.871628],[90.406036,23.86763],[90.407336,23.867726],[90.40843,23.867726],[90.409573,23.868154],[90.410477,23.868249],[90.412571,23.868154],[90.415093,23.86844],[90.416378,23.868154]]]},"properties":{"city_corp":"DNCC","ward_no":47,"zone":"Zone-7","dghs_ward_id":40747}},{"type":"Feature","geometry":{"type":"Polygon","coordinates":[[[90.440328,23.833671],[90.440727,23.833506],[90.443285,23.83187],[90.446021,23.830115],[90.447984,23.83065],[90.451553,23.831394],[90.454676,23.832108],[90.455152,23.833387],[90.455569,23.834398],[90.455807,23.835231],[90.456431,23.836212],[90.456818,23.837402],[90.457353,23.837997],[90.458097,23.838949],[90.458246,23.839216],[90.458127,23.839633],[90.457859,23.8399],[90.457799,23.840138],[90.457799,23.840674],[90.457472,23.84106],[90.457175,23.841507],[90.456818,23.841953],[90.456758,23.84225],[90.456818,23.842607],[90.456431,23.843053],[90.456223,23.843678],[90.456164,23.844035],[90.456372,23.844273],[90.456699,23.844659],[90.456967,23.845284],[90.45652,23.84573],[90.455658,23.846087],[90.454141,23.846801],[90.453725,23.84695],[90.452773,23.847574],[90.451583,23.84802],[90.450721,23.848853],[90.450155,23.849894],[90.44965,23.850935],[90.44959,23.851709],[90.449799,23.852512],[90.449769,23.853553],[90.449888,23.85391],[90.450007,23.854534],[90.450066,23.854951],[90.450036,23.855605],[90.450453,23.855754],[90.45081,23.855783],[90.451732,23.856765],[90.452237,23.857033],[90.452713,23.857955],[90.452803,23.858668],[90.452951,23.859144],[90.452594,23.859709],[90.452029,23.860304],[90.451702,23.860602],[90.451256,23.861048],[90.450393,23.861226],[90.449709,23.861345],[90.448787,23.861464],[90.447895,23.861673],[90.44736,23.861851],[90.446408,23.861851],[90.445218,23.862119],[90.444356,23.862327],[90.44385,23.862446],[90.443404,23.862654],[90.442601,23.862833],[90.442125,23.863011],[90.44147,23.86313],[90.441232,23.862981],[90.440786,23.862892],[90.440281,23.862803],[90.439835,23.862803],[90.439448,23.862862],[90.439002,23.862922],[90.438615,23.862833],[90.438288,23.862654],[90.437693,23.862684],[90.437068,23.862595],[90.436563,23.862446],[90.436236,23.862357],[90.435581,23.862089],[90.435403,23.863041],[90.435462,23.863487],[90.435403,23.86423],[90.435403,23.864766],[90.435492,23.865271],[90.435462,23.865539],[90.435373,23.866194],[90.434986,23.867235],[90.434867,23.867651],[90.434838,23.867919],[90.434867,23.868186],[90.434808,23.86887],[90.43454,23.869198],[90.434362,23.869792],[90.434273,23.869852],[90.433945,23.869882],[90.434005,23.870149],[90.434035,23.870596],[90.433975,23.870774],[90.433938,23.871209],[90.432111,23.870867],[90.429941,23.870638],[90.42857,23.870695],[90.427314,23.870867],[90.426115,23.871038],[90.424516,23.870867],[90.422802,23.87101],[90.422612,23.870629],[90.420804,23.869963],[90.419519,23.869058],[90.418091,23.868773],[90.416378,23.868154],[90.416663,23.861444],[90.416901,23.86054],[90.417234,23.859541],[90.418836,23.859876],[90.421084,23.860162],[90.42162,23.860233],[90.422334,23.860376],[90.422976,23.859662],[90.42344,23.858698],[90.423511,23.858163],[90.42369,23.857056],[90.424297,23.8557],[90.424475,23.853951],[90.424368,23.853594],[90.423726,23.853523],[90.423012,23.853416],[90.42294,23.852916],[90.422869,23.852131],[90.422976,23.851417],[90.423297,23.85131],[90.424011,23.85131],[90.424368,23.851024],[90.424761,23.850382],[90.424618,23.849882],[90.424047,23.849383],[90.42526,23.848348],[90.42626,23.847705],[90.426795,23.847562],[90.431685,23.847669],[90.433077,23.847634],[90.43529,23.847669],[90.436361,23.847027],[90.43736,23.846741],[90.437895,23.845528],[90.438609,23.843351],[90.439323,23.840924],[90.439787,23.839425],[90.440394,23.834178],[90.440328,23.833671]]]},"properties":{"city_corp":"DNCC","ward_no":48,"zone":"Zone-7","dghs_ward_id":40748}},{"type":"Feature","geometry":{"type":"Polygon","coordinates":[[[90.440328,23.833671],[90.440394,23.834178],[90.439787,23.839425],[90.439323,23.840924],[90.438609,23.843351],[90.437895,23.845528],[90.43736,23.846741],[90.436361,23.847027],[90.43529,23.847669],[90.433077,23.847634],[90.431685,23.847669],[90.426795,23.847562],[90.42626,23.847705],[90.42526,23.848348],[90.424047,23.849383],[90.424618,23.849882],[90.424761,23.850382],[90.424368,23.851024],[90.424011,23.85131],[90.423297,23.85131],[90.422976,23.851417],[90.422869,23.852131],[90.42294,23.852916],[90.423012,23.853416],[90.423726,23.853523],[90.424368,23.853594],[90.424475,23.853951],[90.424297,23.8557],[90.42369,23.857056],[90.423511,23.858163],[90.42344,23.858698],[90.422976,23.859662],[90.422334,23.860376],[90.42162,23.860233],[90.421084,23.860162],[90.418836,23.859876],[90.417234,23.859541],[90.417234,23.85778],[90.417377,23.855067],[90.416854,23.852212],[90.415854,23.85107],[90.414522,23.850499],[90.412761,23.85007],[90.411762,23.849785],[90.409029,23.850028],[90.412833,23.845393],[90.413937,23.844048],[90.415468,23.842182],[90.416378,23.841083],[90.417074,23.840128],[90.417774,23.83899],[90.41808,23.838364],[90.418331,23.837685],[90.418331,23.837684],[90.41863,23.837824],[90.42071,23.837789],[90.42195,23.837935],[90.423981,23.838175],[90.426658,23.837997],[90.430436,23.837848],[90.431268,23.837581],[90.431834,23.837462],[90.433291,23.837581],[90.434481,23.837759],[90.434823,23.837424],[90.435748,23.837376],[90.436146,23.837164],[90.436444,23.836837],[90.437366,23.836302],[90.43802,23.835915],[90.438466,23.835469],[90.438972,23.835588],[90.439299,23.835498],[90.439418,23.834606],[90.439507,23.834011],[90.440328,23.833671]]]},"properties":{"city_corp":"DNCC","ward_no":49,"zone":"Zone-7","dghs_ward_id":40749}},{"type":"Feature","geometry":{"type":"Polygon","coordinates":[[[90.406036,23.86763],[90.406289,23.859731],[90.406051,23.856162],[90.406432,23.854353],[90.406118,23.853578],[90.406466,23.853079],[90.406458,23.853258],[90.408597,23.850554],[90.409029,23.850028],[90.411762,23.849785],[90.412761,23.85007],[90.414522,23.850499],[90.415854,23.85107],[90.416854,23.852212],[90.417377,23.855067],[90.417234,23.85778],[90.417234,23.859541],[90.416901,23.86054],[90.416663,23.861444],[90.416378,23.868154],[90.415093,23.86844],[90.412571,23.868154],[90.410477,23.868249],[90.409573,23.868154],[90.40843,23.867726],[90.407336,23.867726],[90.406036,23.86763]]]},"properties":{"city_corp":"DNCC","ward_no":50,"zone":"Zone-7","dghs_ward_id":40750}},{"type":"Feature","geometry":{"type":"Polygon","coordinates":[[[90.393966,23.880747],[90.393916,23.880875],[90.393873,23.881125],[90.393866,23.881439],[90.393873,23.881753],[90.39378,23.882075],[90.393666,23.882282],[90.393381,23.88271],[90.393181,23.882981],[90.392931,23.883203],[90.39286,23.883302],[90.392838,23.883502],[90.392974,23.884031],[90.393038,23.884209],[90.393052,23.88443],[90.393059,23.884716],[90.393059,23.885073],[90.393009,23.885315],[90.392917,23.88563],[90.392745,23.886058],[90.392638,23.886308],[90.39261,23.886429],[90.392624,23.886622],[90.392667,23.886964],[90.392717,23.887835],[90.392738,23.888057],[90.392674,23.888249],[90.392645,23.888628],[90.392581,23.888813],[90.392331,23.889249],[90.391738,23.88881],[90.390846,23.888483],[90.389537,23.888245],[90.386771,23.887412],[90.386533,23.88652],[90.386295,23.884557],[90.386028,23.882891],[90.386325,23.881909],[90.386385,23.88072],[90.386117,23.879976],[90.385998,23.879322],[90.385909,23.87834],[90.385671,23.877954],[90.384392,23.877299],[90.382875,23.876883],[90.381358,23.87605],[90.38002,23.875931],[90.379544,23.875366],[90.378919,23.874503],[90.378443,23.873462],[90.378711,23.87254],[90.378979,23.871886],[90.379246,23.871083],[90.379425,23.869774],[90.379692,23.869507],[90.38071,23.868769],[90.381566,23.869007],[90.382137,23.868769],[90.382375,23.86815],[90.382375,23.867627],[90.382518,23.866723],[90.382851,23.865676],[90.383089,23.864533],[90.383327,23.863915],[90.383184,23.863296],[90.382661,23.862535],[90.383042,23.861678],[90.383565,23.861107],[90.384612,23.85987],[90.386578,23.8574],[90.389318,23.859291],[90.389702,23.859557],[90.391145,23.860474],[90.391316,23.860583],[90.392518,23.861346],[90.393277,23.861368],[90.393208,23.862495],[90.393066,23.863601],[90.392994,23.865172],[90.393315,23.868312],[90.393244,23.869811],[90.393672,23.870597],[90.393565,23.874166],[90.394208,23.874915],[90.395207,23.875522],[90.395421,23.8762],[90.395243,23.876736],[90.39485,23.877342],[90.394779,23.878092],[90.394922,23.878877],[90.394707,23.87927],[90.394458,23.879377],[90.394029,23.880269],[90.393966,23.880747]]]},"properties":{"city_corp":"DNCC","ward_no":51,"zone":"Zone-6","dghs_ward_id":40651}},{"type":"Feature","geometry":{"type":"Polygon","coordinates":[[[90.379692,23.869507],[90.377908,23.868644],[90.376123,23.867811],[90.374458,23.867216],[90.372465,23.866354],[90.371692,23.866383],[90.371216,23.866413],[90.370085,23.866086],[90.369491,23.865937],[90.36726,23.865134],[90.366367,23.86451],[90.36494,23.864361],[90.361281,23.864272],[90.359735,23.864093],[90.357742,23.863796],[90.355541,23.86332],[90.354143,23.863082],[90.352924,23.863231],[90.351704,23.863558],[90.349829,23.864261],[90.34955,23.863941],[90.348798,23.863027],[90.348246,23.861932],[90.347237,23.860086],[90.346504,23.859058],[90.345714,23.858392],[90.34481,23.857706],[90.344124,23.857164],[90.344515,23.856545],[90.345171,23.855936],[90.345876,23.855413],[90.346789,23.855108],[90.347903,23.854851],[90.349578,23.854727],[90.350568,23.854623],[90.352029,23.854746],[90.352862,23.854271],[90.355222,23.852319],[90.357183,23.850939],[90.357468,23.850673],[90.358144,23.850235],[90.358772,23.849921],[90.35941,23.849483],[90.360143,23.849064],[90.360238,23.848998],[90.360181,23.848883],[90.360257,23.848655],[90.360362,23.848579],[90.360715,23.848546],[90.360781,23.848388],[90.360685,23.848208],[90.365057,23.847786],[90.371541,23.846954],[90.379155,23.845704],[90.381773,23.845407],[90.382189,23.845348],[90.382181,23.845793],[90.382585,23.846198],[90.382871,23.846483],[90.382871,23.846864],[90.383534,23.847291],[90.383683,23.84741],[90.384069,23.847559],[90.383822,23.847958],[90.38456,23.848101],[90.385155,23.848244],[90.385155,23.848863],[90.38506,23.849505],[90.386464,23.849743],[90.387082,23.849767],[90.387249,23.849196],[90.387939,23.849124],[90.39073,23.849154],[90.390377,23.849595],[90.389997,23.850069],[90.387195,23.853738],[90.386578,23.854559],[90.386261,23.855157],[90.385885,23.855646],[90.385973,23.855786],[90.385959,23.855939],[90.385539,23.856468],[90.385496,23.856629],[90.385605,23.856729],[90.386578,23.8574],[90.384612,23.85987],[90.383565,23.861107],[90.383042,23.861678],[90.382661,23.862535],[90.383184,23.863296],[90.383327,23.863915],[90.383089,23.864533],[90.382851,23.865676],[90.382518,23.866723],[90.382375,23.867627],[90.382375,23.86815],[90.382137,23.868769],[90.381566,23.869007],[90.38071,23.868769],[90.379692,23.869507]]]},"properties":{"city_corp":"DNCC","ward_no":52,"zone":"Zone-6","dghs_ward_id":40652}},{"type":"Feature","geometry":{"type":"Polygon","coordinates":[[[90.354461,23.878874],[90.353252,23.877865],[90.352728,23.877199],[90.352338,23.876999],[90.351767,23.876961],[90.351396,23.877037],[90.351091,23.877132],[90.350863,23.877132],[90.350739,23.87699],[90.350568,23.87659],[90.35053,23.876342],[90.350558,23.875971],[90.350577,23.875419],[90.350815,23.873811],[90.351053,23.870508],[90.35112,23.86968],[90.351158,23.869204],[90.351149,23.867729],[90.351072,23.866796],[90.350825,23.865939],[90.35093,23.865787],[90.350606,23.86513],[90.350378,23.864949],[90.350197,23.864683],[90.349829,23.864261],[90.351704,23.863558],[90.352924,23.863231],[90.354143,23.863082],[90.355541,23.86332],[90.357742,23.863796],[90.359735,23.864093],[90.361281,23.864272],[90.36494,23.864361],[90.366367,23.86451],[90.36726,23.865134],[90.369491,23.865937],[90.370085,23.866086],[90.371216,23.866413],[90.371692,23.866383],[90.372465,23.866354],[90.374458,23.867216],[90.376123,23.867811],[90.377908,23.868644],[90.379692,23.869507],[90.379425,23.869774],[90.379246,23.871083],[90.378979,23.871886],[90.378711,23.87254],[90.378443,23.873462],[90.378919,23.874503],[90.379544,23.875366],[90.38002,23.875931],[90.381358,23.87605],[90.382875,23.876883],[90.384392,23.877299],[90.385671,23.877954],[90.385909,23.87834],[90.385998,23.879322],[90.386117,23.879976],[90.386385,23.88072],[90.386325,23.881909],[90.386028,23.882891],[90.386295,23.884557],[90.386533,23.88652],[90.386771,23.887412],[90.381596,23.885568],[90.374011,23.883218],[90.369223,23.881463],[90.367646,23.881136],[90.362412,23.880303],[90.358367,23.879292],[90.356255,23.878935],[90.354461,23.878874]]]},"properties":{"city_corp":"DNCC","ward_no":53,"zone":"Zone-6","dghs_ward_id":40653}},{"type":"Feature","geometry":{"type":"Polygon","coordinates":[[[90.386771,23.887412],[90.389537,23.888245],[90.390846,23.888483],[90.391738,23.88881],[90.392331,23.889249],[90.391932,23.889806],[90.391675,23.89012],[90.390982,23.890798],[90.39054,23.891198],[90.390154,23.891554],[90.390011,23.891869],[90.389754,23.892404],[90.389654,23.893039],[90.38959,23.893318],[90.389562,23.893468],[90.38949,23.893667],[90.389497,23.893882],[90.389419,23.89396],[90.389269,23.894124],[90.389133,23.894303],[90.389041,23.894531],[90.388955,23.894624],[90.388605,23.894845],[90.388255,23.895074],[90.387934,23.895316],[90.387656,23.895638],[90.387292,23.896087],[90.387077,23.896323],[90.386599,23.896865],[90.386592,23.896994],[90.386556,23.897208],[90.386542,23.897337],[90.386321,23.897558],[90.386064,23.897751],[90.386042,23.897822],[90.386071,23.897979],[90.386178,23.898179],[90.386285,23.89835],[90.386449,23.898507],[90.386656,23.898571],[90.386842,23.89855],[90.386999,23.89855],[90.387249,23.898571],[90.38742,23.89855],[90.387649,23.89855],[90.387856,23.898564],[90.38797,23.898721],[90.387977,23.898857],[90.387906,23.899028],[90.387741,23.899085],[90.387434,23.899085],[90.387277,23.899],[90.38717,23.899],[90.386985,23.89905],[90.386805,23.899086],[90.386353,23.899086],[90.38596,23.898789],[90.385544,23.898408],[90.385389,23.898396],[90.384342,23.898634],[90.383283,23.898979],[90.382653,23.898991],[90.381463,23.899264],[90.38069,23.899467],[90.380178,23.899598],[90.379785,23.899526],[90.379036,23.899276],[90.378132,23.898777],[90.377537,23.898158],[90.376537,23.897527],[90.375645,23.897159],[90.374836,23.896742],[90.373468,23.896397],[90.371683,23.896314],[90.369851,23.896314],[90.368745,23.896017],[90.36815,23.895612],[90.367484,23.895422],[90.366532,23.895172],[90.365235,23.894898],[90.364271,23.894613],[90.363343,23.894315],[90.362237,23.893804],[90.361773,23.89378],[90.360286,23.893435],[90.359715,23.893149],[90.359536,23.892412],[90.359715,23.891626],[90.359594,23.890672],[90.359191,23.890391],[90.358211,23.88962],[90.357849,23.889049],[90.357859,23.888516],[90.358192,23.887783],[90.358201,23.887535],[90.358268,23.887345],[90.358315,23.887098],[90.358439,23.886831],[90.358439,23.886507],[90.358534,23.886384],[90.358496,23.886279],[90.358563,23.886117],[90.358706,23.885936],[90.358867,23.885422],[90.358972,23.884927],[90.359115,23.884585],[90.359077,23.88408],[90.358953,23.883367],[90.358715,23.88271],[90.358525,23.88231],[90.358173,23.881815],[90.357992,23.881644],[90.357668,23.88153],[90.356916,23.881311],[90.356583,23.88113],[90.356412,23.880949],[90.355384,23.879569],[90.354461,23.878874],[90.356255,23.878935],[90.358367,23.879292],[90.362412,23.880303],[90.367646,23.881136],[90.369223,23.881463],[90.374011,23.883218],[90.381596,23.885568],[90.386771,23.887412]]]},"properties":{"city_corp":"DNCC","ward_no":54,"zone":"Zone-6","dghs_ward_id":40654}},{"type":"Feature","geometry":{"type":"Polygon","coordinates":[[[90.429741,23.75186],[90.429711,23.75195],[90.429693,23.75207],[90.429589,23.752078],[90.429469,23.752249],[90.429377,23.75223],[90.429325,23.752317],[90.429258,23.752665],[90.429068,23.753065],[90.429068,23.753522],[90.428706,23.753655],[90.428421,23.753826],[90.428097,23.754017],[90.427869,23.753979],[90.427735,23.753769],[90.427488,23.753655],[90.427317,23.75356],[90.426026,23.753444],[90.426027,23.753424],[90.426036,23.753319],[90.425955,23.75324],[90.4257,23.752477],[90.425724,23.752216],[90.425712,23.752186],[90.425732,23.75199],[90.42577,23.751916],[90.425793,23.751643],[90.425753,23.751587],[90.425726,23.751466],[90.425734,23.75134],[90.425677,23.751295],[90.425663,23.751161],[90.425405,23.751139],[90.425401,23.750982],[90.425078,23.750998],[90.424974,23.750547],[90.424349,23.751017],[90.423911,23.751269],[90.42352,23.751418],[90.421633,23.752015],[90.420438,23.752259],[90.419876,23.752328],[90.418527,23.752347],[90.417822,23.752263],[90.417316,23.752132],[90.417037,23.752002],[90.416698,23.751778],[90.416474,23.751454],[90.416291,23.750874],[90.416142,23.750223],[90.416015,23.749433],[90.415978,23.749196],[90.41666,23.749104],[90.420295,23.748616],[90.420955,23.748517],[90.421896,23.748377],[90.422642,23.748185],[90.423185,23.747978],[90.423812,23.747685],[90.424508,23.747208],[90.425061,23.746725],[90.425557,23.746158],[90.425863,23.745708],[90.42605,23.745326],[90.426243,23.744884],[90.426316,23.744718],[90.426465,23.744201],[90.426527,23.743818],[90.426545,23.743517],[90.427491,23.743507],[90.427937,23.743269],[90.428413,23.743388],[90.429186,23.743388],[90.429513,23.743388],[90.429538,23.743745],[90.429897,23.743766],[90.429888,23.743979],[90.429871,23.744102],[90.429863,23.744196],[90.430377,23.744274],[90.430338,23.744355],[90.430438,23.744394],[90.430378,23.744512],[90.430474,23.744553],[90.43049,23.744513],[90.430497,23.74447],[90.430521,23.74443],[90.430668,23.744491],[90.43076,23.744322],[90.430922,23.744389],[90.430901,23.744439],[90.431154,23.744548],[90.431121,23.74465],[90.431229,23.744696],[90.431157,23.744935],[90.431105,23.744937],[90.431081,23.745123],[90.431265,23.745145],[90.43131,23.745322],[90.431348,23.745391],[90.431396,23.745581],[90.431414,23.745749],[90.431373,23.745816],[90.430941,23.74582],[90.430796,23.745889],[90.430753,23.746033],[90.430671,23.746017],[90.430657,23.746079],[90.43065,23.746186],[90.430576,23.746412],[90.430594,23.746431],[90.430581,23.746549],[90.430561,23.746632],[90.430555,23.746705],[90.430508,23.746939],[90.430295,23.746901],[90.430284,23.746988],[90.4305,23.747017],[90.430493,23.747089],[90.430272,23.747077],[90.430227,23.747488],[90.430223,23.747523],[90.430159,23.748108],[90.430367,23.748127],[90.43035,23.748407],[90.43037,23.748723],[90.430135,23.748726],[90.430134,23.748851],[90.430382,23.748844],[90.430421,23.749075],[90.43043,23.7491],[90.430435,23.749142],[90.430462,23.74936],[90.430478,23.749559],[90.430482,23.74967],[90.430471,23.749872],[90.430384,23.749872],[90.430384,23.749988],[90.430307,23.749984],[90.430277,23.7501],[90.43024,23.750241],[90.430113,23.750353],[90.430099,23.750419],[90.430155,23.750433],[90.43009,23.750704],[90.430046,23.750703],[90.429945,23.751084],[90.430007,23.751101],[90.429984,23.751204],[90.429974,23.751231],[90.429914,23.751347],[90.429741,23.75186]]]},"properties":{"city_corp":"DSCC","ward_no":1,"zone":"Zone no - 2","dghs_ward_id":50201}},{"type":"Feature","geometry":{"type":"Polygon","coordinates":[[[90.442413,23.746663],[90.44226,23.747206],[90.442306,23.747215],[90.442203,23.748056],[90.442037,23.748719],[90.441875,23.7492],[90.44179,23.74918],[90.441731,23.749348],[90.441581,23.749319],[90.44155,23.749444],[90.441129,23.749668],[90.440385,23.750085],[90.439872,23.750569],[90.439474,23.750576],[90.4394,23.750671],[90.439392,23.751066],[90.439279,23.751066],[90.439279,23.751228],[90.439173,23.751413],[90.439167,23.751559],[90.439234,23.751563],[90.439237,23.751793],[90.439124,23.751792],[90.439121,23.752126],[90.438469,23.752123],[90.438216,23.752094],[90.437997,23.752018],[90.437914,23.752039],[90.437513,23.751939],[90.437373,23.752175],[90.437293,23.752136],[90.437102,23.752106],[90.436915,23.751938],[90.436548,23.752167],[90.436221,23.751899],[90.435715,23.752018],[90.435507,23.752286],[90.434972,23.752375],[90.434407,23.752286],[90.433068,23.752435],[90.432295,23.752673],[90.430927,23.752613],[90.430838,23.752167],[90.430762,23.752156],[90.430724,23.752137],[90.430543,23.752113],[90.430478,23.752239],[90.43031,23.752197],[90.430005,23.75207],[90.429906,23.751973],[90.429741,23.75186],[90.429914,23.751347],[90.429974,23.751231],[90.429984,23.751204],[90.430007,23.751101],[90.429945,23.751084],[90.430046,23.750703],[90.43009,23.750704],[90.430155,23.750433],[90.430099,23.750419],[90.430113,23.750353],[90.43024,23.750241],[90.430277,23.7501],[90.430307,23.749984],[90.430323,23.749873],[90.430361,23.749842],[90.430371,23.749722],[90.430375,23.749559],[90.430478,23.749559],[90.430462,23.74936],[90.430435,23.749142],[90.43043,23.7491],[90.430421,23.749075],[90.430382,23.748844],[90.430134,23.748851],[90.430135,23.748726],[90.43037,23.748723],[90.43035,23.748407],[90.430367,23.748127],[90.430159,23.748108],[90.430223,23.747523],[90.430227,23.747488],[90.430272,23.747077],[90.430493,23.747089],[90.4305,23.747017],[90.430284,23.746988],[90.430295,23.746901],[90.430508,23.746939],[90.430555,23.746705],[90.430561,23.746632],[90.430581,23.746549],[90.430594,23.746431],[90.430576,23.746412],[90.43065,23.746186],[90.430657,23.746079],[90.430671,23.746017],[90.430753,23.746033],[90.430796,23.745889],[90.430941,23.74582],[90.431373,23.745816],[90.431414,23.745749],[90.431396,23.745581],[90.431348,23.745391],[90.43131,23.745322],[90.431265,23.745145],[90.431081,23.745123],[90.431105,23.744937],[90.431157,23.744935],[90.431229,23.744696],[90.431379,23.744374],[90.431467,23.74415],[90.432533,23.74366],[90.433574,23.743363],[90.434141,23.742979],[90.434244,23.742547],[90.434463,23.742614],[90.434552,23.742664],[90.434656,23.742676],[90.434786,23.742326],[90.434911,23.742363],[90.434856,23.742539],[90.435344,23.742636],[90.435332,23.742788],[90.435809,23.742812],[90.435929,23.742784],[90.435862,23.742363],[90.436053,23.742397],[90.436133,23.742285],[90.436199,23.742134],[90.43638,23.741543],[90.437338,23.742066],[90.437039,23.742545],[90.437008,23.742784],[90.437009,23.743018],[90.436957,23.743779],[90.436917,23.743928],[90.436902,23.744469],[90.437119,23.744432],[90.437319,23.744416],[90.43736,23.744427],[90.437603,23.744607],[90.437746,23.744661],[90.438368,23.744843],[90.438665,23.744897],[90.439034,23.745004],[90.439401,23.7457],[90.439445,23.746106],[90.439506,23.746398],[90.439494,23.746739],[90.439522,23.74685],[90.439563,23.746864],[90.439655,23.746841],[90.439665,23.746869],[90.439612,23.747408],[90.440028,23.747586],[90.440385,23.747289],[90.440891,23.747319],[90.441039,23.747081],[90.441129,23.746516],[90.441426,23.746337],[90.441723,23.74601],[90.441783,23.745802],[90.441921,23.745672],[90.442024,23.745893],[90.442047,23.746523],[90.442178,23.746642],[90.442413,23.746663]]]},"properties":{"city_corp":"DSCC","ward_no":2,"zone":"Zone no - 2","dghs_ward_id":50202}},{"type":"Feature","geometry":{"type":"Polygon","coordinates":[[[90.448636,23.760593],[90.448872,23.760854],[90.449036,23.760964],[90.448993,23.76125],[90.448707,23.76125],[90.448308,23.761464],[90.448151,23.761835],[90.447865,23.761949],[90.447337,23.762063],[90.447565,23.762235],[90.447879,23.762406],[90.448208,23.762377],[90.448507,23.76212],[90.448764,23.761963],[90.449121,23.761992],[90.449628,23.762235],[90.449414,23.762948],[90.448914,23.763412],[90.448772,23.764019],[90.44895,23.764412],[90.449485,23.764947],[90.44945,23.765518],[90.448914,23.765625],[90.448308,23.765625],[90.448379,23.766054],[90.448914,23.766518],[90.4487,23.766982],[90.447951,23.767124],[90.447344,23.767517],[90.446987,23.767981],[90.446416,23.767838],[90.445881,23.767696],[90.445095,23.767624],[90.445095,23.766768],[90.44456,23.766768],[90.444096,23.766768],[90.443703,23.767232],[90.443525,23.767838],[90.444167,23.768052],[90.444346,23.768338],[90.443239,23.768374],[90.442668,23.768588],[90.442347,23.768302],[90.441919,23.768052],[90.440955,23.768124],[90.440562,23.767767],[90.440527,23.767089],[90.440277,23.76666],[90.439063,23.766625],[90.438599,23.766232],[90.438135,23.765911],[90.4381,23.765304],[90.437921,23.764697],[90.43735,23.764233],[90.436315,23.763662],[90.435566,23.764091],[90.434959,23.763984],[90.43453,23.763234],[90.434102,23.763163],[90.433139,23.763305],[90.432567,23.762913],[90.432282,23.762306],[90.431668,23.761798],[90.431495,23.761207],[90.431316,23.76112],[90.431308,23.761053],[90.431202,23.76107],[90.430756,23.76082],[90.430213,23.760942],[90.430067,23.7606],[90.4297,23.759738],[90.429247,23.758725],[90.428641,23.758411],[90.427909,23.758104],[90.427252,23.757743],[90.427107,23.756168],[90.42684,23.755483],[90.426594,23.75539],[90.42634,23.755553],[90.426025,23.755699],[90.425769,23.755838],[90.425581,23.755924],[90.425525,23.75583],[90.425422,23.755785],[90.425476,23.755642],[90.425475,23.755563],[90.425496,23.755428],[90.425533,23.755303],[90.425676,23.755165],[90.425752,23.75501],[90.425743,23.754891],[90.425693,23.754812],[90.425714,23.754749],[90.425738,23.754712],[90.425804,23.754679],[90.425822,23.754591],[90.425791,23.75453],[90.425609,23.754394],[90.425655,23.753668],[90.425781,23.753674],[90.425975,23.753596],[90.426024,23.753494],[90.426026,23.753444],[90.427317,23.75356],[90.427488,23.753655],[90.427735,23.753769],[90.427869,23.753979],[90.428097,23.754017],[90.428421,23.753826],[90.428706,23.753655],[90.429068,23.753522],[90.429068,23.753065],[90.429258,23.752665],[90.429325,23.752317],[90.429377,23.75223],[90.429469,23.752249],[90.429589,23.752078],[90.429693,23.75207],[90.429711,23.75195],[90.429741,23.75186],[90.429906,23.751973],[90.430005,23.75207],[90.43031,23.752197],[90.430478,23.752239],[90.430543,23.752113],[90.430724,23.752137],[90.430762,23.752156],[90.430838,23.752167],[90.430927,23.752613],[90.432295,23.752673],[90.433068,23.752435],[90.434407,23.752286],[90.434972,23.752375],[90.435507,23.752286],[90.435715,23.752018],[90.436221,23.751899],[90.436548,23.752167],[90.436915,23.751938],[90.437102,23.752106],[90.437293,23.752136],[90.437373,23.752175],[90.437513,23.751939],[90.437914,23.752039],[90.437997,23.752018],[90.438216,23.752094],[90.438469,23.752123],[90.439121,23.752126],[90.439124,23.751792],[90.439237,23.751793],[90.439234,23.751563],[90.439167,23.751559],[90.439173,23.751413],[90.439279,23.751228],[90.439279,23.751066],[90.439392,23.751066],[90.4394,23.750671],[90.439474,23.750576],[90.439872,23.750569],[90.440385,23.750085],[90.441129,23.749668],[90.44155,23.749444],[90.441528,23.749536],[90.441429,23.749903],[90.441421,23.750333],[90.441991,23.751304],[90.442289,23.752792],[90.442505,23.754115],[90.44274,23.754297],[90.443025,23.754796],[90.443325,23.755339],[90.443697,23.755481],[90.443953,23.755439],[90.444399,23.755875],[90.444396,23.756238],[90.444396,23.756467],[90.44441,23.756967],[90.444449,23.757452],[90.444467,23.75768],[90.444624,23.75818],[90.444746,23.758529],[90.444838,23.758794],[90.445082,23.759022],[90.445142,23.759079],[90.445195,23.759593],[90.445509,23.759593],[90.445897,23.759555],[90.44602,23.759465],[90.44628,23.759451],[90.446337,23.759579],[90.446261,23.759924],[90.446337,23.760107],[90.446323,23.760464],[90.446466,23.760593],[90.447029,23.760584],[90.447579,23.760593],[90.448636,23.760593]]]},"properties":{"city_corp":"DSCC","ward_no":3,"zone":"Zone no - 2","dghs_ward_id":50203}},{"type":"Feature","geometry":{"type":"Polygon","coordinates":[[[90.442413,23.746663],[90.442178,23.746642],[90.442047,23.746523],[90.442024,23.745893],[90.441921,23.745672],[90.441783,23.745802],[90.441723,23.74601],[90.441426,23.746337],[90.441129,23.746516],[90.441039,23.747081],[90.440891,23.747319],[90.440385,23.747289],[90.440028,23.747586],[90.439612,23.747408],[90.439665,23.746869],[90.439655,23.746841],[90.439563,23.746864],[90.439522,23.74685],[90.439494,23.746739],[90.439506,23.746398],[90.439445,23.746106],[90.439401,23.7457],[90.439034,23.745004],[90.438665,23.744897],[90.438368,23.744843],[90.437746,23.744661],[90.437603,23.744607],[90.43736,23.744427],[90.437319,23.744416],[90.437119,23.744432],[90.436902,23.744469],[90.436917,23.743928],[90.436957,23.743779],[90.437009,23.743018],[90.437008,23.742784],[90.437039,23.742545],[90.437338,23.742066],[90.43638,23.741543],[90.436199,23.742134],[90.436133,23.742285],[90.436053,23.742397],[90.435862,23.742363],[90.435929,23.742784],[90.435809,23.742812],[90.435332,23.742788],[90.435344,23.742636],[90.434856,23.742539],[90.434911,23.742363],[90.434786,23.742326],[90.434656,23.742676],[90.434552,23.742664],[90.434463,23.742614],[90.434244,23.742547],[90.434141,23.742979],[90.433574,23.743363],[90.432533,23.74366],[90.431467,23.74415],[90.431379,23.744374],[90.431229,23.744696],[90.431121,23.74465],[90.431154,23.744548],[90.430901,23.744439],[90.430922,23.744389],[90.43076,23.744322],[90.430668,23.744491],[90.430521,23.74443],[90.430497,23.74447],[90.43049,23.744513],[90.430474,23.744553],[90.430378,23.744512],[90.430438,23.744394],[90.430338,23.744355],[90.430377,23.744274],[90.429863,23.744196],[90.429871,23.744102],[90.429888,23.743979],[90.429897,23.743766],[90.429538,23.743745],[90.429513,23.743388],[90.429186,23.743388],[90.428413,23.743388],[90.427937,23.743269],[90.427491,23.743507],[90.426545,23.743517],[90.42673,23.740506],[90.426932,23.740527],[90.427018,23.740329],[90.427622,23.739579],[90.428135,23.739063],[90.428382,23.73864],[90.428395,23.738514],[90.428908,23.738557],[90.429449,23.738401],[90.430271,23.73811],[90.430238,23.737925],[90.430107,23.737836],[90.430274,23.737532],[90.430561,23.737546],[90.430647,23.737326],[90.430728,23.737346],[90.430803,23.737211],[90.431123,23.737395],[90.431218,23.737268],[90.431428,23.737369],[90.431634,23.73748],[90.431814,23.737595],[90.431906,23.737676],[90.432131,23.737928],[90.43244,23.738286],[90.43258,23.73849],[90.432784,23.738714],[90.433001,23.73892],[90.433105,23.739043],[90.433335,23.738868],[90.43335,23.738824],[90.433684,23.738905],[90.433842,23.738932],[90.433861,23.738922],[90.433908,23.738931],[90.434042,23.738937],[90.434217,23.738993],[90.434157,23.739108],[90.434515,23.7392],[90.434532,23.739155],[90.434789,23.7393],[90.434869,23.739361],[90.43501,23.739146],[90.435203,23.739282],[90.435446,23.73938],[90.435492,23.739246],[90.435741,23.739327],[90.435792,23.739325],[90.436296,23.739488],[90.436333,23.7394],[90.43643,23.7391],[90.436472,23.739104],[90.4367,23.739245],[90.436897,23.739294],[90.436974,23.739368],[90.436955,23.739416],[90.437117,23.739481],[90.437167,23.739501],[90.437469,23.739572],[90.437773,23.739621],[90.437813,23.739653],[90.437848,23.73968],[90.437905,23.739689],[90.438074,23.739698],[90.438533,23.739742],[90.438548,23.739696],[90.438619,23.739314],[90.438666,23.739311],[90.438864,23.739346],[90.43903,23.739433],[90.439268,23.739488],[90.439302,23.739401],[90.439341,23.739391],[90.439487,23.739397],[90.439522,23.739404],[90.439619,23.739446],[90.439711,23.739463],[90.439933,23.739499],[90.439953,23.739483],[90.440109,23.739515],[90.440128,23.739506],[90.440307,23.739539],[90.440358,23.739593],[90.440593,23.739679],[90.44066,23.739524],[90.440695,23.739543],[90.44088,23.739315],[90.441277,23.739688],[90.441529,23.740047],[90.441523,23.74023],[90.441757,23.740651],[90.441933,23.741102],[90.441951,23.741281],[90.442105,23.74125],[90.442164,23.741455],[90.44223,23.741611],[90.442361,23.741836],[90.44248,23.74203],[90.442651,23.742306],[90.443004,23.742753],[90.4433,23.743143],[90.443129,23.743396],[90.443065,23.743795],[90.442869,23.744609],[90.442706,23.745653],[90.442574,23.746124],[90.442435,23.746583],[90.442413,23.746663]]]},"properties":{"city_corp":"DSCC","ward_no":4,"zone":"Zone no - 2","dghs_ward_id":50204}},{"type":"Feature","geometry":{"type":"Polygon","coordinates":[[[90.437246,23.734833],[90.4373,23.734923],[90.437405,23.735069],[90.437913,23.735754],[90.438165,23.73569],[90.438317,23.735636],[90.438292,23.735522],[90.438529,23.735482],[90.438452,23.735283],[90.438394,23.735073],[90.438643,23.734924],[90.438874,23.734853],[90.438776,23.734528],[90.438598,23.734335],[90.438598,23.734108],[90.438768,23.734057],[90.438833,23.733396],[90.43911,23.733427],[90.43913,23.733011],[90.439246,23.732994],[90.439441,23.732935],[90.43947,23.733159],[90.439521,23.733255],[90.439527,23.733366],[90.439634,23.733376],[90.439703,23.733358],[90.439882,23.733273],[90.439962,23.733455],[90.440285,23.733465],[90.4403,23.733622],[90.440404,23.733647],[90.440479,23.733406],[90.440909,23.733519],[90.441093,23.732995],[90.44137,23.733047],[90.441528,23.732982],[90.441759,23.732962],[90.442216,23.733045],[90.442448,23.733153],[90.442822,23.733228],[90.443654,23.733382],[90.443596,23.733548],[90.443526,23.734198],[90.443438,23.734283],[90.443426,23.734602],[90.443256,23.73586],[90.443184,23.735873],[90.443136,23.736402],[90.443112,23.737094],[90.443044,23.737523],[90.443016,23.737781],[90.443222,23.73792],[90.443333,23.738121],[90.443474,23.73816],[90.44386,23.738156],[90.443884,23.738145],[90.444004,23.738144],[90.444056,23.73818],[90.444259,23.738176],[90.444248,23.738287],[90.444465,23.738324],[90.444529,23.738396],[90.444546,23.738484],[90.444601,23.738645],[90.444606,23.738854],[90.444488,23.739646],[90.444674,23.739854],[90.444665,23.740093],[90.444435,23.740125],[90.444318,23.740223],[90.444068,23.740225],[90.444067,23.74014],[90.443552,23.740137],[90.443503,23.740373],[90.443405,23.740668],[90.443393,23.74082],[90.44338,23.74107],[90.443313,23.741425],[90.443175,23.74208],[90.442702,23.742059],[90.44248,23.74203],[90.442361,23.741836],[90.44223,23.741611],[90.442164,23.741455],[90.442105,23.74125],[90.441951,23.741281],[90.441933,23.741102],[90.441757,23.740651],[90.441523,23.74023],[90.441529,23.740047],[90.441277,23.739688],[90.44088,23.739315],[90.440695,23.739543],[90.44066,23.739524],[90.440593,23.739679],[90.440358,23.739593],[90.440307,23.739539],[90.440128,23.739506],[90.440109,23.739515],[90.439953,23.739483],[90.439933,23.739499],[90.439711,23.739463],[90.439619,23.739446],[90.439522,23.739404],[90.439487,23.739397],[90.439341,23.739391],[90.439302,23.739401],[90.439268,23.739488],[90.43903,23.739433],[90.438864,23.739346],[90.438666,23.739311],[90.438619,23.739314],[90.438548,23.739696],[90.438533,23.739742],[90.438074,23.739698],[90.437905,23.739689],[90.437848,23.73968],[90.437813,23.739653],[90.437773,23.739621],[90.437469,23.739572],[90.437167,23.739501],[90.437117,23.739481],[90.436955,23.739416],[90.436974,23.739368],[90.436897,23.739294],[90.4367,23.739245],[90.436472,23.739104],[90.43643,23.7391],[90.436333,23.7394],[90.436296,23.739488],[90.435792,23.739325],[90.435741,23.739327],[90.435492,23.739246],[90.435446,23.73938],[90.435203,23.739282],[90.43501,23.739146],[90.434869,23.739361],[90.434789,23.7393],[90.434532,23.739155],[90.434515,23.7392],[90.434157,23.739108],[90.434217,23.738993],[90.434042,23.738937],[90.433908,23.738931],[90.433861,23.738922],[90.433842,23.738932],[90.433684,23.738905],[90.43335,23.738824],[90.433335,23.738868],[90.433105,23.739043],[90.433001,23.73892],[90.432784,23.738714],[90.43258,23.73849],[90.43244,23.738286],[90.432131,23.737928],[90.431906,23.737676],[90.431814,23.737595],[90.431634,23.73748],[90.431428,23.737369],[90.431218,23.737268],[90.431123,23.737395],[90.430803,23.737211],[90.430728,23.737346],[90.430647,23.737326],[90.430561,23.737546],[90.430274,23.737532],[90.430107,23.737836],[90.430238,23.737925],[90.430271,23.73811],[90.429449,23.738401],[90.428908,23.738557],[90.428395,23.738514],[90.428434,23.738147],[90.428582,23.734043],[90.428505,23.732259],[90.42939,23.732247],[90.429395,23.732661],[90.429386,23.732929],[90.429369,23.73298],[90.429373,23.733378],[90.429644,23.733282],[90.42961,23.73326],[90.429726,23.733064],[90.430251,23.733252],[90.430302,23.733068],[90.430369,23.733044],[90.430686,23.733133],[90.430717,23.733012],[90.431211,23.733079],[90.431469,23.733108],[90.431395,23.733466],[90.431761,23.733525],[90.431842,23.733244],[90.432249,23.733263],[90.432652,23.733294],[90.432668,23.73334],[90.432855,23.733308],[90.432934,23.733391],[90.433057,23.733348],[90.433119,23.733277],[90.433209,23.733313],[90.433681,23.733504],[90.433591,23.733732],[90.433615,23.733793],[90.433527,23.734035],[90.433596,23.734068],[90.433579,23.73412],[90.433655,23.734187],[90.433738,23.734283],[90.433814,23.734604],[90.434098,23.734589],[90.434254,23.734626],[90.434551,23.734669],[90.434604,23.73469],[90.434697,23.734689],[90.434912,23.734599],[90.435108,23.734584],[90.43518,23.734982],[90.435512,23.734993],[90.435584,23.735031],[90.435677,23.734807],[90.435934,23.734597],[90.436082,23.734534],[90.436191,23.734532],[90.436214,23.73458],[90.436218,23.734816],[90.436406,23.734827],[90.436521,23.734826],[90.43663,23.73483],[90.43685,23.734822],[90.437246,23.734833]]]},"properties":{"city_corp":"DSCC","ward_no":5,"zone":"Zone no - 2","dghs_ward_id":50205}},{"type":"Feature","geometry":{"type":"Polygon","coordinates":[[[90.437246,23.734833],[90.43685,23.734822],[90.43663,23.73483],[90.436521,23.734826],[90.436406,23.734827],[90.436218,23.734816],[90.436214,23.73458],[90.436191,23.734532],[90.436082,23.734534],[90.435934,23.734597],[90.435677,23.734807],[90.435584,23.735031],[90.435512,23.734993],[90.43518,23.734982],[90.435108,23.734584],[90.434912,23.734599],[90.434697,23.734689],[90.434604,23.73469],[90.434551,23.734669],[90.434254,23.734626],[90.434098,23.734589],[90.433814,23.734604],[90.433738,23.734283],[90.433655,23.734187],[90.433579,23.73412],[90.433596,23.734068],[90.433527,23.734035],[90.433615,23.733793],[90.433591,23.733732],[90.433681,23.733504],[90.433209,23.733313],[90.433119,23.733277],[90.433057,23.733348],[90.432934,23.733391],[90.432855,23.733308],[90.432668,23.73334],[90.432652,23.733294],[90.432249,23.733263],[90.431842,23.733244],[90.431761,23.733525],[90.431395,23.733466],[90.431469,23.733108],[90.431211,23.733079],[90.430717,23.733012],[90.430686,23.733133],[90.430369,23.733044],[90.430302,23.733068],[90.430251,23.733252],[90.429726,23.733064],[90.42961,23.73326],[90.429644,23.733282],[90.429373,23.733378],[90.429369,23.73298],[90.429386,23.732929],[90.429395,23.732661],[90.42939,23.732247],[90.428505,23.732259],[90.428516,23.731204],[90.428578,23.729501],[90.428723,23.725498],[90.429167,23.725493],[90.429673,23.725487],[90.429793,23.725527],[90.429914,23.725538],[90.430269,23.725567],[90.430358,23.725597],[90.430437,23.725582],[90.430763,23.725572],[90.430842,23.725556],[90.430873,23.725538],[90.430893,23.725553],[90.430981,23.725531],[90.431022,23.725538],[90.431066,23.725546],[90.431172,23.725588],[90.431377,23.725602],[90.431622,23.725688],[90.431733,23.725726],[90.431726,23.725935],[90.431691,23.726162],[90.431655,23.726316],[90.432533,23.726565],[90.432873,23.726588],[90.433771,23.726588],[90.433781,23.726533],[90.433825,23.726481],[90.433915,23.726478],[90.433992,23.726447],[90.433862,23.72606],[90.433868,23.726017],[90.433909,23.725731],[90.434399,23.725746],[90.434406,23.725661],[90.43455,23.725654],[90.434716,23.725691],[90.434768,23.725977],[90.434651,23.726617],[90.434654,23.727447],[90.434803,23.728318],[90.434846,23.728678],[90.434811,23.728744],[90.434852,23.7289],[90.435009,23.729585],[90.435212,23.730224],[90.435413,23.731007],[90.435531,23.731372],[90.435675,23.731816],[90.435748,23.731947],[90.435866,23.732112],[90.435885,23.732195],[90.436432,23.733409],[90.436704,23.733936],[90.436867,23.734213],[90.436934,23.734288],[90.437068,23.734501],[90.437107,23.7346],[90.437246,23.734833]]]},"properties":{"city_corp":"DSCC","ward_no":6,"zone":"Zone no - 2","dghs_ward_id":50206}},{"type":"Feature","geometry":{"type":"Polygon","coordinates":[[[90.434768,23.725977],[90.434716,23.725691],[90.43455,23.725654],[90.434406,23.725661],[90.434399,23.725746],[90.433909,23.725731],[90.433868,23.726017],[90.433862,23.72606],[90.433992,23.726447],[90.433915,23.726478],[90.433825,23.726481],[90.433781,23.726533],[90.433771,23.726588],[90.432873,23.726588],[90.432533,23.726565],[90.431655,23.726316],[90.431691,23.726162],[90.431726,23.725935],[90.431733,23.725726],[90.431622,23.725688],[90.431377,23.725602],[90.431172,23.725588],[90.431066,23.725546],[90.431022,23.725538],[90.430981,23.725531],[90.430893,23.725553],[90.430873,23.725538],[90.430842,23.725556],[90.430763,23.725572],[90.430437,23.725582],[90.430358,23.725597],[90.430269,23.725567],[90.429914,23.725538],[90.429793,23.725527],[90.429673,23.725487],[90.429167,23.725493],[90.428723,23.725498],[90.428741,23.724875],[90.428816,23.722284],[90.428817,23.722238],[90.42893,23.720472],[90.428689,23.720465],[90.428693,23.720409],[90.428633,23.720402],[90.428554,23.720392],[90.428328,23.720382],[90.428329,23.720276],[90.428351,23.720049],[90.428961,23.720059],[90.428984,23.719746],[90.429191,23.719768],[90.429297,23.719734],[90.429393,23.719752],[90.429594,23.719738],[90.429594,23.719706],[90.429849,23.719703],[90.429852,23.719572],[90.429941,23.719575],[90.429945,23.719661],[90.430037,23.719661],[90.430132,23.719691],[90.430273,23.719646],[90.430315,23.7196],[90.430634,23.719612],[90.430634,23.719662],[90.430725,23.7197],[90.430765,23.719736],[90.430776,23.719652],[90.430919,23.719656],[90.431277,23.719732],[90.431255,23.719933],[90.43124,23.7203],[90.431286,23.720832],[90.431486,23.721138],[90.431552,23.721309],[90.431596,23.721573],[90.431826,23.721647],[90.431757,23.722278],[90.432314,23.7224],[90.43236,23.722428],[90.432574,23.722565],[90.433024,23.722551],[90.433375,23.722563],[90.43354,23.722569],[90.433998,23.722606],[90.434353,23.722612],[90.434441,23.722614],[90.434763,23.722573],[90.43522,23.722257],[90.435439,23.722254],[90.435512,23.722165],[90.435933,23.722182],[90.435953,23.722444],[90.4366,23.72249],[90.436594,23.722787],[90.436892,23.722733],[90.43704,23.722655],[90.437629,23.722647],[90.438489,23.72277],[90.438858,23.722769],[90.438858,23.722924],[90.439078,23.722887],[90.439255,23.723173],[90.43925,23.723417],[90.439178,23.723453],[90.439046,23.723443],[90.43877,23.723435],[90.438708,23.723535],[90.438591,23.723936],[90.438533,23.724139],[90.438459,23.724251],[90.438214,23.724312],[90.437866,23.724307],[90.437552,23.724517],[90.437326,23.724712],[90.437047,23.724968],[90.436883,23.725208],[90.436772,23.725352],[90.43662,23.725487],[90.436542,23.72543],[90.436251,23.725579],[90.435475,23.725873],[90.435064,23.725915],[90.435055,23.725995],[90.434768,23.725977]]]},"properties":{"city_corp":"DSCC","ward_no":7,"zone":"Zone no - 5","dghs_ward_id":50507}},{"type":"Feature","geometry":{"type":"Polygon","coordinates":[[[90.422861,23.730506],[90.422858,23.730367],[90.422843,23.729693],[90.421737,23.729704],[90.421908,23.729156],[90.42198,23.728492],[90.422442,23.72847],[90.423045,23.728402],[90.423342,23.728331],[90.423553,23.728136],[90.423673,23.727955],[90.423715,23.727705],[90.423765,23.726918],[90.423845,23.726744],[90.423839,23.726631],[90.423429,23.725283],[90.423415,23.725151],[90.423676,23.724303],[90.423734,23.724265],[90.423796,23.724261],[90.423805,23.724179],[90.423934,23.723936],[90.424034,23.72317],[90.424214,23.721621],[90.423957,23.721618],[90.423959,23.72158],[90.423891,23.721571],[90.423127,23.721551],[90.422358,23.721586],[90.422358,23.721477],[90.422929,23.721383],[90.423268,23.721379],[90.423827,23.721447],[90.42447,23.72147],[90.424704,23.721516],[90.424923,23.721591],[90.425003,23.721668],[90.425303,23.721799],[90.425726,23.721874],[90.427059,23.722016],[90.427107,23.722217],[90.427304,23.722277],[90.427678,23.722276],[90.428468,23.722232],[90.428817,23.722238],[90.428816,23.722284],[90.428741,23.724875],[90.428723,23.725498],[90.428578,23.729501],[90.428516,23.731204],[90.428505,23.732259],[90.428582,23.734043],[90.428434,23.738147],[90.428395,23.738514],[90.428382,23.73864],[90.428135,23.739063],[90.427622,23.739579],[90.427018,23.740329],[90.426932,23.740527],[90.42673,23.740506],[90.42645,23.740517],[90.426233,23.740497],[90.426144,23.740462],[90.426033,23.740396],[90.425761,23.74016],[90.425634,23.740013],[90.425455,23.73959],[90.425462,23.73893],[90.425703,23.738823],[90.425555,23.738103],[90.425519,23.73739],[90.424785,23.737371],[90.424781,23.737069],[90.424728,23.737039],[90.424777,23.736457],[90.425334,23.736486],[90.425429,23.735541],[90.424005,23.735434],[90.424501,23.73424],[90.424839,23.733384],[90.42519,23.732331],[90.424951,23.73228],[90.424424,23.732167],[90.423171,23.732005],[90.422324,23.731814],[90.422324,23.731519],[90.42281,23.7313],[90.422952,23.731221],[90.423104,23.731137],[90.423238,23.731091],[90.423257,23.73071],[90.423161,23.730699],[90.422867,23.730653],[90.422861,23.730506]]]},"properties":{"city_corp":"DSCC","ward_no":8,"zone":"Zone no - 2","dghs_ward_id":50208}},{"type":"Feature","geometry":{"type":"Polygon","coordinates":[[[90.421737,23.729704],[90.421615,23.730095],[90.420988,23.731428],[90.420132,23.732342],[90.419848,23.732644],[90.418189,23.734284],[90.417118,23.734986],[90.416927,23.734848],[90.416561,23.734484],[90.416045,23.733905],[90.415839,23.73358],[90.415308,23.733589],[90.415008,23.733474],[90.415002,23.733285],[90.41496,23.733241],[90.414948,23.732899],[90.414589,23.732899],[90.414587,23.732774],[90.414603,23.732767],[90.414607,23.732647],[90.414485,23.732648],[90.41448,23.732769],[90.414356,23.732769],[90.414388,23.732355],[90.414539,23.732351],[90.414548,23.73217],[90.414394,23.732173],[90.414364,23.731948],[90.41435,23.731804],[90.414936,23.731531],[90.415175,23.73153],[90.415164,23.730148],[90.414634,23.730239],[90.414586,23.729954],[90.414348,23.729835],[90.414301,23.729525],[90.414634,23.729383],[90.415166,23.72943],[90.415168,23.728631],[90.414634,23.728669],[90.414467,23.728336],[90.414277,23.727574],[90.413825,23.727098],[90.413206,23.727075],[90.412611,23.727217],[90.412099,23.727523],[90.412031,23.724821],[90.41193,23.723807],[90.411928,23.722959],[90.412309,23.722953],[90.413379,23.722881],[90.41382,23.722842],[90.414336,23.72275],[90.414586,23.722696],[90.415172,23.722514],[90.415499,23.722413],[90.41587,23.722237],[90.415911,23.722332],[90.416204,23.72223],[90.416901,23.722107],[90.417624,23.722023],[90.418292,23.721913],[90.419023,23.721829],[90.420119,23.721667],[90.420407,23.721584],[90.420891,23.721508],[90.421059,23.721507],[90.421498,23.721503],[90.422358,23.721477],[90.422358,23.721586],[90.423127,23.721551],[90.423891,23.721571],[90.423959,23.72158],[90.423957,23.721618],[90.424214,23.721621],[90.424034,23.72317],[90.423934,23.723936],[90.423805,23.724179],[90.423796,23.724261],[90.423734,23.724265],[90.423676,23.724303],[90.423415,23.725151],[90.423429,23.725283],[90.423839,23.726631],[90.423845,23.726744],[90.423765,23.726918],[90.423715,23.727705],[90.423673,23.727955],[90.423553,23.728136],[90.423342,23.728331],[90.423045,23.728402],[90.422442,23.72847],[90.42198,23.728492],[90.421908,23.729156],[90.421737,23.729704]]]},"properties":{"city_corp":"DSCC","ward_no":9,"zone":"Zone no - 2","dghs_ward_id":50209}},{"type":"Feature","geometry":{"type":"Polygon","coordinates":[[[90.422843,23.729693],[90.422861,23.730506],[90.422867,23.730653],[90.423161,23.730699],[90.423257,23.73071],[90.423238,23.731091],[90.423104,23.731137],[90.42281,23.7313],[90.422324,23.731519],[90.422324,23.731814],[90.423171,23.732005],[90.424424,23.732167],[90.42519,23.732331],[90.424839,23.733384],[90.424501,23.73424],[90.424114,23.735173],[90.424005,23.735434],[90.42362,23.736126],[90.423247,23.736571],[90.423067,23.736751],[90.421601,23.738219],[90.419941,23.739817],[90.419779,23.739644],[90.418807,23.737906],[90.418358,23.737156],[90.417118,23.734986],[90.418189,23.734284],[90.419848,23.732644],[90.420132,23.732342],[90.420988,23.731428],[90.421615,23.730095],[90.421737,23.729704],[90.422843,23.729693]]]},"properties":{"city_corp":"DSCC","ward_no":10,"zone":"Zone no - 2","dghs_ward_id":50210}},{"type":"Feature","geometry":{"type":"Polygon","coordinates":[[[90.416024,23.742743],[90.419214,23.740404],[90.419941,23.739817],[90.421601,23.738219],[90.423247,23.736571],[90.42362,23.736126],[90.424005,23.735434],[90.425429,23.735541],[90.425334,23.736486],[90.424777,23.736457],[90.424728,23.737039],[90.424781,23.737069],[90.424785,23.737371],[90.425519,23.73739],[90.425555,23.738103],[90.425703,23.738823],[90.425462,23.73893],[90.425455,23.73959],[90.425634,23.740013],[90.425761,23.74016],[90.426033,23.740396],[90.426144,23.740462],[90.426233,23.740497],[90.42645,23.740517],[90.42673,23.740506],[90.426527,23.743818],[90.426465,23.744201],[90.426316,23.744718],[90.426243,23.744884],[90.42605,23.745326],[90.425863,23.745708],[90.425557,23.746158],[90.425061,23.746725],[90.424508,23.747208],[90.423812,23.747685],[90.423185,23.747978],[90.422642,23.748185],[90.421896,23.748377],[90.420955,23.748517],[90.420295,23.748616],[90.420292,23.748324],[90.420577,23.748293],[90.420648,23.747617],[90.420527,23.747599],[90.420575,23.746849],[90.420609,23.74654],[90.420622,23.746423],[90.420691,23.746067],[90.420377,23.746069],[90.420371,23.746017],[90.420359,23.745972],[90.420335,23.745936],[90.420285,23.745886],[90.420256,23.74587],[90.420135,23.745667],[90.420299,23.745584],[90.420474,23.745532],[90.420403,23.745289],[90.420402,23.745215],[90.420416,23.745122],[90.420512,23.744801],[90.420483,23.744656],[90.420475,23.744267],[90.420413,23.7443],[90.420398,23.743968],[90.420192,23.743964],[90.420207,23.743805],[90.420232,23.743631],[90.420152,23.743614],[90.420206,23.743418],[90.420034,23.743398],[90.419942,23.7434],[90.41979,23.743302],[90.419512,23.743239],[90.41941,23.743165],[90.419299,23.743095],[90.419208,23.743068],[90.419136,23.743076],[90.418817,23.743088],[90.418821,23.742936],[90.418763,23.742937],[90.418763,23.742893],[90.418706,23.742894],[90.418704,23.742917],[90.418468,23.742923],[90.418463,23.742979],[90.418382,23.742977],[90.418178,23.742936],[90.418041,23.743278],[90.417872,23.743306],[90.417202,23.743287],[90.417172,23.74336],[90.416925,23.743291],[90.416547,23.743187],[90.416367,23.743121],[90.416177,23.74305],[90.41616,23.743207],[90.415948,23.743175],[90.416024,23.742743]]]},"properties":{"city_corp":"DSCC","ward_no":11,"zone":"Zone no - 2","dghs_ward_id":50211}},{"type":"Feature","geometry":{"type":"Polygon","coordinates":[[[90.416024,23.742743],[90.415948,23.743175],[90.41616,23.743207],[90.416177,23.74305],[90.416367,23.743121],[90.416547,23.743187],[90.416925,23.743291],[90.417172,23.74336],[90.417202,23.743287],[90.417872,23.743306],[90.418041,23.743278],[90.418178,23.742936],[90.418382,23.742977],[90.418463,23.742979],[90.418468,23.742923],[90.418704,23.742917],[90.418706,23.742894],[90.418763,23.742893],[90.418763,23.742937],[90.418821,23.742936],[90.418817,23.743088],[90.419136,23.743076],[90.419208,23.743068],[90.419299,23.743095],[90.41941,23.743165],[90.419512,23.743239],[90.41979,23.743302],[90.419942,23.7434],[90.420034,23.743398],[90.420206,23.743418],[90.420152,23.743614],[90.420232,23.743631],[90.420207,23.743805],[90.420192,23.743964],[90.420398,23.743968],[90.420413,23.7443],[90.420475,23.744267],[90.420483,23.744656],[90.420512,23.744801],[90.420416,23.745122],[90.420402,23.745215],[90.420403,23.745289],[90.420474,23.745532],[90.420299,23.745584],[90.420135,23.745667],[90.420256,23.74587],[90.420285,23.745886],[90.420335,23.745936],[90.420359,23.745972],[90.420371,23.746017],[90.420377,23.746069],[90.420691,23.746067],[90.420622,23.746423],[90.420609,23.74654],[90.420575,23.746849],[90.420527,23.747599],[90.420648,23.747617],[90.420577,23.748293],[90.420292,23.748324],[90.420295,23.748616],[90.41666,23.749104],[90.415978,23.749196],[90.412713,23.749636],[90.412614,23.749444],[90.412559,23.749001],[90.412569,23.748019],[90.412499,23.746956],[90.41246,23.746366],[90.412322,23.745536],[90.414299,23.744044],[90.416024,23.742743]]]},"properties":{"city_corp":"DSCC","ward_no":12,"zone":"Zone no - 2","dghs_ward_id":50212}},{"type":"Feature","geometry":{"type":"Polygon","coordinates":[[[90.414634,23.729383],[90.414301,23.729525],[90.414348,23.729835],[90.414586,23.729954],[90.414634,23.730239],[90.415164,23.730148],[90.415175,23.73153],[90.414936,23.731531],[90.41435,23.731804],[90.414364,23.731948],[90.414394,23.732173],[90.414548,23.73217],[90.414539,23.732351],[90.414388,23.732355],[90.414356,23.732769],[90.41448,23.732769],[90.414485,23.732648],[90.414607,23.732647],[90.414603,23.732767],[90.414587,23.732774],[90.414589,23.732899],[90.414948,23.732899],[90.41496,23.733241],[90.415002,23.733285],[90.415008,23.733474],[90.415308,23.733589],[90.415839,23.73358],[90.416045,23.733905],[90.416561,23.734484],[90.416927,23.734848],[90.417118,23.734986],[90.418358,23.737156],[90.418807,23.737906],[90.419779,23.739644],[90.419941,23.739817],[90.419214,23.740404],[90.416024,23.742743],[90.414299,23.744044],[90.413092,23.742993],[90.412594,23.742466],[90.411882,23.741547],[90.410907,23.74015],[90.4114,23.739917],[90.411422,23.739566],[90.411466,23.73917],[90.411423,23.739054],[90.411438,23.738798],[90.411014,23.738766],[90.410622,23.738714],[90.410646,23.738576],[90.410488,23.738556],[90.410489,23.738415],[90.410432,23.738416],[90.410406,23.738406],[90.410212,23.738397],[90.410207,23.737998],[90.409976,23.738006],[90.409953,23.737564],[90.410194,23.73754],[90.410196,23.737444],[90.410264,23.737438],[90.410274,23.737479],[90.410579,23.737459],[90.410629,23.737371],[90.410566,23.737062],[90.411053,23.736985],[90.411017,23.736601],[90.410996,23.736544],[90.41073,23.736565],[90.410725,23.736528],[90.410321,23.736548],[90.410305,23.736254],[90.410036,23.736258],[90.409979,23.735929],[90.40975,23.73593],[90.409703,23.734116],[90.409346,23.734112],[90.409347,23.733848],[90.40967,23.733847],[90.409669,23.733661],[90.409566,23.733587],[90.4095,23.733452],[90.409499,23.733378],[90.408986,23.733396],[90.40874,23.733363],[90.408548,23.733019],[90.40854,23.732935],[90.408672,23.732782],[90.408852,23.732728],[90.408851,23.732566],[90.410131,23.732508],[90.410106,23.731817],[90.409831,23.73181],[90.409674,23.731788],[90.409703,23.731577],[90.409702,23.731461],[90.409682,23.731442],[90.409679,23.731311],[90.40989,23.731311],[90.409899,23.73117],[90.41011,23.731171],[90.410162,23.730077],[90.410228,23.729217],[90.410536,23.7276],[90.412099,23.727523],[90.412611,23.727217],[90.413206,23.727075],[90.413825,23.727098],[90.414277,23.727574],[90.414467,23.728336],[90.414634,23.728669],[90.415168,23.728631],[90.415166,23.72943],[90.414634,23.729383]]]},"properties":{"city_corp":"DSCC","ward_no":13,"zone":"Zone no - 2","dghs_ward_id":50213}},{"type":"Feature","geometry":{"type":"Polygon","coordinates":[[[90.373184,23.741254],[90.373068,23.741241],[90.373072,23.741176],[90.372908,23.741162],[90.372894,23.740929],[90.372648,23.74089],[90.372541,23.74097],[90.372543,23.741153],[90.372556,23.741215],[90.372373,23.741218],[90.372415,23.741413],[90.372216,23.741438],[90.372257,23.741618],[90.372044,23.74164],[90.371672,23.741755],[90.371737,23.742035],[90.37173,23.742075],[90.371629,23.742109],[90.371591,23.742089],[90.371454,23.742095],[90.371412,23.742139],[90.371245,23.742136],[90.370759,23.742104],[90.370581,23.742068],[90.370575,23.742131],[90.370382,23.742169],[90.370135,23.742167],[90.369904,23.742126],[90.369741,23.742083],[90.369633,23.742232],[90.369579,23.742351],[90.36948,23.742305],[90.36942,23.74242],[90.369379,23.742498],[90.36913,23.742391],[90.368853,23.742217],[90.368644,23.742467],[90.368305,23.742418],[90.368159,23.742376],[90.368172,23.742288],[90.368184,23.742181],[90.368192,23.742052],[90.368124,23.741974],[90.368057,23.741955],[90.367998,23.742089],[90.367913,23.742062],[90.367887,23.742127],[90.367826,23.742113],[90.367785,23.742083],[90.367537,23.742031],[90.367514,23.74217],[90.367363,23.742133],[90.367265,23.742121],[90.366647,23.742113],[90.366616,23.742087],[90.366516,23.742089],[90.366518,23.742268],[90.366541,23.742579],[90.366535,23.742892],[90.366477,23.743192],[90.366332,23.743588],[90.366205,23.743883],[90.36615,23.74401],[90.366038,23.744377],[90.365983,23.7445],[90.365795,23.744812],[90.36555,23.744704],[90.365299,23.744643],[90.365188,23.744646],[90.364985,23.744642],[90.364801,23.744618],[90.364802,23.744447],[90.364741,23.744419],[90.364469,23.744388],[90.364285,23.744383],[90.364285,23.744267],[90.364274,23.74415],[90.36425,23.744102],[90.363974,23.744081],[90.363934,23.743921],[90.36392,23.743814],[90.363985,23.743618],[90.363997,23.743555],[90.363985,23.743495],[90.363473,23.743491],[90.363425,23.743226],[90.36341,23.743099],[90.363434,23.7431],[90.363413,23.742941],[90.363367,23.74288],[90.36336,23.742767],[90.363289,23.742772],[90.363102,23.742785],[90.36297,23.742825],[90.362819,23.742813],[90.362742,23.742838],[90.362666,23.742813],[90.362583,23.742756],[90.362402,23.742735],[90.362162,23.742616],[90.362018,23.742585],[90.361789,23.742579],[90.361683,23.742602],[90.361609,23.742598],[90.361551,23.742562],[90.36125,23.742559],[90.36109,23.742863],[90.360807,23.743057],[90.360484,23.743197],[90.360379,23.743174],[90.360052,23.743189],[90.359901,23.743164],[90.360045,23.74263],[90.358671,23.74256],[90.358231,23.742595],[90.358109,23.743041],[90.357996,23.743264],[90.357752,23.743943],[90.357629,23.743905],[90.357333,23.743663],[90.357007,23.743884],[90.356809,23.743754],[90.355888,23.74387],[90.355214,23.743861],[90.353999,23.743047],[90.35338,23.742935],[90.352426,23.743206],[90.352427,23.743444],[90.35276,23.743553],[90.352741,23.743828],[90.352936,23.743867],[90.353018,23.744578],[90.353012,23.745366],[90.352472,23.74543],[90.352259,23.745524],[90.351985,23.745523],[90.351981,23.745676],[90.352061,23.745773],[90.351995,23.745788],[90.35182,23.745858],[90.351768,23.745899],[90.351648,23.745947],[90.351429,23.746189],[90.351299,23.746146],[90.351187,23.746128],[90.351109,23.746092],[90.350764,23.74598],[90.35069,23.745936],[90.350589,23.745897],[90.350398,23.746286],[90.350222,23.746938],[90.350417,23.74698],[90.350346,23.747231],[90.350258,23.747541],[90.35021,23.747713],[90.349257,23.747581],[90.349071,23.747532],[90.349063,23.74753],[90.34903,23.747521],[90.348818,23.747464],[90.348503,23.74738],[90.348573,23.747135],[90.348107,23.746966],[90.347382,23.746846],[90.34704,23.746713],[90.347456,23.745263],[90.347367,23.745233],[90.347459,23.745027],[90.347051,23.744656],[90.346489,23.74412],[90.346642,23.743989],[90.347035,23.743617],[90.347754,23.742915],[90.34799,23.742719],[90.3481,23.742628],[90.348421,23.742265],[90.348433,23.742152],[90.348546,23.742081],[90.348653,23.742016],[90.348718,23.74201],[90.348772,23.74198],[90.348837,23.74198],[90.349087,23.741736],[90.349694,23.741099],[90.349783,23.741046],[90.349855,23.741064],[90.349938,23.741058],[90.350128,23.741159],[90.350277,23.741171],[90.350658,23.741248],[90.350777,23.741123],[90.350949,23.741099],[90.351187,23.741159],[90.352365,23.740326],[90.352674,23.740112],[90.353168,23.739713],[90.353305,23.739624],[90.353477,23.739559],[90.353697,23.739362],[90.353864,23.738946],[90.353906,23.738762],[90.353894,23.738666],[90.35406,23.738202],[90.35428,23.737602],[90.354316,23.736751],[90.354554,23.735984],[90.35484,23.735424],[90.35528,23.734841],[90.355881,23.733789],[90.356469,23.732819],[90.356517,23.732516],[90.356565,23.732462],[90.356654,23.732355],[90.356725,23.732379],[90.356797,23.732218],[90.356922,23.732034],[90.356939,23.731909],[90.356826,23.731861],[90.356987,23.731391],[90.357213,23.730779],[90.357373,23.730175],[90.357958,23.73038],[90.359043,23.730846],[90.35989,23.731103],[90.361204,23.731532],[90.361813,23.731865],[90.362555,23.732264],[90.362733,23.732382],[90.362813,23.732427],[90.362931,23.732581],[90.363274,23.732852],[90.363488,23.732982],[90.363866,23.733166],[90.364087,23.733275],[90.364337,23.733194],[90.364543,23.733041],[90.364692,23.732888],[90.36482,23.732817],[90.365131,23.732534],[90.36545,23.732338],[90.36563,23.732313],[90.365809,23.732209],[90.365902,23.732104],[90.366191,23.732241],[90.366992,23.732478],[90.36704,23.732492],[90.367227,23.732503],[90.367583,23.732479],[90.368194,23.732379],[90.368771,23.732281],[90.369726,23.732118],[90.370634,23.731909],[90.370679,23.731972],[90.370631,23.732088],[90.370521,23.7325],[90.37044,23.733149],[90.370332,23.733313],[90.370321,23.733432],[90.370243,23.734369],[90.370153,23.734945],[90.370219,23.735363],[90.370235,23.735487],[90.370289,23.735907],[90.370377,23.736448],[90.371048,23.736808],[90.371231,23.736852],[90.37356,23.737416],[90.375046,23.737578],[90.375288,23.737669],[90.375263,23.737775],[90.375202,23.738028],[90.375113,23.738057],[90.374884,23.738833],[90.3747,23.739054],[90.374402,23.739352],[90.374199,23.739726],[90.373993,23.740094],[90.37385,23.740231],[90.373781,23.740373],[90.373677,23.740356],[90.373635,23.74054],[90.373596,23.740696],[90.373468,23.740897],[90.373254,23.741179],[90.373184,23.741254]]]},"properties":{"city_corp":"DSCC","ward_no":14,"zone":"Zone no - 3","dghs_ward_id":50314}},{"type":"Feature","geometry":{"type":"Polygon","coordinates":[[[90.38544,23.746292],[90.385388,23.746299],[90.384569,23.746114],[90.383446,23.745896],[90.382694,23.745739],[90.382664,23.745758],[90.381526,23.745539],[90.38036,23.747502],[90.380334,23.747546],[90.379953,23.748206],[90.378269,23.751133],[90.37822,23.751218],[90.377966,23.751655],[90.376814,23.75363],[90.376621,23.754061],[90.376605,23.754088],[90.376369,23.754496],[90.376183,23.754722],[90.374971,23.756801],[90.371439,23.754616],[90.37092,23.754282],[90.369864,23.753679],[90.369824,23.753642],[90.369781,23.753603],[90.367773,23.752438],[90.367283,23.752111],[90.367174,23.751979],[90.366679,23.751662],[90.366607,23.751594],[90.366587,23.751578],[90.366472,23.751496],[90.366623,23.75119],[90.366651,23.751142],[90.366685,23.751144],[90.367042,23.750567],[90.367308,23.750188],[90.367328,23.750158],[90.367471,23.749923],[90.368201,23.748828],[90.368378,23.748552],[90.368388,23.748508],[90.368925,23.747692],[90.369091,23.747447],[90.369306,23.74714],[90.36941,23.747015],[90.369442,23.746918],[90.369611,23.74672],[90.369764,23.746433],[90.369815,23.746241],[90.369852,23.746082],[90.369989,23.746101],[90.370181,23.745783],[90.370332,23.745551],[90.370454,23.745312],[90.370748,23.744886],[90.370448,23.744788],[90.369767,23.744581],[90.369445,23.744477],[90.369307,23.744436],[90.369258,23.74447],[90.36896,23.744445],[90.368902,23.744521],[90.368469,23.744287],[90.368302,23.744524],[90.367898,23.744351],[90.367835,23.744532],[90.367645,23.744925],[90.367331,23.74481],[90.367317,23.744839],[90.367118,23.744755],[90.367084,23.74474],[90.367181,23.744549],[90.367285,23.744568],[90.367321,23.744424],[90.367354,23.744324],[90.367317,23.744306],[90.36745,23.744057],[90.366852,23.743804],[90.366761,23.743939],[90.366705,23.744048],[90.366273,23.74391],[90.366205,23.743883],[90.366332,23.743588],[90.366477,23.743192],[90.366535,23.742892],[90.366541,23.742579],[90.366518,23.742268],[90.366516,23.742089],[90.366616,23.742087],[90.366647,23.742113],[90.367265,23.742121],[90.367363,23.742133],[90.367514,23.74217],[90.367537,23.742031],[90.367785,23.742083],[90.367826,23.742113],[90.367887,23.742127],[90.367913,23.742062],[90.367998,23.742089],[90.368057,23.741955],[90.368124,23.741974],[90.368192,23.742052],[90.368184,23.742181],[90.368172,23.742288],[90.368159,23.742376],[90.368305,23.742418],[90.368644,23.742467],[90.368853,23.742217],[90.36913,23.742391],[90.369379,23.742498],[90.36942,23.74242],[90.36948,23.742305],[90.369579,23.742351],[90.369633,23.742232],[90.369741,23.742083],[90.369904,23.742126],[90.370135,23.742167],[90.370382,23.742169],[90.370575,23.742131],[90.370581,23.742068],[90.370759,23.742104],[90.371245,23.742136],[90.371412,23.742139],[90.371454,23.742095],[90.371591,23.742089],[90.371629,23.742109],[90.37173,23.742075],[90.371737,23.742035],[90.371672,23.741755],[90.372044,23.74164],[90.372257,23.741618],[90.372216,23.741438],[90.372415,23.741413],[90.372373,23.741218],[90.372556,23.741215],[90.372543,23.741153],[90.372541,23.74097],[90.372648,23.74089],[90.372894,23.740929],[90.372908,23.741162],[90.373072,23.741176],[90.373068,23.741241],[90.373184,23.741254],[90.373254,23.741179],[90.373468,23.740897],[90.373596,23.740696],[90.373635,23.74054],[90.373677,23.740356],[90.373781,23.740373],[90.37385,23.740231],[90.373993,23.740094],[90.374199,23.739726],[90.374402,23.739352],[90.3747,23.739054],[90.374884,23.738833],[90.375113,23.738057],[90.375202,23.738028],[90.375263,23.737775],[90.375288,23.737669],[90.375297,23.737631],[90.376219,23.738011],[90.376323,23.738028],[90.376417,23.738073],[90.376404,23.738279],[90.377303,23.738408],[90.377737,23.738015],[90.378901,23.736904],[90.378971,23.73706],[90.379829,23.737232],[90.380446,23.737317],[90.380542,23.737365],[90.381325,23.737525],[90.381317,23.737632],[90.381282,23.737679],[90.381256,23.737841],[90.381553,23.737884],[90.382111,23.737985],[90.38261,23.738112],[90.383539,23.738311],[90.38345,23.738709],[90.383132,23.740132],[90.383428,23.740668],[90.383711,23.741416],[90.38426,23.742868],[90.384503,23.743573],[90.385066,23.74521],[90.38544,23.746292]]]},"properties":{"city_corp":"DSCC","ward_no":15,"zone":"Zone no - 1","dghs_ward_id":50115}},{"type":"Feature","geometry":{"type":"Polygon","coordinates":[[[90.383711,23.741416],[90.383898,23.741376],[90.384376,23.741405],[90.384365,23.741657],[90.384628,23.741664],[90.384628,23.741816],[90.384793,23.741831],[90.38481,23.741855],[90.384927,23.741882],[90.385234,23.741898],[90.38548,23.741935],[90.385864,23.741982],[90.386029,23.742031],[90.386145,23.741857],[90.386159,23.741833],[90.386351,23.741862],[90.386351,23.74191],[90.386445,23.741917],[90.38646,23.741827],[90.386689,23.741839],[90.386686,23.741872],[90.386915,23.741859],[90.386916,23.742005],[90.38687,23.742132],[90.386872,23.742572],[90.386957,23.742589],[90.387335,23.74261],[90.387362,23.742503],[90.387642,23.742526],[90.387662,23.742339],[90.387618,23.742335],[90.387628,23.742205],[90.387952,23.742217],[90.387987,23.741833],[90.388145,23.741845],[90.388139,23.742212],[90.388421,23.742195],[90.38842,23.742323],[90.388478,23.742323],[90.38848,23.742577],[90.388569,23.742577],[90.388569,23.742688],[90.388685,23.742686],[90.388686,23.742861],[90.389008,23.74286],[90.389011,23.743221],[90.389304,23.743228],[90.389354,23.742723],[90.389627,23.74273],[90.389623,23.743113],[90.389662,23.743208],[90.389889,23.743219],[90.389915,23.743012],[90.39015,23.743019],[90.390167,23.742879],[90.390201,23.742879],[90.39025,23.7426],[90.389965,23.742579],[90.389973,23.742487],[90.389996,23.742355],[90.390325,23.74238],[90.390373,23.74193],[90.39052,23.741893],[90.390701,23.741906],[90.390853,23.741933],[90.390839,23.741989],[90.390891,23.742003],[90.390826,23.742317],[90.390802,23.742565],[90.390803,23.742638],[90.390801,23.742732],[90.391023,23.742766],[90.391164,23.741818],[90.391429,23.741838],[90.39145,23.741646],[90.391862,23.741608],[90.392135,23.743048],[90.392238,23.743919],[90.392572,23.745871],[90.39259,23.745982],[90.392807,23.74732],[90.393087,23.749052],[90.393091,23.74944],[90.393206,23.749834],[90.39265,23.749921],[90.389151,23.75059],[90.389073,23.750604],[90.38711,23.750964],[90.386878,23.750341],[90.386388,23.74896],[90.386138,23.748257],[90.385563,23.746636],[90.38544,23.746292],[90.385066,23.74521],[90.384503,23.743573],[90.38426,23.742868],[90.383711,23.741416]]]},"properties":{"city_corp":"DSCC","ward_no":16,"zone":"Zone no - 1","dghs_ward_id":50116}},{"type":"Feature","geometry":{"type":"Polygon","coordinates":[[[90.38711,23.750964],[90.386612,23.751165],[90.3856,23.751727],[90.385043,23.752303],[90.384652,23.752545],[90.3844,23.752613],[90.384248,23.752655],[90.383331,23.752771],[90.383313,23.75286],[90.383238,23.752921],[90.383122,23.753056],[90.382971,23.753058],[90.382825,23.753046],[90.382766,23.753026],[90.382524,23.752924],[90.382488,23.75291],[90.382345,23.752888],[90.382302,23.752899],[90.382276,23.75292],[90.382248,23.753076],[90.382233,23.75317],[90.382005,23.753172],[90.382003,23.753141],[90.381753,23.753099],[90.381588,23.753095],[90.381402,23.753092],[90.381374,23.753114],[90.381374,23.753152],[90.381156,23.753171],[90.381127,23.753158],[90.380835,23.753173],[90.380754,23.753191],[90.380701,23.753029],[90.38066,23.752978],[90.380588,23.752952],[90.380517,23.752952],[90.380531,23.753007],[90.380554,23.753135],[90.380587,23.753546],[90.380609,23.753708],[90.380827,23.753686],[90.380859,23.753902],[90.380891,23.754242],[90.380902,23.754298],[90.380572,23.75437],[90.380582,23.754487],[90.380627,23.754648],[90.380558,23.754663],[90.380665,23.755019],[90.381013,23.754929],[90.381136,23.755273],[90.381308,23.755642],[90.381437,23.755883],[90.381319,23.75592],[90.381228,23.755931],[90.381167,23.755952],[90.381189,23.756023],[90.381117,23.756048],[90.380995,23.756132],[90.38087,23.756188],[90.380727,23.756234],[90.380663,23.756272],[90.380628,23.756282],[90.380651,23.756444],[90.380307,23.756517],[90.380307,23.756593],[90.380218,23.75662],[90.380189,23.756743],[90.379668,23.756739],[90.379397,23.75839],[90.374156,23.758152],[90.374191,23.758095],[90.374971,23.756801],[90.376183,23.754722],[90.376369,23.754496],[90.376605,23.754088],[90.376621,23.754061],[90.376814,23.75363],[90.377966,23.751655],[90.37822,23.751218],[90.378269,23.751133],[90.379953,23.748206],[90.380334,23.747546],[90.38036,23.747502],[90.381526,23.745539],[90.382664,23.745758],[90.382694,23.745739],[90.383446,23.745896],[90.384569,23.746114],[90.385388,23.746299],[90.38544,23.746292],[90.385563,23.746636],[90.386138,23.748257],[90.386388,23.74896],[90.386878,23.750341],[90.38711,23.750964]]]},"properties":{"city_corp":"DSCC","ward_no":17,"zone":"Zone no - 1","dghs_ward_id":50117}},{"type":"Feature","geometry":{"type":"Polygon","coordinates":[[[90.391862,23.741608],[90.39145,23.741646],[90.391429,23.741838],[90.391164,23.741818],[90.391023,23.742766],[90.390801,23.742732],[90.390803,23.742638],[90.390802,23.742565],[90.390826,23.742317],[90.390891,23.742003],[90.390839,23.741989],[90.390853,23.741933],[90.390701,23.741906],[90.39052,23.741893],[90.390373,23.74193],[90.390325,23.74238],[90.389996,23.742355],[90.389973,23.742487],[90.389965,23.742579],[90.39025,23.7426],[90.390201,23.742879],[90.390167,23.742879],[90.39015,23.743019],[90.389915,23.743012],[90.389889,23.743219],[90.389662,23.743208],[90.389623,23.743113],[90.389627,23.74273],[90.389354,23.742723],[90.389304,23.743228],[90.389011,23.743221],[90.389008,23.74286],[90.388686,23.742861],[90.388685,23.742686],[90.388569,23.742688],[90.388569,23.742577],[90.38848,23.742577],[90.388478,23.742323],[90.38842,23.742323],[90.388421,23.742195],[90.388139,23.742212],[90.388145,23.741845],[90.387987,23.741833],[90.387952,23.742217],[90.387628,23.742205],[90.387618,23.742335],[90.387662,23.742339],[90.387642,23.742526],[90.387362,23.742503],[90.387335,23.74261],[90.386957,23.742589],[90.386872,23.742572],[90.38687,23.742132],[90.386916,23.742005],[90.386915,23.741859],[90.386686,23.741872],[90.386689,23.741839],[90.38646,23.741827],[90.386445,23.741917],[90.386351,23.74191],[90.386351,23.741862],[90.386159,23.741833],[90.386145,23.741857],[90.386029,23.742031],[90.385864,23.741982],[90.38548,23.741935],[90.385234,23.741898],[90.384927,23.741882],[90.38481,23.741855],[90.384793,23.741831],[90.384628,23.741816],[90.384628,23.741664],[90.384365,23.741657],[90.384376,23.741405],[90.383898,23.741376],[90.383711,23.741416],[90.383428,23.740668],[90.383132,23.740132],[90.38345,23.738709],[90.383539,23.738311],[90.38261,23.738112],[90.382111,23.737985],[90.381553,23.737884],[90.381256,23.737841],[90.381282,23.737679],[90.381317,23.737632],[90.381325,23.737525],[90.380542,23.737365],[90.380446,23.737317],[90.379829,23.737232],[90.378971,23.73706],[90.378901,23.736904],[90.377737,23.738015],[90.377303,23.738408],[90.376404,23.738279],[90.376417,23.738073],[90.376323,23.738028],[90.376219,23.738011],[90.375297,23.737631],[90.375288,23.737669],[90.375046,23.737578],[90.37356,23.737416],[90.371231,23.736852],[90.371048,23.736808],[90.370377,23.736448],[90.370289,23.735907],[90.370235,23.735487],[90.370219,23.735363],[90.370153,23.734945],[90.370243,23.734369],[90.370321,23.733432],[90.370332,23.733313],[90.37044,23.733149],[90.370521,23.7325],[90.370631,23.732088],[90.370679,23.731972],[90.370634,23.731909],[90.371562,23.7317],[90.373701,23.730554],[90.375567,23.729555],[90.375647,23.729342],[90.375676,23.729264],[90.375679,23.729264],[90.375842,23.728876],[90.376042,23.72859],[90.376442,23.728105],[90.37677,23.727505],[90.376956,23.727062],[90.377027,23.726763],[90.377063,23.725984],[90.377414,23.726076],[90.377445,23.726061],[90.377446,23.725842],[90.377375,23.725503],[90.377404,23.725378],[90.377684,23.725325],[90.378326,23.725271],[90.378808,23.725271],[90.378981,23.725194],[90.379064,23.724944],[90.379171,23.724944],[90.379385,23.72523],[90.379665,23.725765],[90.379671,23.726235],[90.379492,23.728472],[90.37933,23.730435],[90.379498,23.730516],[90.380274,23.730999],[90.380308,23.731056],[90.380341,23.731111],[90.380478,23.731196],[90.381791,23.732013],[90.382033,23.732116],[90.382663,23.732167],[90.385072,23.732279],[90.38546,23.732301],[90.387053,23.732533],[90.387097,23.732749],[90.387322,23.733406],[90.387454,23.733637],[90.387825,23.734292],[90.389746,23.736644],[90.389958,23.736946],[90.390462,23.737661],[90.390938,23.738518],[90.390983,23.738686],[90.3915,23.739962],[90.391676,23.74057],[90.391862,23.741608]]]},"properties":{"city_corp":"DSCC","ward_no":18,"zone":"Zone no - 1","dghs_ward_id":50118}},{"type":"Feature","geometry":{"type":"Polygon","coordinates":[[[90.414299,23.744044],[90.412322,23.745536],[90.41246,23.746366],[90.412499,23.746956],[90.412569,23.748019],[90.412559,23.749001],[90.412614,23.749444],[90.412713,23.749636],[90.411197,23.749836],[90.411151,23.749528],[90.411151,23.749374],[90.411147,23.749189],[90.411345,23.749158],[90.411338,23.749071],[90.41152,23.749059],[90.411494,23.748857],[90.411034,23.748902],[90.411037,23.748508],[90.411016,23.7482],[90.410947,23.748198],[90.410947,23.748257],[90.410747,23.74825],[90.410641,23.74823],[90.410648,23.748186],[90.410534,23.748165],[90.410292,23.748164],[90.410258,23.748151],[90.410095,23.74815],[90.410048,23.748169],[90.409918,23.748167],[90.409707,23.748245],[90.409433,23.74828],[90.408945,23.748375],[90.408377,23.748548],[90.407995,23.748787],[90.407609,23.748938],[90.407138,23.749037],[90.406543,23.749133],[90.406189,23.749154],[90.405576,23.749142],[90.405168,23.749088],[90.404856,23.74901],[90.40436,23.748803],[90.404165,23.748748],[90.4037,23.74857],[90.403406,23.748515],[90.402487,23.748237],[90.401086,23.747716],[90.399284,23.747107],[90.398108,23.746777],[90.396828,23.746418],[90.395475,23.746023],[90.395248,23.745957],[90.394711,23.745839],[90.39513,23.744497],[90.395226,23.74424],[90.395501,23.743341],[90.395642,23.742983],[90.395932,23.741792],[90.396073,23.741325],[90.397693,23.741781],[90.398479,23.742028],[90.398893,23.741718],[90.399784,23.740741],[90.400172,23.7405],[90.400716,23.740269],[90.400895,23.740243],[90.401401,23.739974],[90.402202,23.739505],[90.402851,23.739066],[90.403459,23.73857],[90.403529,23.738514],[90.403878,23.738119],[90.404155,23.737534],[90.403767,23.737454],[90.403339,23.737466],[90.403302,23.737282],[90.403275,23.736206],[90.403839,23.736194],[90.404683,23.736003],[90.405034,23.735933],[90.405038,23.735949],[90.405093,23.735921],[90.405492,23.735896],[90.405671,23.735979],[90.406111,23.736467],[90.406373,23.736562],[90.40648,23.736336],[90.406434,23.735939],[90.40975,23.73593],[90.409979,23.735929],[90.410036,23.736258],[90.410305,23.736254],[90.410321,23.736548],[90.410725,23.736528],[90.41073,23.736565],[90.410996,23.736544],[90.411017,23.736601],[90.411053,23.736985],[90.410566,23.737062],[90.410629,23.737371],[90.410579,23.737459],[90.410274,23.737479],[90.410264,23.737438],[90.410196,23.737444],[90.410194,23.73754],[90.409953,23.737564],[90.409976,23.738006],[90.410207,23.737998],[90.410212,23.738397],[90.410406,23.738406],[90.410432,23.738416],[90.410489,23.738415],[90.410488,23.738556],[90.410646,23.738576],[90.410622,23.738714],[90.411014,23.738766],[90.411438,23.738798],[90.411423,23.739054],[90.411466,23.73917],[90.411422,23.739566],[90.4114,23.739917],[90.410907,23.74015],[90.411882,23.741547],[90.412594,23.742466],[90.413092,23.742993],[90.414299,23.744044]]]},"properties":{"city_corp":"DSCC","ward_no":19,"zone":"Zone no - 1","dghs_ward_id":50119}},{"type":"Feature","geometry":{"type":"Polygon","coordinates":[[[90.40975,23.73593],[90.406434,23.735939],[90.40648,23.736336],[90.406373,23.736562],[90.406111,23.736467],[90.405671,23.735979],[90.405492,23.735896],[90.405093,23.735921],[90.405038,23.735949],[90.405034,23.735933],[90.404683,23.736003],[90.403839,23.736194],[90.403275,23.736206],[90.403302,23.737282],[90.403339,23.737466],[90.403767,23.737454],[90.404155,23.737534],[90.403878,23.738119],[90.403529,23.738514],[90.403459,23.73857],[90.402851,23.739066],[90.402202,23.739505],[90.401401,23.739974],[90.400895,23.740243],[90.400716,23.740269],[90.400172,23.7405],[90.399784,23.740741],[90.398893,23.741718],[90.398479,23.742028],[90.397693,23.741781],[90.397473,23.741719],[90.397636,23.741012],[90.397578,23.740541],[90.397022,23.740527],[90.396808,23.740541],[90.396936,23.740384],[90.397193,23.74017],[90.397234,23.739966],[90.397195,23.739942],[90.396918,23.739935],[90.396917,23.739687],[90.396772,23.739679],[90.396796,23.738064],[90.395851,23.738017],[90.395683,23.737546],[90.395584,23.736484],[90.395546,23.735488],[90.395484,23.734236],[90.399124,23.733944],[90.399218,23.734063],[90.39939,23.734104],[90.399875,23.734213],[90.399974,23.733609],[90.400182,23.731943],[90.400242,23.730456],[90.400208,23.729548],[90.40019,23.727886],[90.398607,23.727477],[90.398189,23.728076],[90.397952,23.729117],[90.397416,23.729534],[90.396464,23.729593],[90.396197,23.729742],[90.395929,23.730426],[90.395275,23.730456],[90.395394,23.729385],[90.396137,23.72882],[90.396569,23.728273],[90.395794,23.727678],[90.395627,23.727651],[90.395419,23.727597],[90.395391,23.726376],[90.395455,23.724514],[90.400339,23.723824],[90.401021,23.723725],[90.401657,23.723655],[90.402371,23.723509],[90.403305,23.723318],[90.403769,23.723232],[90.404235,23.723196],[90.405514,23.723129],[90.406873,23.723064],[90.410708,23.722927],[90.411928,23.722959],[90.41193,23.723807],[90.412031,23.724821],[90.412099,23.727523],[90.410536,23.7276],[90.410228,23.729217],[90.410162,23.730077],[90.41011,23.731171],[90.409899,23.73117],[90.40989,23.731311],[90.409679,23.731311],[90.409682,23.731442],[90.409702,23.731461],[90.409703,23.731577],[90.409674,23.731788],[90.409831,23.73181],[90.410106,23.731817],[90.410131,23.732508],[90.408851,23.732566],[90.408852,23.732728],[90.408672,23.732782],[90.40854,23.732935],[90.408548,23.733019],[90.40874,23.733363],[90.408986,23.733396],[90.409499,23.733378],[90.4095,23.733452],[90.409566,23.733587],[90.409669,23.733661],[90.40967,23.733847],[90.409347,23.733848],[90.409346,23.734112],[90.409703,23.734116],[90.40975,23.73593]]]},"properties":{"city_corp":"DSCC","ward_no":20,"zone":"Zone no - 1","dghs_ward_id":50120}},{"type":"Feature","geometry":{"type":"Polygon","coordinates":[[[90.395455,23.724514],[90.395391,23.726376],[90.395419,23.727597],[90.395627,23.727651],[90.395794,23.727678],[90.396569,23.728273],[90.396137,23.72882],[90.395394,23.729385],[90.395275,23.730456],[90.395929,23.730426],[90.396197,23.729742],[90.396464,23.729593],[90.397416,23.729534],[90.397952,23.729117],[90.398189,23.728076],[90.398607,23.727477],[90.40019,23.727886],[90.400208,23.729548],[90.400242,23.730456],[90.400182,23.731943],[90.399974,23.733609],[90.399875,23.734213],[90.39939,23.734104],[90.399218,23.734063],[90.399124,23.733944],[90.395484,23.734236],[90.395546,23.735488],[90.395584,23.736484],[90.395683,23.737546],[90.395851,23.738017],[90.396796,23.738064],[90.396772,23.739679],[90.396917,23.739687],[90.396918,23.739935],[90.397195,23.739942],[90.397234,23.739966],[90.397193,23.74017],[90.396936,23.740384],[90.396808,23.740541],[90.397022,23.740527],[90.397578,23.740541],[90.397636,23.741012],[90.397473,23.741719],[90.396073,23.741325],[90.395932,23.741792],[90.395642,23.742983],[90.395501,23.743341],[90.395226,23.74424],[90.39513,23.744497],[90.394711,23.745839],[90.394323,23.74694],[90.394011,23.747993],[90.393828,23.748566],[90.393399,23.749538],[90.393206,23.749834],[90.393091,23.74944],[90.393087,23.749052],[90.392807,23.74732],[90.39259,23.745982],[90.392572,23.745871],[90.392238,23.743919],[90.392135,23.743048],[90.391862,23.741608],[90.391676,23.74057],[90.3915,23.739962],[90.390983,23.738686],[90.390938,23.738518],[90.390462,23.737661],[90.389958,23.736946],[90.389746,23.736644],[90.387825,23.734292],[90.387454,23.733637],[90.387322,23.733406],[90.387097,23.732749],[90.387053,23.732533],[90.387005,23.732125],[90.386981,23.731627],[90.38707,23.73082],[90.387247,23.730212],[90.387592,23.729545],[90.387864,23.729147],[90.388274,23.728662],[90.388827,23.728086],[90.389402,23.727535],[90.389581,23.727344],[90.390643,23.726523],[90.391506,23.725928],[90.391841,23.725743],[90.392437,23.725443],[90.3939,23.724864],[90.394767,23.724634],[90.395455,23.724514]]]},"properties":{"city_corp":"DSCC","ward_no":21,"zone":"Zone no - 1","dghs_ward_id":50121}},{"type":"Feature","geometry":{"type":"Polygon","coordinates":[[[90.370634,23.731909],[90.369726,23.732118],[90.368771,23.732281],[90.368194,23.732379],[90.367583,23.732479],[90.367227,23.732503],[90.36704,23.732492],[90.366992,23.732478],[90.366191,23.732241],[90.365902,23.732104],[90.365809,23.732209],[90.36563,23.732313],[90.36545,23.732338],[90.365131,23.732534],[90.36482,23.732817],[90.364692,23.732888],[90.364543,23.733041],[90.364337,23.733194],[90.364087,23.733275],[90.363866,23.733166],[90.363488,23.732982],[90.363274,23.732852],[90.362931,23.732581],[90.362813,23.732427],[90.362733,23.732382],[90.362555,23.732264],[90.361813,23.731865],[90.361204,23.731532],[90.35989,23.731103],[90.359043,23.730846],[90.357958,23.73038],[90.357373,23.730175],[90.357374,23.730172],[90.357409,23.730142],[90.357493,23.730077],[90.3576,23.729803],[90.357606,23.729625],[90.358206,23.729936],[90.358587,23.729774],[90.358806,23.729517],[90.358949,23.729384],[90.358968,23.729174],[90.359977,23.729155],[90.360015,23.728708],[90.360139,23.728641],[90.360148,23.728213],[90.360281,23.728146],[90.360338,23.727746],[90.360453,23.727242],[90.360529,23.726728],[90.360738,23.726623],[90.360824,23.72649],[90.360918,23.726458],[90.360995,23.726432],[90.360946,23.726298],[90.361288,23.726213],[90.361431,23.72612],[90.362216,23.725742],[90.362859,23.725463],[90.362952,23.725378],[90.36288,23.725063],[90.36348,23.724935],[90.364593,23.724699],[90.365443,23.724621],[90.365751,23.724822],[90.366313,23.724581],[90.366373,23.724566],[90.366943,23.724419],[90.366964,23.724412],[90.367045,23.724392],[90.367605,23.724238],[90.368291,23.724024],[90.368771,23.723753],[90.368833,23.723706],[90.369086,23.723516],[90.369485,23.723401],[90.36971,23.723327],[90.370004,23.72323],[90.370508,23.723068],[90.370941,23.722959],[90.371184,23.722906],[90.371365,23.722915],[90.371674,23.722882],[90.371995,23.722835],[90.372231,23.72283],[90.372707,23.722835],[90.373073,23.722773],[90.373559,23.722749],[90.37383,23.722739],[90.373949,23.722706],[90.374273,23.722549],[90.374372,23.72249],[90.374399,23.722527],[90.374439,23.722578],[90.37455,23.722718],[90.374718,23.722973],[90.37537,23.723859],[90.375434,23.723884],[90.375639,23.724158],[90.375703,23.724268],[90.375717,23.724292],[90.375761,23.724367],[90.375846,23.72451],[90.376051,23.724826],[90.376233,23.725267],[90.376356,23.725678],[90.376409,23.725747],[90.376541,23.725824],[90.376991,23.725965],[90.377063,23.725984],[90.377027,23.726763],[90.376956,23.727062],[90.37677,23.727505],[90.376442,23.728105],[90.376042,23.72859],[90.375842,23.728876],[90.375679,23.729264],[90.375676,23.729264],[90.375647,23.729342],[90.375567,23.729555],[90.373701,23.730554],[90.371562,23.7317],[90.370634,23.731909]]]},"properties":{"city_corp":"DSCC","ward_no":22,"zone":"Zone no - 3","dghs_ward_id":50322}},{"type":"Feature","geometry":{"type":"Polygon","coordinates":[[[90.382663,23.732167],[90.382033,23.732116],[90.381791,23.732013],[90.380478,23.731196],[90.380341,23.731111],[90.380308,23.731056],[90.380274,23.730999],[90.379498,23.730516],[90.37933,23.730435],[90.379492,23.728472],[90.379671,23.726235],[90.379665,23.725765],[90.379385,23.72523],[90.379171,23.724944],[90.379064,23.724944],[90.378981,23.725194],[90.378808,23.725271],[90.378326,23.725271],[90.377684,23.725325],[90.377404,23.725378],[90.377375,23.725503],[90.377446,23.725842],[90.377445,23.726061],[90.377414,23.726076],[90.376991,23.725965],[90.376541,23.725824],[90.376409,23.725747],[90.376356,23.725678],[90.376233,23.725267],[90.376051,23.724826],[90.375846,23.72451],[90.375761,23.724367],[90.375717,23.724292],[90.375703,23.724268],[90.375639,23.724158],[90.375434,23.723884],[90.37537,23.723859],[90.374718,23.722973],[90.37455,23.722718],[90.374399,23.722527],[90.374372,23.72249],[90.374517,23.722381],[90.374669,23.722262],[90.37475,23.722235],[90.374936,23.722114],[90.375039,23.722019],[90.375217,23.721757],[90.375397,23.721619],[90.376035,23.7212],[90.376663,23.720815],[90.377516,23.720373],[90.377763,23.720244],[90.378024,23.720001],[90.378058,23.719939],[90.37811,23.719582],[90.378145,23.719377],[90.378216,23.719392],[90.37833,23.719592],[90.378402,23.719777],[90.378562,23.719882],[90.378685,23.720114],[90.378853,23.720378],[90.37909,23.720826],[90.378996,23.72087],[90.379047,23.720961],[90.379053,23.720987],[90.379082,23.721045],[90.378984,23.721097],[90.379043,23.721165],[90.379086,23.721235],[90.379126,23.721296],[90.379128,23.721338],[90.379176,23.721402],[90.379086,23.721464],[90.379144,23.721523],[90.379224,23.721676],[90.379329,23.721644],[90.379568,23.721643],[90.379568,23.721852],[90.379806,23.721853],[90.379805,23.721825],[90.379848,23.721825],[90.379849,23.721966],[90.379968,23.721952],[90.380124,23.721957],[90.380147,23.722103],[90.380253,23.722072],[90.380243,23.722046],[90.380346,23.722021],[90.380371,23.722032],[90.380557,23.721998],[90.38055,23.721966],[90.380552,23.721939],[90.380701,23.721944],[90.380776,23.721965],[90.380805,23.722091],[90.380814,23.722197],[90.380895,23.722346],[90.380944,23.722327],[90.381068,23.722309],[90.381192,23.722297],[90.381231,23.722305],[90.381269,23.722414],[90.381338,23.722403],[90.381356,23.722409],[90.381457,23.72237],[90.381448,23.722348],[90.381467,23.722341],[90.381427,23.722239],[90.381596,23.722189],[90.381586,23.722159],[90.381819,23.722113],[90.381918,23.722107],[90.381912,23.722004],[90.381895,23.721876],[90.382036,23.721851],[90.382029,23.721818],[90.382134,23.721799],[90.382139,23.721835],[90.382283,23.721829],[90.382302,23.72183],[90.382395,23.72181],[90.382442,23.721783],[90.382393,23.721702],[90.382541,23.721645],[90.382516,23.721574],[90.382527,23.721431],[90.382569,23.721382],[90.382565,23.721287],[90.382618,23.721276],[90.382588,23.721054],[90.382536,23.720952],[90.382592,23.720927],[90.382723,23.720894],[90.382759,23.720883],[90.382766,23.721058],[90.382852,23.721061],[90.382858,23.720975],[90.38294,23.720981],[90.38294,23.721009],[90.382966,23.721013],[90.382963,23.721121],[90.38291,23.721138],[90.382931,23.721237],[90.382952,23.721324],[90.382975,23.721376],[90.383019,23.721543],[90.383077,23.721693],[90.382776,23.721771],[90.382586,23.721852],[90.382501,23.721884],[90.38246,23.721946],[90.382267,23.722239],[90.382144,23.722385],[90.38206,23.722417],[90.381685,23.722458],[90.381336,23.722614],[90.38088,23.722766],[90.380666,23.72286],[90.380454,23.723121],[90.380225,23.72337],[90.380053,23.72352],[90.380094,23.723552],[90.380223,23.72355],[90.380225,23.72365],[90.380204,23.723812],[90.380383,23.723827],[90.380392,23.72397],[90.380378,23.724186],[90.380284,23.724182],[90.380266,23.724154],[90.380198,23.72415],[90.380206,23.724342],[90.380255,23.724339],[90.380252,23.724555],[90.380309,23.72457],[90.3802,23.724722],[90.380097,23.724803],[90.38021,23.724836],[90.380194,23.724905],[90.380886,23.725016],[90.381398,23.725079],[90.381429,23.725349],[90.381353,23.725756],[90.381363,23.725935],[90.381391,23.726057],[90.381445,23.726095],[90.381436,23.726186],[90.381498,23.726198],[90.381779,23.726334],[90.381837,23.726435],[90.382279,23.726778],[90.382978,23.726807],[90.382894,23.729384],[90.382899,23.731178],[90.382687,23.731181],[90.382663,23.732167]]]},"properties":{"city_corp":"DSCC","ward_no":23,"zone":"Zone no - 3","dghs_ward_id":50323}},{"type":"Feature","geometry":{"type":"Polygon","coordinates":[[[90.378562,23.719882],[90.378402,23.719777],[90.37833,23.719592],[90.378216,23.719392],[90.378145,23.719377],[90.378177,23.719261],[90.378213,23.719165],[90.37831,23.718899],[90.378472,23.718566],[90.378577,23.718447],[90.378772,23.7182],[90.378948,23.717653],[90.379015,23.717448],[90.379043,23.71698],[90.379168,23.7166],[90.379311,23.715951],[90.379466,23.715481],[90.379573,23.715255],[90.37971,23.715059],[90.379977,23.714833],[90.380691,23.714476],[90.381,23.71425],[90.381209,23.714191],[90.381643,23.714161],[90.381863,23.714161],[90.382226,23.713887],[90.382398,23.713786],[90.38269,23.713732],[90.383017,23.713524],[90.383112,23.71346],[90.383254,23.713544],[90.383885,23.713867],[90.384445,23.714391],[90.38483,23.714699],[90.385177,23.71505],[90.385241,23.715125],[90.385327,23.715068],[90.385372,23.715148],[90.386004,23.715713],[90.386026,23.715758],[90.385968,23.715799],[90.386131,23.71593],[90.386176,23.715862],[90.386302,23.715926],[90.386447,23.715955],[90.386559,23.715971],[90.386506,23.716301],[90.386414,23.716814],[90.386303,23.716878],[90.386525,23.717126],[90.386293,23.717288],[90.38659,23.71769],[90.386555,23.717814],[90.38653,23.717941],[90.386459,23.718461],[90.386119,23.718545],[90.386047,23.718579],[90.385756,23.718764],[90.385586,23.718859],[90.38529,23.718961],[90.385071,23.719034],[90.384839,23.719083],[90.384697,23.719096],[90.384617,23.719103],[90.384445,23.719136],[90.383868,23.71932],[90.383354,23.719496],[90.383025,23.719579],[90.382977,23.719599],[90.382887,23.719636],[90.382785,23.719655],[90.382148,23.719674],[90.382058,23.7197],[90.381881,23.719785],[90.381665,23.719908],[90.381594,23.719948],[90.381339,23.720098],[90.381163,23.720188],[90.380943,23.720285],[90.380814,23.720331],[90.380657,23.720421],[90.380401,23.720625],[90.380244,23.720769],[90.38015,23.720821],[90.379714,23.720991],[90.379294,23.721196],[90.37923,23.721243],[90.379235,23.721303],[90.379329,23.721644],[90.379224,23.721676],[90.379144,23.721523],[90.379086,23.721464],[90.379176,23.721402],[90.379128,23.721338],[90.379126,23.721296],[90.379086,23.721235],[90.379043,23.721165],[90.378984,23.721097],[90.379082,23.721045],[90.379053,23.720987],[90.379047,23.720961],[90.378996,23.72087],[90.37909,23.720826],[90.378853,23.720378],[90.378685,23.720114],[90.378606,23.719965],[90.378562,23.719882]]]},"properties":{"city_corp":"DSCC","ward_no":24,"zone":"Zone no - 3","dghs_ward_id":50324}},{"type":"Feature","geometry":{"type":"Polygon","coordinates":[[[90.390036,23.719044],[90.390018,23.71915],[90.389836,23.719551],[90.389769,23.719722],[90.389709,23.719741],[90.389437,23.71972],[90.388944,23.719711],[90.388141,23.719775],[90.387677,23.719812],[90.38728,23.719831],[90.387149,23.719847],[90.387168,23.71996],[90.387189,23.720082],[90.387185,23.720216],[90.387164,23.720277],[90.387108,23.720403],[90.387215,23.720404],[90.387215,23.720541],[90.387018,23.720536],[90.387019,23.720597],[90.386961,23.720598],[90.386949,23.720583],[90.386827,23.72058],[90.386827,23.720365],[90.386731,23.720365],[90.386731,23.720337],[90.386707,23.720337],[90.386702,23.720227],[90.386833,23.720192],[90.386818,23.720137],[90.386776,23.720094],[90.38653,23.72015],[90.38656,23.720223],[90.38656,23.720334],[90.386436,23.72038],[90.386414,23.720354],[90.386318,23.720175],[90.386216,23.720196],[90.38624,23.720343],[90.386257,23.720474],[90.386138,23.720489],[90.386156,23.720588],[90.386159,23.72089],[90.385951,23.720888],[90.385952,23.721017],[90.385851,23.72102],[90.385851,23.721042],[90.385776,23.721049],[90.385815,23.721235],[90.3857,23.721258],[90.385675,23.721134],[90.385659,23.720991],[90.38563,23.72099],[90.385442,23.721063],[90.385467,23.721158],[90.385508,23.721233],[90.385034,23.721226],[90.385034,23.721304],[90.384867,23.721307],[90.384723,23.721323],[90.384723,23.721468],[90.385075,23.721478],[90.385074,23.721531],[90.385036,23.721703],[90.384922,23.721795],[90.38487,23.721861],[90.384841,23.722033],[90.384842,23.722252],[90.384868,23.722452],[90.384892,23.722568],[90.384933,23.722922],[90.384765,23.72311],[90.384767,23.723268],[90.384731,23.723499],[90.384604,23.723488],[90.384612,23.723303],[90.384556,23.723242],[90.384554,23.723203],[90.384448,23.723208],[90.384442,23.723285],[90.384026,23.723278],[90.383813,23.72326],[90.383776,23.72372],[90.383417,23.723727],[90.38339,23.723413],[90.383381,23.723083],[90.383253,23.723082],[90.383066,23.722956],[90.383049,23.722758],[90.383045,23.722613],[90.383041,23.722539],[90.382541,23.72254],[90.382541,23.722565],[90.38246,23.722561],[90.382472,23.722689],[90.382269,23.722698],[90.382269,23.722728],[90.38205,23.722726],[90.38206,23.722417],[90.382144,23.722385],[90.382267,23.722239],[90.38246,23.721946],[90.382501,23.721884],[90.382586,23.721852],[90.382776,23.721771],[90.383077,23.721693],[90.383019,23.721543],[90.382975,23.721376],[90.382952,23.721324],[90.382931,23.721237],[90.38291,23.721138],[90.382963,23.721121],[90.382966,23.721013],[90.38294,23.721009],[90.38294,23.720981],[90.382858,23.720975],[90.382852,23.721061],[90.382766,23.721058],[90.382759,23.720883],[90.382723,23.720894],[90.382592,23.720927],[90.382536,23.720952],[90.382588,23.721054],[90.382618,23.721276],[90.382565,23.721287],[90.382569,23.721382],[90.382527,23.721431],[90.382516,23.721574],[90.382541,23.721645],[90.382393,23.721702],[90.382442,23.721783],[90.382395,23.72181],[90.382302,23.72183],[90.382283,23.721829],[90.382139,23.721835],[90.382134,23.721799],[90.382029,23.721818],[90.382036,23.721851],[90.381895,23.721876],[90.381912,23.722004],[90.381918,23.722107],[90.381819,23.722113],[90.381586,23.722159],[90.381596,23.722189],[90.381427,23.722239],[90.381467,23.722341],[90.381448,23.722348],[90.381457,23.72237],[90.381356,23.722409],[90.381338,23.722403],[90.381269,23.722414],[90.381231,23.722305],[90.381192,23.722297],[90.381068,23.722309],[90.380944,23.722327],[90.380895,23.722346],[90.380814,23.722197],[90.380805,23.722091],[90.380776,23.721965],[90.380701,23.721944],[90.380552,23.721939],[90.38055,23.721966],[90.380557,23.721998],[90.380371,23.722032],[90.380346,23.722021],[90.380243,23.722046],[90.380253,23.722072],[90.380147,23.722103],[90.380124,23.721957],[90.379968,23.721952],[90.379849,23.721966],[90.379848,23.721825],[90.379805,23.721825],[90.379806,23.721853],[90.379568,23.721852],[90.379568,23.721643],[90.379329,23.721644],[90.379235,23.721303],[90.37923,23.721243],[90.379294,23.721196],[90.379714,23.720991],[90.38015,23.720821],[90.380244,23.720769],[90.380401,23.720625],[90.380657,23.720421],[90.380814,23.720331],[90.380943,23.720285],[90.381163,23.720188],[90.381339,23.720098],[90.381594,23.719948],[90.381665,23.719908],[90.381881,23.719785],[90.382058,23.7197],[90.382148,23.719674],[90.382785,23.719655],[90.382887,23.719636],[90.382977,23.719599],[90.383025,23.719579],[90.383354,23.719496],[90.383868,23.71932],[90.384445,23.719136],[90.384617,23.719103],[90.384697,23.719096],[90.384839,23.719083],[90.385071,23.719034],[90.38529,23.718961],[90.385586,23.718859],[90.385756,23.718764],[90.386047,23.718579],[90.386119,23.718545],[90.386459,23.718461],[90.38653,23.717941],[90.386555,23.717814],[90.38659,23.71769],[90.386293,23.717288],[90.386525,23.717126],[90.386717,23.716989],[90.386864,23.716949],[90.38706,23.716934],[90.387359,23.716926],[90.387878,23.716871],[90.388263,23.716845],[90.388512,23.716861],[90.388689,23.716842],[90.388796,23.71682],[90.389065,23.716713],[90.389216,23.716761],[90.389288,23.716824],[90.389343,23.716853],[90.389673,23.716865],[90.389659,23.716951],[90.389678,23.71728],[90.38973,23.717621],[90.389766,23.71805],[90.390063,23.718874],[90.390036,23.719044]]]},"properties":{"city_corp":"DSCC","ward_no":25,"zone":"Zone no - 3","dghs_ward_id":50325}},{"type":"Feature","geometry":{"type":"Polygon","coordinates":[[[90.382663,23.732167],[90.38267,23.731866],[90.38268,23.731455],[90.382687,23.731181],[90.382899,23.731178],[90.382894,23.729384],[90.382978,23.726807],[90.382279,23.726778],[90.381837,23.726435],[90.381779,23.726334],[90.381498,23.726198],[90.381436,23.726186],[90.381445,23.726095],[90.381391,23.726057],[90.381363,23.725935],[90.381353,23.725756],[90.381429,23.725349],[90.381398,23.725079],[90.380886,23.725016],[90.380194,23.724905],[90.38021,23.724836],[90.380097,23.724803],[90.3802,23.724722],[90.380309,23.72457],[90.380252,23.724555],[90.380255,23.724339],[90.380206,23.724342],[90.380198,23.72415],[90.380266,23.724154],[90.380284,23.724182],[90.380378,23.724186],[90.380392,23.72397],[90.380383,23.723827],[90.380204,23.723812],[90.380225,23.72365],[90.380223,23.72355],[90.380094,23.723552],[90.380053,23.72352],[90.380225,23.72337],[90.380454,23.723121],[90.380666,23.72286],[90.38088,23.722766],[90.381336,23.722614],[90.381685,23.722458],[90.38206,23.722417],[90.38205,23.722726],[90.382269,23.722728],[90.382269,23.722698],[90.382472,23.722689],[90.38246,23.722561],[90.382541,23.722565],[90.382541,23.72254],[90.383041,23.722539],[90.383045,23.722613],[90.383049,23.722758],[90.383066,23.722956],[90.383253,23.723082],[90.383381,23.723083],[90.38339,23.723413],[90.383417,23.723727],[90.383776,23.72372],[90.383813,23.72326],[90.384026,23.723278],[90.384442,23.723285],[90.384448,23.723208],[90.384554,23.723203],[90.384556,23.723242],[90.384612,23.723303],[90.384604,23.723488],[90.384731,23.723499],[90.384767,23.723268],[90.384765,23.72311],[90.384933,23.722922],[90.384892,23.722568],[90.384868,23.722452],[90.384842,23.722252],[90.384841,23.722033],[90.38487,23.721861],[90.384922,23.721795],[90.385036,23.721703],[90.385074,23.721531],[90.385075,23.721478],[90.384723,23.721468],[90.384723,23.721323],[90.384867,23.721307],[90.385034,23.721304],[90.385034,23.721226],[90.385508,23.721233],[90.385467,23.721158],[90.385442,23.721063],[90.38563,23.72099],[90.385659,23.720991],[90.385675,23.721134],[90.3857,23.721258],[90.385815,23.721235],[90.385776,23.721049],[90.385851,23.721042],[90.385851,23.72102],[90.385952,23.721017],[90.385951,23.720888],[90.386159,23.72089],[90.386156,23.720588],[90.386138,23.720489],[90.386257,23.720474],[90.38624,23.720343],[90.386216,23.720196],[90.386318,23.720175],[90.386414,23.720354],[90.386436,23.72038],[90.38656,23.720334],[90.38656,23.720223],[90.38653,23.72015],[90.386776,23.720094],[90.386818,23.720137],[90.386833,23.720192],[90.386702,23.720227],[90.386707,23.720337],[90.386731,23.720337],[90.386731,23.720365],[90.386827,23.720365],[90.386827,23.72058],[90.386949,23.720583],[90.386961,23.720598],[90.387019,23.720597],[90.387018,23.720536],[90.387215,23.720541],[90.387215,23.720404],[90.387108,23.720403],[90.387164,23.720277],[90.387185,23.720216],[90.387189,23.720082],[90.387168,23.71996],[90.387149,23.719847],[90.38728,23.719831],[90.387677,23.719812],[90.388141,23.719775],[90.388944,23.719711],[90.389437,23.71972],[90.389709,23.719741],[90.389769,23.719722],[90.389775,23.719773],[90.389676,23.720095],[90.389784,23.720131],[90.389898,23.720133],[90.390005,23.720158],[90.390006,23.720176],[90.390077,23.720176],[90.390133,23.720187],[90.390139,23.720206],[90.390137,23.720371],[90.390188,23.720371],[90.390184,23.720591],[90.390263,23.720589],[90.39027,23.720787],[90.390261,23.720861],[90.390162,23.720876],[90.389798,23.720884],[90.389787,23.721046],[90.389787,23.721191],[90.389875,23.721225],[90.389858,23.721455],[90.389724,23.722001],[90.38958,23.72198],[90.389508,23.722289],[90.389455,23.722343],[90.389448,23.722477],[90.38944,23.722669],[90.389343,23.722664],[90.389352,23.722914],[90.3894,23.723372],[90.389406,23.723419],[90.389406,23.723512],[90.389549,23.723508],[90.38957,23.723727],[90.390321,23.723769],[90.391115,23.72377],[90.391115,23.723884],[90.391147,23.723924],[90.391368,23.723926],[90.391368,23.723966],[90.39205,23.72397],[90.392135,23.723979],[90.392148,23.724031],[90.392423,23.724045],[90.392205,23.724694],[90.391111,23.724693],[90.39039,23.72476],[90.390232,23.724803],[90.390287,23.725211],[90.390103,23.725235],[90.390117,23.725817],[90.389233,23.725827],[90.389395,23.726722],[90.389485,23.7272],[90.389581,23.727344],[90.389402,23.727535],[90.388827,23.728086],[90.388274,23.728662],[90.387864,23.729147],[90.387592,23.729545],[90.387247,23.730212],[90.38707,23.73082],[90.386981,23.731627],[90.387005,23.732125],[90.387053,23.732533],[90.38546,23.732301],[90.385072,23.732279],[90.382663,23.732167]]]},"properties":{"city_corp":"DSCC","ward_no":26,"zone":"Zone no - 3","dghs_ward_id":50326}},{"type":"Feature","geometry":{"type":"Polygon","coordinates":[[[90.398391,23.720036],[90.398498,23.720221],[90.398623,23.720479],[90.398885,23.720883],[90.399222,23.721332],[90.399296,23.721421],[90.399583,23.72177],[90.399812,23.72218],[90.400135,23.722841],[90.400195,23.723001],[90.400339,23.723824],[90.395455,23.724514],[90.394767,23.724634],[90.3939,23.724864],[90.392437,23.725443],[90.391841,23.725743],[90.391506,23.725928],[90.390643,23.726523],[90.389581,23.727344],[90.389485,23.7272],[90.389395,23.726722],[90.389233,23.725827],[90.390117,23.725817],[90.390103,23.725235],[90.390287,23.725211],[90.390232,23.724803],[90.39039,23.72476],[90.391111,23.724693],[90.392205,23.724694],[90.392423,23.724045],[90.392148,23.724031],[90.392135,23.723979],[90.39205,23.72397],[90.391368,23.723966],[90.391368,23.723926],[90.391147,23.723924],[90.391115,23.723884],[90.391115,23.72377],[90.390321,23.723769],[90.38957,23.723727],[90.389549,23.723508],[90.389406,23.723512],[90.389406,23.723419],[90.3894,23.723372],[90.389352,23.722914],[90.389343,23.722664],[90.38944,23.722669],[90.389448,23.722477],[90.389455,23.722343],[90.389508,23.722289],[90.38958,23.72198],[90.389724,23.722001],[90.389858,23.721455],[90.389875,23.721225],[90.389787,23.721191],[90.389787,23.721046],[90.389798,23.720884],[90.390162,23.720876],[90.390261,23.720861],[90.39027,23.720787],[90.390263,23.720589],[90.390184,23.720591],[90.390188,23.720371],[90.390137,23.720371],[90.390139,23.720206],[90.390177,23.720206],[90.390188,23.720198],[90.390262,23.720195],[90.390258,23.720141],[90.390258,23.720109],[90.390312,23.720106],[90.390305,23.719987],[90.390345,23.719986],[90.390348,23.720003],[90.390416,23.720002],[90.390418,23.720133],[90.390533,23.720131],[90.390518,23.720031],[90.390507,23.719811],[90.390705,23.719819],[90.390693,23.719927],[90.390794,23.719939],[90.390797,23.720004],[90.390774,23.720019],[90.390774,23.720091],[90.390722,23.720094],[90.39074,23.720277],[90.390703,23.720281],[90.390749,23.720464],[90.39098,23.720466],[90.390981,23.720742],[90.39084,23.720743],[90.390837,23.720846],[90.390895,23.720847],[90.3909,23.721074],[90.390854,23.721074],[90.390849,23.721271],[90.390985,23.72127],[90.390986,23.721338],[90.391021,23.721345],[90.391059,23.721333],[90.391107,23.721335],[90.39119,23.721344],[90.391195,23.721538],[90.391238,23.721538],[90.391239,23.721754],[90.391609,23.721759],[90.39164,23.722124],[90.391809,23.722078],[90.391851,23.721972],[90.391904,23.721972],[90.391978,23.721892],[90.392008,23.72176],[90.39202,23.721323],[90.392095,23.721258],[90.392189,23.721221],[90.392404,23.721202],[90.392747,23.721181],[90.393003,23.721101],[90.393137,23.721066],[90.393084,23.721023],[90.393036,23.721018],[90.393046,23.720893],[90.393072,23.720844],[90.393072,23.720815],[90.39306,23.720799],[90.393063,23.720762],[90.393056,23.720515],[90.393109,23.720369],[90.393149,23.720376],[90.393159,23.720329],[90.393121,23.720246],[90.393281,23.719848],[90.393275,23.719622],[90.393449,23.719627],[90.393444,23.719535],[90.39343,23.719359],[90.39333,23.719368],[90.393282,23.719271],[90.393363,23.719225],[90.393472,23.719176],[90.393589,23.719142],[90.393577,23.719101],[90.393716,23.719069],[90.393668,23.718855],[90.394019,23.718781],[90.394012,23.71871],[90.394291,23.718672],[90.394291,23.718649],[90.394388,23.718643],[90.394405,23.718639],[90.394478,23.718625],[90.39457,23.718906],[90.39471,23.71886],[90.394905,23.718773],[90.394941,23.71875],[90.394885,23.71857],[90.394938,23.718551],[90.394913,23.718475],[90.395096,23.718414],[90.395435,23.719391],[90.394943,23.719445],[90.394912,23.719457],[90.394904,23.719479],[90.394909,23.719671],[90.394877,23.719702],[90.394787,23.719721],[90.394742,23.719893],[90.394689,23.719909],[90.39438,23.719916],[90.394415,23.720069],[90.394522,23.72029],[90.394576,23.72037],[90.394637,23.720488],[90.394637,23.720561],[90.395325,23.720586],[90.395343,23.720625],[90.395745,23.72062],[90.395822,23.720711],[90.395935,23.720811],[90.396081,23.720844],[90.396214,23.720884],[90.39634,23.720963],[90.396428,23.721044],[90.396432,23.721104],[90.396503,23.721238],[90.396551,23.721533],[90.396562,23.721754],[90.396621,23.72208],[90.396849,23.722014],[90.397184,23.721887],[90.39741,23.721744],[90.397517,23.721684],[90.397572,23.72158],[90.397603,23.721379],[90.397694,23.721118],[90.397798,23.720937],[90.397936,23.720788],[90.398219,23.720589],[90.398234,23.720538],[90.39822,23.720246],[90.398229,23.720148],[90.398268,23.720096],[90.398391,23.720036]]]},"properties":{"city_corp":"DSCC","ward_no":27,"zone":"Zone no - 3","dghs_ward_id":50327}},{"type":"Feature","geometry":{"type":"Polygon","coordinates":[[[90.395096,23.718414],[90.394913,23.718475],[90.394938,23.718551],[90.394885,23.71857],[90.394941,23.71875],[90.394905,23.718773],[90.39471,23.71886],[90.39457,23.718906],[90.394478,23.718625],[90.394405,23.718639],[90.394388,23.718643],[90.394291,23.718649],[90.394291,23.718672],[90.394012,23.71871],[90.394019,23.718781],[90.393668,23.718855],[90.393716,23.719069],[90.393577,23.719101],[90.393589,23.719142],[90.393472,23.719176],[90.393363,23.719225],[90.393282,23.719271],[90.39333,23.719368],[90.39343,23.719359],[90.393444,23.719535],[90.393449,23.719627],[90.393275,23.719622],[90.393281,23.719848],[90.393121,23.720246],[90.393159,23.720329],[90.393149,23.720376],[90.393109,23.720369],[90.393056,23.720515],[90.393063,23.720762],[90.39306,23.720799],[90.393072,23.720815],[90.393072,23.720844],[90.393046,23.720893],[90.393036,23.721018],[90.393084,23.721023],[90.393137,23.721066],[90.393003,23.721101],[90.392747,23.721181],[90.392404,23.721202],[90.392189,23.721221],[90.392095,23.721258],[90.39202,23.721323],[90.392008,23.72176],[90.391978,23.721892],[90.391904,23.721972],[90.391851,23.721972],[90.391809,23.722078],[90.39164,23.722124],[90.391609,23.721759],[90.391239,23.721754],[90.391238,23.721538],[90.391195,23.721538],[90.39119,23.721344],[90.391107,23.721335],[90.391059,23.721333],[90.391021,23.721345],[90.390986,23.721338],[90.390985,23.72127],[90.390849,23.721271],[90.390854,23.721074],[90.3909,23.721074],[90.390895,23.720847],[90.390837,23.720846],[90.39084,23.720743],[90.390981,23.720742],[90.39098,23.720466],[90.390749,23.720464],[90.390703,23.720281],[90.39074,23.720277],[90.390722,23.720094],[90.390774,23.720091],[90.390774,23.720019],[90.390797,23.720004],[90.390794,23.719939],[90.390693,23.719927],[90.390705,23.719819],[90.390507,23.719811],[90.390518,23.720031],[90.390533,23.720131],[90.390418,23.720133],[90.390416,23.720002],[90.390348,23.720003],[90.390345,23.719986],[90.390305,23.719987],[90.390312,23.720106],[90.390258,23.720109],[90.390258,23.720141],[90.390262,23.720195],[90.390188,23.720198],[90.390177,23.720206],[90.390139,23.720206],[90.390133,23.720187],[90.390077,23.720176],[90.390006,23.720176],[90.390005,23.720158],[90.389898,23.720133],[90.389784,23.720131],[90.389676,23.720095],[90.389775,23.719773],[90.389905,23.719773],[90.389905,23.719617],[90.390035,23.719623],[90.390038,23.719605],[90.390194,23.7196],[90.390202,23.719529],[90.390247,23.719525],[90.390266,23.719392],[90.390451,23.719408],[90.390511,23.71929],[90.390542,23.719189],[90.390511,23.719185],[90.39051,23.719151],[90.390476,23.719146],[90.390473,23.719119],[90.390307,23.719115],[90.390309,23.719068],[90.390163,23.719049],[90.390036,23.719044],[90.390063,23.718874],[90.390405,23.718866],[90.390381,23.718628],[90.390433,23.7186],[90.390431,23.718539],[90.390569,23.718536],[90.390575,23.718502],[90.390595,23.718473],[90.39059,23.718391],[90.39067,23.718379],[90.390764,23.718381],[90.390768,23.718222],[90.390749,23.718135],[90.390733,23.718101],[90.390891,23.718052],[90.390826,23.71796],[90.390962,23.717861],[90.390982,23.717834],[90.391006,23.717827],[90.391076,23.71782],[90.391126,23.717825],[90.391144,23.717723],[90.391285,23.717647],[90.391277,23.717621],[90.39136,23.717606],[90.391329,23.717519],[90.391308,23.7175],[90.391291,23.717415],[90.391596,23.717337],[90.391627,23.71751],[90.391715,23.717517],[90.391721,23.717606],[90.391984,23.717543],[90.392368,23.717473],[90.392437,23.717456],[90.392441,23.71741],[90.392413,23.717228],[90.39244,23.717095],[90.392456,23.717068],[90.392512,23.717034],[90.392539,23.716965],[90.392542,23.71689],[90.392493,23.716782],[90.392493,23.716739],[90.3926,23.716633],[90.392373,23.716411],[90.392339,23.716365],[90.392508,23.716313],[90.392658,23.716395],[90.392733,23.716402],[90.392756,23.716472],[90.392738,23.716481],[90.392759,23.716516],[90.392784,23.716527],[90.392822,23.716587],[90.392825,23.716607],[90.392866,23.716676],[90.392898,23.716715],[90.393095,23.716609],[90.393023,23.716461],[90.393118,23.716437],[90.393243,23.716398],[90.393317,23.716378],[90.393305,23.71635],[90.393423,23.716286],[90.393629,23.716246],[90.39362,23.716219],[90.393952,23.716111],[90.394093,23.716112],[90.394245,23.716125],[90.394357,23.716118],[90.394364,23.716165],[90.394638,23.716153],[90.394625,23.716243],[90.394791,23.716235],[90.394898,23.716231],[90.394928,23.716375],[90.395035,23.716367],[90.395026,23.716289],[90.395113,23.716282],[90.395108,23.716229],[90.395183,23.716221],[90.395313,23.716183],[90.395385,23.716331],[90.39558,23.716298],[90.395517,23.716137],[90.3955,23.7161],[90.395522,23.716089],[90.395483,23.716014],[90.395272,23.716102],[90.395218,23.716001],[90.395184,23.715931],[90.395447,23.715829],[90.395652,23.715769],[90.395611,23.715693],[90.395764,23.715623],[90.39582,23.715612],[90.395824,23.715635],[90.395824,23.715656],[90.395929,23.715648],[90.395923,23.715572],[90.395891,23.715489],[90.395818,23.715344],[90.395886,23.715317],[90.395962,23.715279],[90.396099,23.715224],[90.396126,23.715273],[90.396227,23.715229],[90.396192,23.715169],[90.396311,23.715096],[90.396347,23.715144],[90.396438,23.715273],[90.3965,23.71524],[90.396537,23.715238],[90.396535,23.71539],[90.396587,23.715381],[90.396659,23.715371],[90.39668,23.715366],[90.396733,23.715354],[90.396732,23.715257],[90.39685,23.715245],[90.396862,23.715416],[90.396864,23.715435],[90.396674,23.715483],[90.396589,23.715528],[90.396615,23.715614],[90.396598,23.71562],[90.396626,23.715711],[90.396685,23.715884],[90.396712,23.715874],[90.396745,23.715933],[90.396756,23.715957],[90.396737,23.715966],[90.396768,23.71603],[90.396807,23.716122],[90.396889,23.716092],[90.396961,23.716275],[90.396762,23.716361],[90.396657,23.716426],[90.396496,23.716416],[90.396038,23.716505],[90.395948,23.716571],[90.395591,23.717184],[90.395564,23.717245],[90.39518,23.718107],[90.395028,23.718218],[90.395096,23.718414]]]},"properties":{"city_corp":"DSCC","ward_no":28,"zone":"Zone no - 3","dghs_ward_id":50328}},{"type":"Feature","geometry":{"type":"MultiPolygon","coordinates":[[[[90.383885,23.713867],[90.383254,23.713544],[90.383112,23.71346],[90.38341,23.713347],[90.383601,23.713271],[90.384038,23.713097],[90.384538,23.712847],[90.384853,23.712754],[90.385009,23.712735],[90.3852,23.712741],[90.3856,23.712907],[90.385829,23.712946],[90.386067,23.712936],[90.386233,23.71285],[90.386509,23.712589],[90.386752,23.712341],[90.386985,23.712236],[90.387275,23.712151],[90.387347,23.712046],[90.387375,23.711932],[90.387523,23.711799],[90.387761,23.711656],[90.387999,23.711623],[90.388175,23.711665],[90.388402,23.711818],[90.388471,23.711832],[90.388836,23.711832],[90.389041,23.711803],[90.389386,23.711899],[90.38952,23.711929],[90.389677,23.711923],[90.38988,23.711869],[90.390008,23.711816],[90.390067,23.711753],[90.390147,23.711739],[90.390201,23.711733],[90.390269,23.711762],[90.390314,23.711822],[90.390356,23.711968],[90.390362,23.711997],[90.390385,23.712059],[90.390415,23.712049],[90.390409,23.711994],[90.39046,23.71189],[90.390686,23.711691],[90.3909,23.711477],[90.391188,23.71126],[90.391373,23.711167],[90.391405,23.711315],[90.391451,23.711658],[90.391424,23.711867],[90.391612,23.711888],[90.391605,23.711928],[90.391586,23.71206],[90.39147,23.712042],[90.391412,23.712042],[90.391418,23.712177],[90.391391,23.712184],[90.391355,23.712474],[90.391444,23.71248],[90.391639,23.712506],[90.391661,23.712465],[90.391756,23.712489],[90.391727,23.712595],[90.392094,23.712681],[90.392061,23.712934],[90.392745,23.712961],[90.392741,23.713235],[90.392704,23.713247],[90.392716,23.713517],[90.392846,23.713483],[90.392982,23.713438],[90.392978,23.713399],[90.393098,23.713358],[90.393098,23.713339],[90.393251,23.713328],[90.393377,23.713309],[90.393408,23.713353],[90.393485,23.713518],[90.393544,23.713502],[90.393635,23.713713],[90.393776,23.714039],[90.393807,23.714151],[90.393955,23.714436],[90.394067,23.714418],[90.394086,23.714496],[90.394075,23.714511],[90.394119,23.714631],[90.394128,23.714703],[90.394171,23.714719],[90.394186,23.714743],[90.394277,23.715019],[90.394279,23.715035],[90.394271,23.715046],[90.394292,23.715207],[90.394382,23.715205],[90.394384,23.7153],[90.394423,23.715318],[90.394448,23.715519],[90.394498,23.715553],[90.394678,23.715538],[90.394681,23.715571],[90.394761,23.715559],[90.39478,23.715641],[90.3949,23.715612],[90.394909,23.715634],[90.395195,23.715548],[90.395711,23.715371],[90.395776,23.715526],[90.395891,23.715489],[90.395923,23.715572],[90.395929,23.715648],[90.395824,23.715656],[90.395824,23.715635],[90.39582,23.715612],[90.395764,23.715623],[90.395611,23.715693],[90.395652,23.715769],[90.395447,23.715829],[90.395184,23.715931],[90.395218,23.716001],[90.395272,23.716102],[90.395483,23.716014],[90.395522,23.716089],[90.3955,23.7161],[90.395517,23.716137],[90.39558,23.716298],[90.395385,23.716331],[90.395313,23.716183],[90.395183,23.716221],[90.395108,23.716229],[90.395113,23.716282],[90.395026,23.716289],[90.395035,23.716367],[90.394928,23.716375],[90.394898,23.716231],[90.394791,23.716235],[90.394625,23.716243],[90.394638,23.716153],[90.394364,23.716165],[90.394357,23.716118],[90.394245,23.716125],[90.394093,23.716112],[90.393952,23.716111],[90.39362,23.716219],[90.393629,23.716246],[90.393423,23.716286],[90.393305,23.71635],[90.393317,23.716378],[90.393243,23.716398],[90.393118,23.716437],[90.393023,23.716461],[90.393095,23.716609],[90.392898,23.716715],[90.392866,23.716676],[90.392825,23.716607],[90.392822,23.716587],[90.392784,23.716527],[90.392759,23.716516],[90.392738,23.716481],[90.392756,23.716472],[90.392733,23.716402],[90.392658,23.716395],[90.392508,23.716313],[90.392339,23.716365],[90.392373,23.716411],[90.3926,23.716633],[90.392493,23.716739],[90.392493,23.716782],[90.392542,23.71689],[90.392539,23.716965],[90.392512,23.717034],[90.392456,23.717068],[90.39244,23.717095],[90.392413,23.717228],[90.392441,23.71741],[90.392437,23.717456],[90.392368,23.717473],[90.391984,23.717543],[90.391721,23.717606],[90.391715,23.717517],[90.391627,23.71751],[90.391596,23.717337],[90.391291,23.717415],[90.391308,23.7175],[90.391329,23.717519],[90.39136,23.717606],[90.391277,23.717621],[90.391285,23.717647],[90.391144,23.717723],[90.391126,23.717825],[90.391076,23.71782],[90.391006,23.717827],[90.390982,23.717834],[90.390962,23.717861],[90.390826,23.71796],[90.390891,23.718052],[90.390733,23.718101],[90.390749,23.718135],[90.390768,23.718222],[90.390764,23.718381],[90.39067,23.718379],[90.39059,23.718391],[90.390595,23.718473],[90.390575,23.718502],[90.390569,23.718536],[90.390431,23.718539],[90.390433,23.7186],[90.390381,23.718628],[90.390405,23.718866],[90.390063,23.718874],[90.389766,23.71805],[90.38973,23.717621],[90.389678,23.71728],[90.389659,23.716951],[90.389673,23.716865],[90.389343,23.716853],[90.389288,23.716824],[90.389216,23.716761],[90.389065,23.716713],[90.388796,23.71682],[90.388689,23.716842],[90.388512,23.716861],[90.388263,23.716845],[90.387878,23.716871],[90.387359,23.716926],[90.38706,23.716934],[90.386864,23.716949],[90.386717,23.716989],[90.386525,23.717126],[90.386303,23.716878],[90.386414,23.716814],[90.386506,23.716301],[90.386559,23.715971],[90.386447,23.715955],[90.386302,23.715926],[90.386176,23.715862],[90.386131,23.71593],[90.385968,23.715799],[90.386026,23.715758],[90.386004,23.715713],[90.385372,23.715148],[90.385327,23.715068],[90.385241,23.715125],[90.385177,23.71505],[90.38483,23.714699],[90.384445,23.714391],[90.384015,23.713989],[90.383885,23.713867]]],[[[90.389769,23.719722],[90.389836,23.719551],[90.390018,23.71915],[90.390036,23.719044],[90.390163,23.719049],[90.390309,23.719068],[90.390307,23.719115],[90.390473,23.719119],[90.390476,23.719146],[90.39051,23.719151],[90.390511,23.719185],[90.390542,23.719189],[90.390511,23.71929],[90.390451,23.719408],[90.390266,23.719392],[90.390247,23.719525],[90.390202,23.719529],[90.390194,23.7196],[90.390038,23.719605],[90.390035,23.719623],[90.389905,23.719617],[90.389905,23.719773],[90.389775,23.719773],[90.389769,23.719722]]]]},"properties":{"city_corp":"DSCC","ward_no":29,"zone":"Zone no - 3","dghs_ward_id":50329}},{"type":"Feature","geometry":{"type":"Polygon","coordinates":[[[90.391405,23.711315],[90.391373,23.711167],[90.391453,23.711132],[90.391507,23.711089],[90.391542,23.71106],[90.391596,23.711031],[90.391673,23.711019],[90.391944,23.711081],[90.392119,23.711078],[90.392304,23.711048],[90.392473,23.710986],[90.392687,23.710953],[90.393,23.711001],[90.393455,23.711111],[90.393755,23.711188],[90.394103,23.711212],[90.394234,23.711185],[90.394294,23.711105],[90.39435,23.711078],[90.394424,23.711087],[90.394537,23.711191],[90.394627,23.711218],[90.394772,23.711206],[90.395135,23.7112],[90.395831,23.711236],[90.396379,23.711269],[90.396818,23.711278],[90.39731,23.711289],[90.397553,23.71131],[90.398383,23.711215],[90.398577,23.711156],[90.399052,23.71101],[90.399831,23.710733],[90.400697,23.710341],[90.402231,23.709621],[90.402253,23.70966],[90.402798,23.710604],[90.403059,23.711242],[90.403081,23.711295],[90.403201,23.7118],[90.402904,23.711895],[90.40242,23.711961],[90.402434,23.711816],[90.402195,23.711818],[90.402203,23.711906],[90.40216,23.711912],[90.402174,23.712078],[90.401648,23.712137],[90.401494,23.712169],[90.401516,23.712372],[90.401492,23.712546],[90.401351,23.712571],[90.401282,23.712366],[90.401259,23.71237],[90.401198,23.712221],[90.401061,23.712296],[90.401077,23.712341],[90.400972,23.712387],[90.400994,23.712484],[90.40086,23.712506],[90.400837,23.712405],[90.400664,23.712429],[90.40061,23.712456],[90.400631,23.71258],[90.400699,23.71258],[90.400699,23.712701],[90.400489,23.712713],[90.400495,23.712896],[90.400591,23.7129],[90.40061,23.713096],[90.40076,23.71308],[90.400894,23.713091],[90.400916,23.713179],[90.401153,23.713122],[90.401184,23.713234],[90.401015,23.713276],[90.401016,23.713293],[90.400999,23.713295],[90.401028,23.713416],[90.40104,23.713469],[90.40102,23.713476],[90.401041,23.713652],[90.401044,23.713813],[90.401042,23.713988],[90.400915,23.713981],[90.40087,23.714134],[90.400718,23.714119],[90.400634,23.714101],[90.400622,23.714114],[90.400659,23.714138],[90.400681,23.714248],[90.400698,23.714371],[90.400485,23.714434],[90.400453,23.714475],[90.400206,23.714476],[90.400184,23.714202],[90.400229,23.714199],[90.400229,23.714075],[90.400266,23.713894],[90.400266,23.713816],[90.400123,23.71381],[90.400122,23.713645],[90.39997,23.713644],[90.39997,23.713484],[90.399775,23.713492],[90.399621,23.713489],[90.399562,23.713512],[90.399436,23.713539],[90.399424,23.713471],[90.399289,23.713553],[90.399239,23.713575],[90.399267,23.713689],[90.399198,23.713713],[90.399083,23.713745],[90.399126,23.713943],[90.399057,23.713964],[90.399117,23.714053],[90.399046,23.714096],[90.398918,23.714147],[90.398921,23.71419],[90.398803,23.714198],[90.398757,23.714138],[90.398695,23.714157],[90.398635,23.714042],[90.398632,23.714215],[90.398585,23.714221],[90.398585,23.714274],[90.398387,23.714282],[90.398377,23.714236],[90.398319,23.71425],[90.398272,23.714282],[90.398271,23.714315],[90.398192,23.714362],[90.398041,23.71436],[90.398043,23.714269],[90.397707,23.714409],[90.397776,23.714546],[90.397777,23.714559],[90.397701,23.714586],[90.397723,23.714638],[90.397623,23.714674],[90.397565,23.714579],[90.397426,23.714655],[90.397449,23.714697],[90.39738,23.714732],[90.397413,23.714798],[90.397318,23.714841],[90.397376,23.714937],[90.397097,23.714973],[90.397095,23.715021],[90.397045,23.715031],[90.397046,23.715275],[90.396984,23.715274],[90.396953,23.71524],[90.396938,23.715243],[90.396947,23.715411],[90.396862,23.715416],[90.39685,23.715245],[90.396732,23.715257],[90.396733,23.715354],[90.39668,23.715366],[90.396659,23.715371],[90.396587,23.715381],[90.396535,23.71539],[90.396537,23.715238],[90.3965,23.71524],[90.396438,23.715273],[90.396347,23.715144],[90.396311,23.715096],[90.396192,23.715169],[90.396227,23.715229],[90.396126,23.715273],[90.396099,23.715224],[90.395962,23.715279],[90.395886,23.715317],[90.395818,23.715344],[90.395891,23.715489],[90.395776,23.715526],[90.395711,23.715371],[90.395195,23.715548],[90.394909,23.715634],[90.3949,23.715612],[90.39478,23.715641],[90.394761,23.715559],[90.394681,23.715571],[90.394678,23.715538],[90.394498,23.715553],[90.394448,23.715519],[90.394423,23.715318],[90.394384,23.7153],[90.394382,23.715205],[90.394292,23.715207],[90.394271,23.715046],[90.394279,23.715035],[90.394277,23.715019],[90.394186,23.714743],[90.394171,23.714719],[90.394128,23.714703],[90.394119,23.714631],[90.394075,23.714511],[90.394086,23.714496],[90.394067,23.714418],[90.393955,23.714436],[90.393807,23.714151],[90.393776,23.714039],[90.393635,23.713713],[90.393544,23.713502],[90.393485,23.713518],[90.393408,23.713353],[90.393377,23.713309],[90.393251,23.713328],[90.393098,23.713339],[90.393098,23.713358],[90.392978,23.713399],[90.392982,23.713438],[90.392846,23.713483],[90.392716,23.713517],[90.392704,23.713247],[90.392741,23.713235],[90.392745,23.712961],[90.392061,23.712934],[90.392094,23.712681],[90.391727,23.712595],[90.391756,23.712489],[90.391661,23.712465],[90.391639,23.712506],[90.391444,23.71248],[90.391355,23.712474],[90.391391,23.712184],[90.391418,23.712177],[90.391412,23.712042],[90.39147,23.712042],[90.391586,23.71206],[90.391605,23.711928],[90.391612,23.711888],[90.391424,23.711867],[90.391451,23.711658],[90.391412,23.711363],[90.391405,23.711315]]]},"properties":{"city_corp":"DSCC","ward_no":30,"zone":"Zone no - 4","dghs_ward_id":50430}},{"type":"Feature","geometry":{"type":"Polygon","coordinates":[[[90.398391,23.720036],[90.398268,23.720096],[90.398229,23.720148],[90.39822,23.720246],[90.398234,23.720538],[90.398219,23.720589],[90.397936,23.720788],[90.397798,23.720937],[90.397694,23.721118],[90.397603,23.721379],[90.397572,23.72158],[90.397517,23.721684],[90.39741,23.721744],[90.397184,23.721887],[90.396849,23.722014],[90.396621,23.72208],[90.396562,23.721754],[90.396551,23.721533],[90.396503,23.721238],[90.396432,23.721104],[90.396428,23.721044],[90.39634,23.720963],[90.396214,23.720884],[90.396081,23.720844],[90.395935,23.720811],[90.395822,23.720711],[90.395745,23.72062],[90.395343,23.720625],[90.395325,23.720586],[90.394637,23.720561],[90.394637,23.720488],[90.394576,23.72037],[90.394522,23.72029],[90.394415,23.720069],[90.39438,23.719916],[90.394689,23.719909],[90.394742,23.719893],[90.394787,23.719721],[90.394877,23.719702],[90.394909,23.719671],[90.394904,23.719479],[90.394912,23.719457],[90.394943,23.719445],[90.395435,23.719391],[90.395096,23.718414],[90.395028,23.718218],[90.39518,23.718107],[90.395564,23.717245],[90.395591,23.717184],[90.395948,23.716571],[90.396038,23.716505],[90.396496,23.716416],[90.396657,23.716426],[90.396762,23.716361],[90.396961,23.716275],[90.396889,23.716092],[90.396807,23.716122],[90.396768,23.71603],[90.396737,23.715966],[90.396756,23.715957],[90.396745,23.715933],[90.396712,23.715874],[90.396685,23.715884],[90.396626,23.715711],[90.396598,23.71562],[90.396615,23.715614],[90.396589,23.715528],[90.396674,23.715483],[90.396864,23.715435],[90.396862,23.715416],[90.396947,23.715411],[90.396938,23.715243],[90.396953,23.71524],[90.396984,23.715274],[90.397046,23.715275],[90.397045,23.715031],[90.397095,23.715021],[90.397097,23.714973],[90.397376,23.714937],[90.397318,23.714841],[90.397413,23.714798],[90.39738,23.714732],[90.397449,23.714697],[90.397426,23.714655],[90.397565,23.714579],[90.397623,23.714674],[90.397723,23.714638],[90.397701,23.714586],[90.397777,23.714559],[90.397776,23.714546],[90.397707,23.714409],[90.398043,23.714269],[90.398041,23.71436],[90.398192,23.714362],[90.398271,23.714315],[90.398272,23.714282],[90.398319,23.71425],[90.398377,23.714236],[90.398387,23.714282],[90.398585,23.714274],[90.398585,23.714221],[90.398632,23.714215],[90.398635,23.714042],[90.398695,23.714157],[90.398757,23.714138],[90.398803,23.714198],[90.398921,23.71419],[90.398918,23.714147],[90.399046,23.714096],[90.399117,23.714053],[90.399057,23.713964],[90.399126,23.713943],[90.399083,23.713745],[90.399198,23.713713],[90.399267,23.713689],[90.399239,23.713575],[90.399289,23.713553],[90.399424,23.713471],[90.399436,23.713539],[90.399562,23.713512],[90.399621,23.713489],[90.399775,23.713492],[90.39997,23.713484],[90.39997,23.713644],[90.400122,23.713645],[90.400123,23.71381],[90.400266,23.713816],[90.400266,23.713894],[90.400229,23.714075],[90.400229,23.714199],[90.400184,23.714202],[90.400206,23.714476],[90.400453,23.714475],[90.400485,23.714434],[90.400698,23.714371],[90.400681,23.714248],[90.400659,23.714138],[90.400622,23.714114],[90.400634,23.714101],[90.400718,23.714119],[90.40087,23.714134],[90.400915,23.713981],[90.401042,23.713988],[90.401044,23.713813],[90.401041,23.713652],[90.40102,23.713476],[90.40104,23.713469],[90.401028,23.713416],[90.400999,23.713295],[90.401016,23.713293],[90.401015,23.713276],[90.401184,23.713234],[90.401153,23.713122],[90.400916,23.713179],[90.400894,23.713091],[90.40076,23.71308],[90.40061,23.713096],[90.400591,23.7129],[90.400495,23.712896],[90.400489,23.712713],[90.400699,23.712701],[90.400699,23.71258],[90.400631,23.71258],[90.40061,23.712456],[90.400664,23.712429],[90.400837,23.712405],[90.40086,23.712506],[90.400994,23.712484],[90.400972,23.712387],[90.401077,23.712341],[90.401061,23.712296],[90.401198,23.712221],[90.401259,23.71237],[90.401282,23.712366],[90.401351,23.712571],[90.401492,23.712546],[90.401516,23.712372],[90.401494,23.712169],[90.401648,23.712137],[90.402174,23.712078],[90.40216,23.711912],[90.402203,23.711906],[90.402195,23.711818],[90.402434,23.711816],[90.40242,23.711961],[90.402904,23.711895],[90.403201,23.7118],[90.403293,23.712329],[90.403412,23.712603],[90.403623,23.712872],[90.404146,23.713182],[90.403955,23.713515],[90.403815,23.713557],[90.40286,23.713689],[90.402873,23.714079],[90.402923,23.714647],[90.402962,23.715045],[90.402768,23.715185],[90.402671,23.715301],[90.402608,23.715422],[90.402577,23.71552],[90.40258,23.715601],[90.402581,23.715628],[90.4026,23.716188],[90.402488,23.716756],[90.402378,23.717177],[90.402318,23.717309],[90.40217,23.717314],[90.40192,23.717332],[90.401717,23.717361],[90.40135,23.717475],[90.40109,23.717633],[90.400889,23.717777],[90.400731,23.717922],[90.400339,23.718351],[90.400247,23.718408],[90.399878,23.718489],[90.399739,23.718504],[90.399387,23.718434],[90.399061,23.718314],[90.398761,23.71824],[90.39841,23.718254],[90.398301,23.718305],[90.398313,23.718647],[90.39836,23.719942],[90.398391,23.720036]]]},"properties":{"city_corp":"DSCC","ward_no":31,"zone":"Zone no - 4","dghs_ward_id":50431}},{"type":"Feature","geometry":{"type":"Polygon","coordinates":[[[90.402231,23.709621],[90.40236,23.709497],[90.402494,23.709416],[90.402726,23.70932],[90.40286,23.709228],[90.402919,23.709115],[90.403005,23.709041],[90.403297,23.708845],[90.403434,23.708729],[90.4038,23.708508],[90.403865,23.708622],[90.404158,23.709075],[90.404257,23.709289],[90.404318,23.709266],[90.404358,23.709356],[90.404251,23.709406],[90.404278,23.709463],[90.404307,23.709458],[90.404321,23.709546],[90.404376,23.709538],[90.404428,23.70981],[90.404533,23.709792],[90.404562,23.709844],[90.404635,23.709819],[90.404664,23.709848],[90.404759,23.709967],[90.404708,23.710017],[90.404676,23.710011],[90.404652,23.710102],[90.404625,23.71013],[90.404599,23.710257],[90.404793,23.710256],[90.404796,23.710418],[90.404815,23.710572],[90.404736,23.710576],[90.404733,23.710647],[90.404622,23.710664],[90.404659,23.710816],[90.404709,23.710906],[90.404728,23.71098],[90.404722,23.711096],[90.404664,23.711126],[90.404619,23.711109],[90.404527,23.71108],[90.404398,23.711113],[90.404379,23.711041],[90.404333,23.711047],[90.404293,23.710901],[90.404084,23.71098],[90.404062,23.71082],[90.403897,23.710838],[90.403903,23.710892],[90.403887,23.710912],[90.403922,23.711091],[90.4038,23.711102],[90.403798,23.71108],[90.403523,23.711116],[90.403505,23.710955],[90.403315,23.710979],[90.403349,23.711176],[90.40317,23.711216],[90.403248,23.711464],[90.403329,23.711784],[90.403621,23.711747],[90.403637,23.711995],[90.40366,23.712016],[90.403723,23.712242],[90.403864,23.712224],[90.404045,23.712183],[90.404051,23.712101],[90.404025,23.711891],[90.404048,23.711875],[90.404038,23.711797],[90.403967,23.711609],[90.403934,23.71154],[90.404119,23.711483],[90.404151,23.71155],[90.404392,23.711513],[90.4044,23.711582],[90.404559,23.711578],[90.404525,23.711445],[90.404677,23.711436],[90.404684,23.711481],[90.40489,23.711482],[90.404977,23.711443],[90.405089,23.711435],[90.405084,23.711355],[90.405245,23.711345],[90.405275,23.711338],[90.405321,23.711338],[90.405334,23.711346],[90.405334,23.711366],[90.40545,23.711366],[90.405438,23.711222],[90.405511,23.711188],[90.405586,23.711197],[90.405795,23.711114],[90.405898,23.711146],[90.405959,23.711079],[90.405963,23.711101],[90.406002,23.711164],[90.406012,23.711254],[90.405965,23.71133],[90.405945,23.711342],[90.405947,23.711476],[90.405939,23.711547],[90.405968,23.711665],[90.406033,23.711706],[90.40604,23.711749],[90.406089,23.711865],[90.406093,23.712031],[90.406151,23.712125],[90.406294,23.712169],[90.406373,23.712212],[90.406561,23.712288],[90.406532,23.71237],[90.406541,23.712474],[90.406587,23.712606],[90.406605,23.712717],[90.406486,23.712724],[90.406504,23.712928],[90.406678,23.712912],[90.406697,23.712968],[90.406521,23.712996],[90.406563,23.713274],[90.406745,23.71325],[90.406812,23.713782],[90.406824,23.714195],[90.406319,23.713996],[90.406334,23.713666],[90.406086,23.713652],[90.406083,23.713665],[90.405877,23.713608],[90.405528,23.713484],[90.405442,23.713479],[90.40538,23.713616],[90.405785,23.713761],[90.405739,23.713867],[90.40559,23.714213],[90.405566,23.714234],[90.405578,23.714501],[90.405598,23.714575],[90.405608,23.714728],[90.405623,23.714763],[90.405628,23.714828],[90.405643,23.714865],[90.405648,23.714971],[90.405717,23.714983],[90.40577,23.714948],[90.405928,23.714931],[90.406262,23.714979],[90.406538,23.715046],[90.406601,23.715698],[90.406554,23.715799],[90.406457,23.715933],[90.406793,23.715919],[90.406791,23.716169],[90.406778,23.716241],[90.406571,23.71624],[90.406573,23.716343],[90.406546,23.716345],[90.406541,23.716366],[90.40655,23.716426],[90.406606,23.71651],[90.406626,23.71652],[90.406657,23.716692],[90.406596,23.716706],[90.406606,23.716908],[90.406541,23.716908],[90.406517,23.71712],[90.406632,23.717125],[90.406659,23.716932],[90.406818,23.71693],[90.4068,23.717072],[90.406771,23.717386],[90.406685,23.717373],[90.406526,23.717344],[90.406154,23.717302],[90.405903,23.717294],[90.405558,23.717323],[90.404898,23.717482],[90.404674,23.717489],[90.40436,23.717438],[90.404157,23.717416],[90.403597,23.717419],[90.403329,23.717449],[90.403157,23.717453],[90.402812,23.717413],[90.402699,23.717391],[90.402466,23.717344],[90.402318,23.717309],[90.402378,23.717177],[90.402488,23.716756],[90.4026,23.716188],[90.402581,23.715628],[90.40258,23.715601],[90.402577,23.71552],[90.402608,23.715422],[90.402671,23.715301],[90.402768,23.715185],[90.402962,23.715045],[90.402923,23.714647],[90.402873,23.714079],[90.40286,23.713689],[90.403815,23.713557],[90.403955,23.713515],[90.404146,23.713182],[90.403623,23.712872],[90.403412,23.712603],[90.403293,23.712329],[90.403201,23.7118],[90.403081,23.711295],[90.403059,23.711242],[90.402798,23.710604],[90.402231,23.709621]]]},"properties":{"city_corp":"DSCC","ward_no":32,"zone":"Zone no - 4","dghs_ward_id":50432}},{"type":"Feature","geometry":{"type":"MultiPolygon","coordinates":[[[[90.406984,23.717408],[90.407238,23.71741],[90.40724,23.717565],[90.407194,23.717566],[90.406982,23.717568],[90.406984,23.717408]]],[[[90.406653,23.717547],[90.406652,23.717648],[90.406675,23.717691],[90.406653,23.717845],[90.406638,23.717851],[90.406629,23.717982],[90.40662,23.718035],[90.406607,23.718213],[90.406657,23.718391],[90.406527,23.718405],[90.406533,23.718457],[90.40651,23.718688],[90.406507,23.718755],[90.406622,23.718769],[90.406581,23.718849],[90.406617,23.718853],[90.406615,23.718878],[90.406596,23.718911],[90.406705,23.718948],[90.40664,23.71906],[90.406478,23.718983],[90.406465,23.719058],[90.40646,23.719193],[90.406471,23.719203],[90.406416,23.719298],[90.406455,23.719319],[90.406432,23.719352],[90.406407,23.719419],[90.406359,23.719341],[90.406259,23.719337],[90.406223,23.719359],[90.406223,23.719437],[90.406207,23.719511],[90.406252,23.719517],[90.406239,23.719564],[90.406181,23.719554],[90.406163,23.71969],[90.406181,23.719705],[90.406157,23.719756],[90.406188,23.719774],[90.406132,23.719888],[90.406027,23.71984],[90.405996,23.719899],[90.406119,23.71996],[90.406037,23.720106],[90.405985,23.720103],[90.405925,23.720238],[90.405896,23.720225],[90.405859,23.720315],[90.405842,23.720381],[90.405796,23.720374],[90.405627,23.720337],[90.405612,23.720404],[90.405535,23.720391],[90.405538,23.720314],[90.405451,23.720308],[90.405451,23.720349],[90.405309,23.720331],[90.405285,23.720445],[90.405256,23.720441],[90.405237,23.720608],[90.405107,23.720594],[90.405111,23.720545],[90.404976,23.720536],[90.404966,23.720629],[90.404966,23.72071],[90.405014,23.720746],[90.405223,23.720764],[90.405341,23.720767],[90.405337,23.720889],[90.405448,23.720901],[90.405451,23.720916],[90.405525,23.720937],[90.4056,23.72094],[90.405599,23.720968],[90.405596,23.721074],[90.405475,23.721074],[90.405457,23.721188],[90.405445,23.721286],[90.40553,23.7213],[90.405526,23.72135],[90.405458,23.721342],[90.405444,23.721476],[90.405443,23.721523],[90.405531,23.721524],[90.405532,23.721611],[90.40557,23.721612],[90.405566,23.721662],[90.405548,23.721732],[90.405476,23.721717],[90.405462,23.721774],[90.405595,23.721805],[90.405546,23.721907],[90.405452,23.721865],[90.405387,23.722],[90.405449,23.722041],[90.405379,23.722228],[90.405249,23.722228],[90.405141,23.722214],[90.405139,23.722192],[90.40506,23.722189],[90.405058,23.722287],[90.405044,23.722468],[90.404946,23.72247],[90.404949,23.722545],[90.404673,23.722764],[90.404269,23.722764],[90.404079,23.722847],[90.404042,23.723211],[90.403769,23.723232],[90.403305,23.723318],[90.402371,23.723509],[90.401657,23.723655],[90.401021,23.723725],[90.400339,23.723824],[90.400195,23.723001],[90.400135,23.722841],[90.399812,23.72218],[90.399583,23.72177],[90.399296,23.721421],[90.399222,23.721332],[90.398885,23.720883],[90.398623,23.720479],[90.398498,23.720221],[90.398391,23.720036],[90.39836,23.719942],[90.398313,23.718647],[90.398301,23.718305],[90.39841,23.718254],[90.398761,23.71824],[90.399061,23.718314],[90.399387,23.718434],[90.399739,23.718504],[90.399878,23.718489],[90.400247,23.718408],[90.400339,23.718351],[90.400731,23.717922],[90.400889,23.717777],[90.40109,23.717633],[90.40135,23.717475],[90.401717,23.717361],[90.40192,23.717332],[90.40217,23.717314],[90.402318,23.717309],[90.402466,23.717344],[90.402699,23.717391],[90.402812,23.717413],[90.403157,23.717453],[90.403329,23.717449],[90.403597,23.717419],[90.404157,23.717416],[90.40436,23.717438],[90.404674,23.717489],[90.404898,23.717482],[90.405558,23.717323],[90.405903,23.717294],[90.406154,23.717302],[90.406526,23.717344],[90.406685,23.717373],[90.406771,23.717386],[90.406827,23.717391],[90.406825,23.717537],[90.406717,23.717547],[90.406653,23.717547]]]]},"properties":{"city_corp":"DSCC","ward_no":33,"zone":"Zone no - 4","dghs_ward_id":50433}},{"type":"Feature","geometry":{"type":"Polygon","coordinates":[[[90.411928,23.722959],[90.410708,23.722927],[90.406873,23.723064],[90.405514,23.723129],[90.404235,23.723196],[90.404042,23.723211],[90.404079,23.722847],[90.404269,23.722764],[90.404673,23.722764],[90.404949,23.722545],[90.404946,23.72247],[90.405044,23.722468],[90.405058,23.722287],[90.40506,23.722189],[90.405139,23.722192],[90.405141,23.722214],[90.405249,23.722228],[90.405379,23.722228],[90.405449,23.722041],[90.405387,23.722],[90.405452,23.721865],[90.405546,23.721907],[90.405595,23.721805],[90.405462,23.721774],[90.405476,23.721717],[90.405548,23.721732],[90.405566,23.721662],[90.40557,23.721612],[90.405532,23.721611],[90.405531,23.721524],[90.405443,23.721523],[90.405444,23.721476],[90.405458,23.721342],[90.405526,23.72135],[90.40553,23.7213],[90.405445,23.721286],[90.405457,23.721188],[90.405475,23.721074],[90.405596,23.721074],[90.405599,23.720968],[90.4056,23.72094],[90.405525,23.720937],[90.405451,23.720916],[90.405448,23.720901],[90.405337,23.720889],[90.405341,23.720767],[90.405223,23.720764],[90.405014,23.720746],[90.404966,23.72071],[90.404966,23.720629],[90.404976,23.720536],[90.405111,23.720545],[90.405107,23.720594],[90.405237,23.720608],[90.405256,23.720441],[90.405285,23.720445],[90.405309,23.720331],[90.405451,23.720349],[90.405451,23.720308],[90.405538,23.720314],[90.405535,23.720391],[90.405612,23.720404],[90.405627,23.720337],[90.405796,23.720374],[90.405842,23.720381],[90.405859,23.720315],[90.405896,23.720225],[90.405925,23.720238],[90.405985,23.720103],[90.406037,23.720106],[90.406119,23.71996],[90.405996,23.719899],[90.406027,23.71984],[90.406132,23.719888],[90.406188,23.719774],[90.406157,23.719756],[90.406181,23.719705],[90.406163,23.71969],[90.406181,23.719554],[90.406239,23.719564],[90.406252,23.719517],[90.406207,23.719511],[90.406223,23.719437],[90.406223,23.719359],[90.406259,23.719337],[90.406359,23.719341],[90.406407,23.719419],[90.406432,23.719352],[90.406455,23.719319],[90.406416,23.719298],[90.406471,23.719203],[90.40646,23.719193],[90.406465,23.719058],[90.406478,23.718983],[90.40664,23.71906],[90.406705,23.718948],[90.406596,23.718911],[90.406615,23.718878],[90.406617,23.718853],[90.406581,23.718849],[90.406622,23.718769],[90.406507,23.718755],[90.40651,23.718688],[90.406533,23.718457],[90.406527,23.718405],[90.406657,23.718391],[90.406607,23.718213],[90.40662,23.718035],[90.406629,23.717982],[90.406638,23.717851],[90.406653,23.717845],[90.406675,23.717691],[90.406652,23.717648],[90.406653,23.717547],[90.406661,23.717482],[90.406685,23.717373],[90.406771,23.717386],[90.406827,23.717391],[90.406984,23.717408],[90.407238,23.71741],[90.40724,23.717565],[90.407194,23.717566],[90.407199,23.71783],[90.407213,23.717842],[90.407221,23.717942],[90.407278,23.71794],[90.407543,23.71788],[90.407562,23.717942],[90.407726,23.717927],[90.407755,23.718068],[90.408029,23.718026],[90.408162,23.717974],[90.408215,23.717887],[90.408361,23.717824],[90.408689,23.71777],[90.408726,23.718014],[90.409085,23.718013],[90.40909,23.717958],[90.409262,23.717949],[90.409359,23.717878],[90.409361,23.717833],[90.409436,23.717827],[90.409499,23.717789],[90.409721,23.717793],[90.409751,23.717443],[90.40993,23.71744],[90.409935,23.717509],[90.410068,23.717526],[90.410068,23.717572],[90.410145,23.717574],[90.410152,23.717669],[90.409988,23.717682],[90.409988,23.717866],[90.410071,23.717864],[90.410236,23.717891],[90.410338,23.717939],[90.410338,23.718006],[90.410135,23.718004],[90.410134,23.718056],[90.410261,23.71815],[90.410256,23.718323],[90.410364,23.718323],[90.410365,23.718155],[90.410475,23.718154],[90.410481,23.717989],[90.410596,23.717986],[90.410597,23.717903],[90.410607,23.717876],[90.410618,23.717775],[90.410849,23.717755],[90.410885,23.717575],[90.410899,23.717432],[90.41109,23.717435],[90.411098,23.717398],[90.411221,23.717402],[90.411222,23.71727],[90.411386,23.717261],[90.411376,23.717513],[90.411379,23.717779],[90.411381,23.717985],[90.411412,23.718176],[90.411643,23.718676],[90.411737,23.719078],[90.411755,23.719901],[90.411756,23.719915],[90.4118,23.720731],[90.411799,23.721595],[90.411848,23.722211],[90.411866,23.722762],[90.411928,23.722959]]]},"properties":{"city_corp":"DSCC","ward_no":34,"zone":"Zone no - 4","dghs_ward_id":50434}},{"type":"Feature","geometry":{"type":"MultiPolygon","coordinates":[[[[90.407991,23.712925],[90.407991,23.713097],[90.407763,23.713107],[90.407763,23.712925],[90.407991,23.712925]]],[[[90.410475,23.718154],[90.410365,23.718155],[90.410364,23.718323],[90.410256,23.718323],[90.410261,23.71815],[90.410134,23.718056],[90.410135,23.718004],[90.410338,23.718006],[90.410338,23.717939],[90.410236,23.717891],[90.410071,23.717864],[90.409988,23.717866],[90.409988,23.717682],[90.410152,23.717669],[90.410145,23.717574],[90.410068,23.717572],[90.410068,23.717526],[90.409935,23.717509],[90.40993,23.71744],[90.409751,23.717443],[90.409721,23.717793],[90.409499,23.717789],[90.409436,23.717827],[90.409361,23.717833],[90.409359,23.717878],[90.409262,23.717949],[90.40909,23.717958],[90.409085,23.718013],[90.408726,23.718014],[90.408689,23.71777],[90.408361,23.717824],[90.408215,23.717887],[90.408162,23.717974],[90.408029,23.718026],[90.407755,23.718068],[90.407726,23.717927],[90.407562,23.717942],[90.407543,23.71788],[90.407278,23.71794],[90.407221,23.717942],[90.407213,23.717842],[90.407199,23.71783],[90.407194,23.717566],[90.40724,23.717565],[90.407238,23.71741],[90.406984,23.717408],[90.406827,23.717391],[90.406771,23.717386],[90.4068,23.717072],[90.406818,23.71693],[90.406659,23.716932],[90.406632,23.717125],[90.406517,23.71712],[90.406541,23.716908],[90.406606,23.716908],[90.406596,23.716706],[90.406657,23.716692],[90.406626,23.71652],[90.406606,23.71651],[90.40655,23.716426],[90.406541,23.716366],[90.406546,23.716345],[90.406573,23.716343],[90.406571,23.71624],[90.406778,23.716241],[90.406791,23.716169],[90.406793,23.715919],[90.406457,23.715933],[90.406554,23.715799],[90.406601,23.715698],[90.406538,23.715046],[90.406262,23.714979],[90.405928,23.714931],[90.40577,23.714948],[90.405717,23.714983],[90.405648,23.714971],[90.405643,23.714865],[90.405628,23.714828],[90.405623,23.714763],[90.405608,23.714728],[90.405598,23.714575],[90.405578,23.714501],[90.405566,23.714234],[90.40559,23.714213],[90.405739,23.713867],[90.405785,23.713761],[90.40538,23.713616],[90.405442,23.713479],[90.405528,23.713484],[90.405877,23.713608],[90.406083,23.713665],[90.406086,23.713652],[90.406334,23.713666],[90.406319,23.713996],[90.406824,23.714195],[90.406812,23.713782],[90.407056,23.713774],[90.407056,23.713735],[90.407102,23.713735],[90.407116,23.713754],[90.407191,23.713754],[90.407198,23.713432],[90.407299,23.713432],[90.407347,23.713458],[90.407376,23.713458],[90.407383,23.713441],[90.407468,23.713398],[90.407466,23.713141],[90.40756,23.71314],[90.407563,23.713197],[90.407653,23.713208],[90.40765,23.713278],[90.407693,23.713429],[90.407852,23.71341],[90.407865,23.713489],[90.407882,23.713487],[90.407877,23.713648],[90.407791,23.713649],[90.407791,23.713752],[90.407769,23.713775],[90.407767,23.713846],[90.407826,23.713844],[90.407824,23.713774],[90.407846,23.713742],[90.407935,23.71371],[90.408066,23.713713],[90.408074,23.714086],[90.408175,23.714085],[90.408181,23.714412],[90.4084,23.714389],[90.4084,23.714146],[90.408731,23.714051],[90.408705,23.713695],[90.408688,23.71327],[90.408755,23.713272],[90.409094,23.713184],[90.409146,23.713113],[90.40918,23.713056],[90.409222,23.713054],[90.409313,23.713006],[90.409314,23.71296],[90.409367,23.7129],[90.409493,23.712884],[90.409533,23.712909],[90.409897,23.712872],[90.410128,23.71286],[90.410401,23.712821],[90.41043,23.712836],[90.410597,23.712828],[90.410615,23.712864],[90.410639,23.712891],[90.410649,23.713086],[90.410686,23.713095],[90.411119,23.713279],[90.411119,23.713644],[90.411552,23.713609],[90.411524,23.714139],[90.411482,23.714325],[90.411415,23.715094],[90.411489,23.71529],[90.411498,23.71571],[90.411457,23.716182],[90.411405,23.716765],[90.411386,23.717261],[90.411222,23.71727],[90.411221,23.717402],[90.411098,23.717398],[90.41109,23.717435],[90.410899,23.717432],[90.410885,23.717575],[90.410849,23.717755],[90.410618,23.717775],[90.410607,23.717876],[90.410597,23.717903],[90.410596,23.717986],[90.410481,23.717989],[90.410475,23.718154]]]]},"properties":{"city_corp":"DSCC","ward_no":35,"zone":"Zone no - 4","dghs_ward_id":50435}},{"type":"Feature","geometry":{"type":"Polygon","coordinates":[[[90.411552,23.713609],[90.411119,23.713644],[90.411119,23.713279],[90.410686,23.713095],[90.410649,23.713086],[90.410639,23.712891],[90.410615,23.712864],[90.410597,23.712828],[90.41043,23.712836],[90.410401,23.712821],[90.410128,23.71286],[90.409897,23.712872],[90.409533,23.712909],[90.409493,23.712884],[90.409367,23.7129],[90.409314,23.71296],[90.409313,23.713006],[90.409222,23.713054],[90.40918,23.713056],[90.409146,23.713113],[90.409094,23.713184],[90.408755,23.713272],[90.408688,23.71327],[90.408705,23.713695],[90.408731,23.714051],[90.4084,23.714146],[90.4084,23.714389],[90.408181,23.714412],[90.408175,23.714085],[90.408074,23.714086],[90.408066,23.713713],[90.407935,23.71371],[90.407846,23.713742],[90.407824,23.713774],[90.407826,23.713844],[90.407767,23.713846],[90.407769,23.713775],[90.407791,23.713752],[90.407791,23.713649],[90.407877,23.713648],[90.407882,23.713487],[90.407865,23.713489],[90.407852,23.71341],[90.407693,23.713429],[90.40765,23.713278],[90.407653,23.713208],[90.407563,23.713197],[90.40756,23.71314],[90.407466,23.713141],[90.407468,23.713398],[90.407383,23.713441],[90.407376,23.713458],[90.407347,23.713458],[90.407299,23.713432],[90.407198,23.713432],[90.407191,23.713754],[90.407116,23.713754],[90.407102,23.713735],[90.407056,23.713735],[90.407056,23.713774],[90.406812,23.713782],[90.406745,23.71325],[90.406563,23.713274],[90.406521,23.712996],[90.406697,23.712968],[90.406678,23.712912],[90.406504,23.712928],[90.406486,23.712724],[90.406605,23.712717],[90.406587,23.712606],[90.406541,23.712474],[90.406532,23.71237],[90.406561,23.712288],[90.406373,23.712212],[90.406294,23.712169],[90.406151,23.712125],[90.406093,23.712031],[90.406089,23.711865],[90.40604,23.711749],[90.406033,23.711706],[90.405968,23.711665],[90.405939,23.711547],[90.405947,23.711476],[90.405945,23.711342],[90.405965,23.71133],[90.406012,23.711254],[90.406002,23.711164],[90.405963,23.711101],[90.405959,23.711079],[90.405947,23.711035],[90.405983,23.711024],[90.405939,23.710862],[90.405828,23.710733],[90.405892,23.71068],[90.406105,23.710875],[90.406163,23.710824],[90.406115,23.710771],[90.406183,23.710712],[90.406141,23.71066],[90.406186,23.71063],[90.40624,23.71069],[90.406317,23.710631],[90.406323,23.710607],[90.406375,23.710566],[90.406595,23.710494],[90.406572,23.710409],[90.406687,23.710364],[90.406657,23.710297],[90.406792,23.710245],[90.406848,23.710417],[90.406913,23.710395],[90.406922,23.710428],[90.407055,23.710399],[90.406941,23.710052],[90.407037,23.710026],[90.40716,23.710366],[90.407471,23.710279],[90.407435,23.71016],[90.407534,23.710145],[90.407508,23.709879],[90.407591,23.709923],[90.407658,23.709927],[90.407664,23.709958],[90.407859,23.709974],[90.408397,23.709946],[90.409202,23.709906],[90.409763,23.709882],[90.409947,23.709863],[90.410181,23.70985],[90.410494,23.709793],[90.410699,23.709778],[90.411184,23.70977],[90.411954,23.709858],[90.411872,23.709999],[90.411765,23.71053],[90.411705,23.710827],[90.411558,23.712183],[90.411552,23.713609]],[[90.407991,23.712925],[90.407763,23.712925],[90.407763,23.713107],[90.407991,23.713097],[90.407991,23.712925]]]},"properties":{"city_corp":"DSCC","ward_no":36,"zone":"Zone no - 4","dghs_ward_id":50436}},{"type":"Feature","geometry":{"type":"Polygon","coordinates":[[[90.4038,23.708508],[90.40396,23.708458],[90.404138,23.708474],[90.404305,23.708309],[90.404436,23.708166],[90.40471,23.708018],[90.404788,23.708122],[90.404894,23.708095],[90.405191,23.707934],[90.405471,23.707827],[90.406161,23.707429],[90.406338,23.707328],[90.406567,23.707145],[90.407101,23.706899],[90.408019,23.706311],[90.408239,23.706188],[90.408407,23.706094],[90.409135,23.705668],[90.410985,23.704669],[90.411384,23.704433],[90.411759,23.704133],[90.411967,23.704074],[90.412026,23.704288],[90.412286,23.704886],[90.412315,23.704947],[90.412388,23.705101],[90.412404,23.70604],[90.412416,23.706825],[90.412435,23.706979],[90.412472,23.707297],[90.412583,23.708047],[90.412588,23.70814],[90.412605,23.708552],[90.41204,23.708603],[90.411961,23.708819],[90.412023,23.709739],[90.411954,23.709858],[90.411184,23.70977],[90.410699,23.709778],[90.410494,23.709793],[90.410181,23.70985],[90.409947,23.709863],[90.409763,23.709882],[90.409202,23.709906],[90.408397,23.709946],[90.407859,23.709974],[90.407664,23.709958],[90.407658,23.709927],[90.407591,23.709923],[90.407508,23.709879],[90.407534,23.710145],[90.407435,23.71016],[90.407471,23.710279],[90.40716,23.710366],[90.407037,23.710026],[90.406941,23.710052],[90.407055,23.710399],[90.406922,23.710428],[90.406913,23.710395],[90.406848,23.710417],[90.406792,23.710245],[90.406657,23.710297],[90.406687,23.710364],[90.406572,23.710409],[90.406595,23.710494],[90.406375,23.710566],[90.406323,23.710607],[90.406317,23.710631],[90.40624,23.71069],[90.406186,23.71063],[90.406141,23.71066],[90.406183,23.710712],[90.406115,23.710771],[90.406163,23.710824],[90.406105,23.710875],[90.405892,23.71068],[90.405828,23.710733],[90.405939,23.710862],[90.405983,23.711024],[90.405947,23.711035],[90.405959,23.711079],[90.405898,23.711146],[90.405795,23.711114],[90.405586,23.711197],[90.405511,23.711188],[90.405438,23.711222],[90.40545,23.711366],[90.405334,23.711366],[90.405334,23.711346],[90.405321,23.711338],[90.405275,23.711338],[90.405245,23.711345],[90.405084,23.711355],[90.405089,23.711435],[90.404977,23.711443],[90.40489,23.711482],[90.404684,23.711481],[90.404677,23.711436],[90.404525,23.711445],[90.404559,23.711578],[90.4044,23.711582],[90.404392,23.711513],[90.404151,23.71155],[90.404119,23.711483],[90.403934,23.71154],[90.403967,23.711609],[90.404038,23.711797],[90.404048,23.711875],[90.404025,23.711891],[90.404051,23.712101],[90.404045,23.712183],[90.403864,23.712224],[90.403723,23.712242],[90.40366,23.712016],[90.403637,23.711995],[90.403621,23.711747],[90.403329,23.711784],[90.403248,23.711464],[90.40317,23.711216],[90.403349,23.711176],[90.403315,23.710979],[90.403505,23.710955],[90.403523,23.711116],[90.403798,23.71108],[90.4038,23.711102],[90.403922,23.711091],[90.403887,23.710912],[90.403903,23.710892],[90.403897,23.710838],[90.404062,23.71082],[90.404084,23.71098],[90.404293,23.710901],[90.404333,23.711047],[90.404379,23.711041],[90.404398,23.711113],[90.404527,23.71108],[90.404619,23.711109],[90.404664,23.711126],[90.404722,23.711096],[90.404728,23.71098],[90.404709,23.710906],[90.404659,23.710816],[90.404622,23.710664],[90.404733,23.710647],[90.404736,23.710576],[90.404815,23.710572],[90.404796,23.710418],[90.404793,23.710256],[90.404599,23.710257],[90.404625,23.71013],[90.404652,23.710102],[90.404676,23.710011],[90.404708,23.710017],[90.404759,23.709967],[90.404664,23.709848],[90.404635,23.709819],[90.404562,23.709844],[90.404533,23.709792],[90.404428,23.70981],[90.404376,23.709538],[90.404321,23.709546],[90.404307,23.709458],[90.404278,23.709463],[90.404251,23.709406],[90.404358,23.709356],[90.404318,23.709266],[90.404257,23.709289],[90.404158,23.709075],[90.403865,23.708622],[90.4038,23.708508]]]},"properties":{"city_corp":"DSCC","ward_no":37,"zone":"Zone no - 4","dghs_ward_id":50437}},{"type":"Feature","geometry":{"type":"Polygon","coordinates":[[[90.416513,23.721343],[90.416511,23.721582],[90.416507,23.721754],[90.415813,23.722106],[90.41587,23.722237],[90.415499,23.722413],[90.415172,23.722514],[90.414586,23.722696],[90.414336,23.72275],[90.41382,23.722842],[90.413379,23.722881],[90.412309,23.722953],[90.411928,23.722959],[90.411866,23.722762],[90.411848,23.722211],[90.411799,23.721595],[90.4118,23.720731],[90.411756,23.719915],[90.411755,23.719901],[90.411737,23.719078],[90.411643,23.718676],[90.411412,23.718176],[90.411381,23.717985],[90.411379,23.717779],[90.411376,23.717513],[90.411386,23.717261],[90.411405,23.716765],[90.411457,23.716182],[90.411498,23.71571],[90.411489,23.71529],[90.411415,23.715094],[90.411482,23.714325],[90.411524,23.714139],[90.411552,23.713609],[90.41297,23.713643],[90.413456,23.713528],[90.413753,23.713253],[90.413917,23.713015],[90.414075,23.713397],[90.414089,23.713859],[90.413882,23.714621],[90.413844,23.715145],[90.414233,23.715186],[90.414313,23.715196],[90.414779,23.715253],[90.415092,23.715304],[90.415383,23.715322],[90.415886,23.715305],[90.416204,23.715284],[90.416236,23.715526],[90.41591,23.715561],[90.415905,23.715634],[90.415925,23.71573],[90.415833,23.715747],[90.415856,23.716072],[90.415592,23.716126],[90.415618,23.716322],[90.41576,23.716315],[90.416022,23.716252],[90.416047,23.716314],[90.416068,23.716597],[90.416297,23.716593],[90.416303,23.71667],[90.415312,23.716706],[90.4152,23.716165],[90.415149,23.715851],[90.415077,23.715861],[90.414946,23.715426],[90.414636,23.715506],[90.414643,23.715542],[90.414367,23.715583],[90.414063,23.715613],[90.414029,23.715659],[90.413986,23.715996],[90.413992,23.716409],[90.414044,23.716632],[90.414217,23.716617],[90.414248,23.716769],[90.414333,23.716819],[90.414382,23.716858],[90.41441,23.716874],[90.414455,23.717042],[90.414506,23.717041],[90.414506,23.717134],[90.414672,23.717176],[90.41468,23.717191],[90.414792,23.717192],[90.414882,23.717207],[90.414847,23.717268],[90.41484,23.717315],[90.41484,23.717386],[90.41525,23.717342],[90.4153,23.717502],[90.415346,23.717643],[90.415444,23.717956],[90.415762,23.718739],[90.41599,23.719581],[90.41619,23.720481],[90.416219,23.721152],[90.416513,23.721343]]]},"properties":{"city_corp":"DSCC","ward_no":38,"zone":"Zone no - 4","dghs_ward_id":50438}},{"type":"Feature","geometry":{"type":"Polygon","coordinates":[[[90.428817,23.722238],[90.428468,23.722232],[90.427678,23.722276],[90.427304,23.722277],[90.427107,23.722217],[90.427059,23.722016],[90.425726,23.721874],[90.425303,23.721799],[90.425003,23.721668],[90.424923,23.721591],[90.424704,23.721516],[90.42447,23.72147],[90.423827,23.721447],[90.423268,23.721379],[90.422929,23.721383],[90.422358,23.721477],[90.421498,23.721503],[90.421059,23.721507],[90.420891,23.721508],[90.420407,23.721584],[90.420119,23.721667],[90.419023,23.721829],[90.418292,23.721913],[90.417624,23.722023],[90.416901,23.722107],[90.416204,23.72223],[90.415911,23.722332],[90.41587,23.722237],[90.415813,23.722106],[90.416507,23.721754],[90.416511,23.721582],[90.416513,23.721343],[90.41708,23.721329],[90.417528,23.720984],[90.418217,23.72015],[90.41931,23.718222],[90.419584,23.71776],[90.419938,23.717163],[90.419706,23.716638],[90.419781,23.716626],[90.420195,23.716627],[90.420348,23.716697],[90.420673,23.716256],[90.421573,23.716027],[90.422158,23.715964],[90.422236,23.716115],[90.422261,23.716122],[90.422372,23.716154],[90.42281,23.71619],[90.423154,23.716195],[90.423002,23.717038],[90.424373,23.717186],[90.424319,23.717673],[90.424562,23.717686],[90.424586,23.717428],[90.42484,23.717447],[90.424869,23.717229],[90.424863,23.717138],[90.424916,23.717106],[90.424922,23.716925],[90.424972,23.716925],[90.424973,23.71688],[90.425094,23.716879],[90.425098,23.716829],[90.425127,23.716828],[90.425128,23.716778],[90.425195,23.716768],[90.425202,23.716721],[90.425273,23.716728],[90.425269,23.716573],[90.425334,23.716542],[90.425455,23.716504],[90.425555,23.716481],[90.425655,23.716431],[90.425625,23.716386],[90.425627,23.716278],[90.425615,23.716246],[90.42568,23.715942],[90.426062,23.716665],[90.427345,23.716664],[90.427303,23.716957],[90.427408,23.716975],[90.427402,23.717007],[90.427379,23.717007],[90.42734,23.717211],[90.427433,23.717224],[90.427465,23.717057],[90.427611,23.71709],[90.427559,23.717222],[90.427461,23.717549],[90.427467,23.717649],[90.427425,23.717797],[90.427402,23.717907],[90.427406,23.717934],[90.427446,23.717908],[90.427497,23.717899],[90.427609,23.717837],[90.42768,23.717831],[90.427948,23.717723],[90.427932,23.718054],[90.427924,23.718172],[90.427801,23.718177],[90.427758,23.718285],[90.427318,23.71821],[90.427227,23.7185],[90.427075,23.718507],[90.427239,23.719028],[90.427344,23.719671],[90.42738,23.720302],[90.427627,23.720308],[90.428329,23.720276],[90.428328,23.720382],[90.428554,23.720392],[90.428633,23.720402],[90.428693,23.720409],[90.428689,23.720465],[90.42893,23.720472],[90.428817,23.722238]]]},"properties":{"city_corp":"DSCC","ward_no":39,"zone":"Zone no - 5","dghs_ward_id":50539}},{"type":"Feature","geometry":{"type":"Polygon","coordinates":[[[90.42568,23.715942],[90.425615,23.716246],[90.425627,23.716278],[90.425625,23.716386],[90.425655,23.716431],[90.425555,23.716481],[90.425455,23.716504],[90.425334,23.716542],[90.425269,23.716573],[90.425273,23.716728],[90.425202,23.716721],[90.425195,23.716768],[90.425128,23.716778],[90.425127,23.716828],[90.425098,23.716829],[90.425094,23.716879],[90.424973,23.71688],[90.424972,23.716925],[90.424922,23.716925],[90.424916,23.717106],[90.424863,23.717138],[90.424869,23.717229],[90.42484,23.717447],[90.424586,23.717428],[90.424562,23.717686],[90.424319,23.717673],[90.424373,23.717186],[90.423002,23.717038],[90.423154,23.716195],[90.42281,23.71619],[90.422372,23.716154],[90.422261,23.716122],[90.422236,23.716115],[90.422158,23.715964],[90.421573,23.716027],[90.420673,23.716256],[90.420348,23.716697],[90.420195,23.716627],[90.419781,23.716626],[90.419706,23.716638],[90.419657,23.716497],[90.419568,23.716241],[90.419319,23.715245],[90.419158,23.714919],[90.418966,23.714529],[90.418838,23.714349],[90.418778,23.714215],[90.41875,23.713913],[90.418743,23.713592],[90.418741,23.713512],[90.418737,23.713301],[90.418686,23.712966],[90.418552,23.712497],[90.418408,23.712076],[90.418357,23.711775],[90.418335,23.711576],[90.418342,23.71141],[90.418382,23.71133],[90.418446,23.711288],[90.417982,23.710408],[90.4185,23.710194],[90.418751,23.710001],[90.418991,23.710014],[90.419203,23.710022],[90.41937,23.709991],[90.419567,23.709917],[90.419718,23.709819],[90.419809,23.709735],[90.419893,23.709867],[90.419872,23.710211],[90.419883,23.710362],[90.419901,23.71036],[90.419925,23.71045],[90.420112,23.710417],[90.420079,23.710264],[90.420079,23.710241],[90.420276,23.71024],[90.420568,23.710275],[90.420578,23.710531],[90.420755,23.710532],[90.420755,23.710491],[90.420886,23.710465],[90.420984,23.710419],[90.421298,23.710415],[90.421301,23.710259],[90.421426,23.710262],[90.421426,23.710334],[90.421509,23.710335],[90.42151,23.710253],[90.421583,23.710247],[90.421579,23.710328],[90.421758,23.710279],[90.421756,23.710434],[90.421807,23.710435],[90.421851,23.710455],[90.421907,23.710457],[90.421934,23.710315],[90.42213,23.710345],[90.42212,23.710397],[90.422322,23.710416],[90.422357,23.710404],[90.422469,23.710395],[90.422478,23.710251],[90.422586,23.710291],[90.422717,23.71032],[90.422836,23.71034],[90.422913,23.710336],[90.422966,23.710322],[90.422981,23.710057],[90.423042,23.709983],[90.423175,23.709815],[90.423193,23.709797],[90.423353,23.709598],[90.423579,23.709818],[90.42378,23.709966],[90.424037,23.710104],[90.424175,23.7101],[90.424713,23.710085],[90.425211,23.70999],[90.425297,23.709973],[90.425816,23.709866],[90.426139,23.710002],[90.426431,23.710213],[90.426846,23.710392],[90.426828,23.710697],[90.426763,23.710903],[90.426736,23.711049],[90.426601,23.711614],[90.426519,23.711942],[90.426496,23.71198],[90.426508,23.712065],[90.426517,23.712138],[90.426456,23.712368],[90.426437,23.712577],[90.426435,23.712875],[90.426415,23.712911],[90.426416,23.713087],[90.426391,23.713388],[90.426388,23.713857],[90.425781,23.714283],[90.42618,23.71485],[90.426065,23.714942],[90.425756,23.714991],[90.425726,23.715041],[90.425688,23.71505],[90.425694,23.715137],[90.425736,23.715232],[90.425757,23.715421],[90.425713,23.715551],[90.425695,23.715866],[90.42568,23.715942]]]},"properties":{"city_corp":"DSCC","ward_no":40,"zone":"Zone no - 5","dghs_ward_id":50540}},{"type":"Feature","geometry":{"type":"Polygon","coordinates":[[[90.413917,23.713015],[90.414047,23.712826],[90.414262,23.712612],[90.414497,23.712377],[90.415325,23.71193],[90.415721,23.7117],[90.415755,23.711681],[90.416535,23.711227],[90.417678,23.710553],[90.417982,23.710408],[90.418446,23.711288],[90.418382,23.71133],[90.418342,23.71141],[90.418335,23.711576],[90.418357,23.711775],[90.418408,23.712076],[90.418552,23.712497],[90.418686,23.712966],[90.418737,23.713301],[90.418741,23.713512],[90.418743,23.713592],[90.41875,23.713913],[90.418778,23.714215],[90.418838,23.714349],[90.418966,23.714529],[90.419158,23.714919],[90.419319,23.715245],[90.419568,23.716241],[90.419657,23.716497],[90.419706,23.716638],[90.419938,23.717163],[90.419584,23.71776],[90.41931,23.718222],[90.418217,23.72015],[90.417528,23.720984],[90.41708,23.721329],[90.416513,23.721343],[90.416219,23.721152],[90.41619,23.720481],[90.41599,23.719581],[90.415762,23.718739],[90.415444,23.717956],[90.415346,23.717643],[90.4153,23.717502],[90.41525,23.717342],[90.41484,23.717386],[90.41484,23.717315],[90.414847,23.717268],[90.414882,23.717207],[90.414792,23.717192],[90.41468,23.717191],[90.414672,23.717176],[90.414506,23.717134],[90.414506,23.717041],[90.414455,23.717042],[90.41441,23.716874],[90.414382,23.716858],[90.414333,23.716819],[90.414248,23.716769],[90.414217,23.716617],[90.414044,23.716632],[90.413992,23.716409],[90.413986,23.715996],[90.414029,23.715659],[90.414063,23.715613],[90.414367,23.715583],[90.414643,23.715542],[90.414636,23.715506],[90.414946,23.715426],[90.415077,23.715861],[90.415149,23.715851],[90.4152,23.716165],[90.415312,23.716706],[90.416303,23.71667],[90.416297,23.716593],[90.416068,23.716597],[90.416047,23.716314],[90.416022,23.716252],[90.41576,23.716315],[90.415618,23.716322],[90.415592,23.716126],[90.415856,23.716072],[90.415833,23.715747],[90.415925,23.71573],[90.415905,23.715634],[90.41591,23.715561],[90.416236,23.715526],[90.416204,23.715284],[90.415886,23.715305],[90.415383,23.715322],[90.415092,23.715304],[90.414779,23.715253],[90.414313,23.715196],[90.414233,23.715186],[90.413844,23.715145],[90.413882,23.714621],[90.414089,23.713859],[90.414075,23.713397],[90.413917,23.713015]]]},"properties":{"city_corp":"DSCC","ward_no":41,"zone":"Zone no - 5","dghs_ward_id":50541}},{"type":"Feature","geometry":{"type":"Polygon","coordinates":[[[90.417982,23.710408],[90.417678,23.710553],[90.416535,23.711227],[90.415755,23.711681],[90.415721,23.7117],[90.415325,23.71193],[90.414497,23.712377],[90.414262,23.712612],[90.414047,23.712826],[90.413917,23.713015],[90.413753,23.713253],[90.413456,23.713528],[90.41297,23.713643],[90.411552,23.713609],[90.411558,23.712183],[90.411705,23.710827],[90.411765,23.71053],[90.411872,23.709999],[90.411954,23.709858],[90.412023,23.709739],[90.411961,23.708819],[90.41204,23.708603],[90.412605,23.708552],[90.412588,23.70814],[90.412754,23.708124],[90.412969,23.708047],[90.413268,23.707861],[90.413529,23.707633],[90.413592,23.707689],[90.413627,23.707897],[90.413895,23.707854],[90.414142,23.707791],[90.414162,23.707858],[90.414228,23.707836],[90.414295,23.70799],[90.414454,23.70793],[90.414448,23.707914],[90.414539,23.707869],[90.414584,23.707819],[90.414737,23.707754],[90.414762,23.708018],[90.414807,23.708247],[90.414984,23.708223],[90.41503,23.708241],[90.415262,23.708223],[90.415262,23.708133],[90.415305,23.708131],[90.41538,23.708115],[90.415382,23.708057],[90.415371,23.707965],[90.415399,23.707948],[90.415403,23.707902],[90.415504,23.707901],[90.415505,23.707813],[90.415498,23.707799],[90.415501,23.707658],[90.415679,23.707657],[90.415679,23.707794],[90.415662,23.707827],[90.415663,23.707883],[90.415797,23.70789],[90.415787,23.707994],[90.416243,23.70801],[90.416237,23.707852],[90.416467,23.707858],[90.41646,23.707825],[90.416672,23.707719],[90.416557,23.70747],[90.416558,23.707235],[90.416543,23.707235],[90.416539,23.707064],[90.416652,23.707055],[90.416652,23.707172],[90.416674,23.707265],[90.416703,23.70734],[90.416913,23.707287],[90.416949,23.70731],[90.417209,23.707287],[90.417255,23.707266],[90.417288,23.707217],[90.417259,23.707102],[90.417354,23.707069],[90.4174,23.707211],[90.417487,23.707193],[90.41762,23.70717],[90.417631,23.707188],[90.417631,23.707351],[90.41777,23.707362],[90.417765,23.707464],[90.41756,23.707452],[90.417554,23.707554],[90.417429,23.707555],[90.417429,23.707576],[90.417413,23.707624],[90.417375,23.707788],[90.417356,23.707955],[90.417356,23.708048],[90.41746,23.70805],[90.417445,23.708263],[90.417369,23.708262],[90.41735,23.708435],[90.417358,23.7085],[90.417337,23.708502],[90.417332,23.708531],[90.417256,23.70854],[90.417274,23.708729],[90.417462,23.708725],[90.417468,23.708764],[90.417477,23.708894],[90.417469,23.709009],[90.417434,23.709049],[90.417309,23.709034],[90.417296,23.709376],[90.417487,23.709376],[90.417491,23.7094],[90.417506,23.709442],[90.417398,23.709474],[90.417403,23.709502],[90.417406,23.709788],[90.417381,23.70979],[90.417382,23.709877],[90.417372,23.709904],[90.417397,23.709995],[90.417408,23.710053],[90.417526,23.710021],[90.417591,23.710141],[90.417523,23.710165],[90.417582,23.710314],[90.41792,23.710188],[90.417972,23.710275],[90.417982,23.710408]]]},"properties":{"city_corp":"DSCC","ward_no":42,"zone":"Zone no - 4","dghs_ward_id":50442}},{"type":"Feature","geometry":{"type":"Polygon","coordinates":[[[90.412026,23.704288],[90.411967,23.704074],[90.412062,23.70399],[90.412129,23.703945],[90.412443,23.703729],[90.412651,23.703586],[90.412711,23.70355],[90.412806,23.703616],[90.412877,23.703598],[90.412901,23.703526],[90.413085,23.703366],[90.413252,23.703259],[90.413424,23.703074],[90.414109,23.702545],[90.414996,23.701753],[90.415216,23.701569],[90.415534,23.701307],[90.415746,23.701126],[90.416296,23.700638],[90.417123,23.699845],[90.417579,23.70034],[90.417709,23.7007],[90.417954,23.701009],[90.418741,23.701291],[90.419028,23.701485],[90.419223,23.701723],[90.419271,23.702165],[90.419053,23.702159],[90.418464,23.702174],[90.417944,23.702246],[90.417879,23.702121],[90.417778,23.702166],[90.417824,23.702266],[90.417669,23.702294],[90.41757,23.702113],[90.417486,23.701984],[90.417335,23.702075],[90.417238,23.702093],[90.417242,23.702154],[90.417226,23.702157],[90.417246,23.70229],[90.41722,23.702285],[90.417142,23.702281],[90.41706,23.702287],[90.417108,23.702513],[90.417269,23.702485],[90.417284,23.702539],[90.417321,23.702546],[90.417365,23.702568],[90.417384,23.702594],[90.4174,23.702752],[90.417346,23.702767],[90.417367,23.702922],[90.417375,23.703059],[90.417253,23.703073],[90.417183,23.703055],[90.417158,23.703137],[90.417159,23.703204],[90.417209,23.703314],[90.417224,23.703372],[90.41686,23.703435],[90.416886,23.703563],[90.417122,23.703514],[90.417434,23.703466],[90.417561,23.703439],[90.4176,23.703416],[90.417622,23.703448],[90.417621,23.703486],[90.417689,23.703715],[90.417766,23.703698],[90.417785,23.703756],[90.417911,23.703728],[90.417972,23.703728],[90.417973,23.703915],[90.417959,23.703916],[90.417955,23.704275],[90.417968,23.704399],[90.417932,23.704664],[90.417889,23.704857],[90.41795,23.70487],[90.417926,23.705051],[90.417778,23.705035],[90.417777,23.705227],[90.417847,23.705231],[90.417847,23.705315],[90.41785,23.705388],[90.417812,23.705388],[90.417804,23.705479],[90.417789,23.705537],[90.41782,23.705541],[90.417873,23.705625],[90.417997,23.705621],[90.417996,23.705664],[90.417995,23.705695],[90.417995,23.70579],[90.417844,23.70579],[90.417829,23.705899],[90.417813,23.705995],[90.417619,23.706007],[90.417624,23.706049],[90.417623,23.706151],[90.417632,23.706326],[90.417649,23.706448],[90.417843,23.706447],[90.417844,23.706519],[90.417677,23.706521],[90.417677,23.706549],[90.417675,23.706685],[90.417492,23.706709],[90.417518,23.706837],[90.417557,23.706806],[90.417713,23.706809],[90.417727,23.706899],[90.41758,23.706872],[90.417516,23.706876],[90.41727,23.706929],[90.417091,23.706939],[90.417048,23.706948],[90.416819,23.707032],[90.41675,23.707049],[90.416652,23.707055],[90.416539,23.707064],[90.416543,23.707235],[90.416558,23.707235],[90.416557,23.70747],[90.416672,23.707719],[90.41646,23.707825],[90.416467,23.707858],[90.416237,23.707852],[90.416243,23.70801],[90.415787,23.707994],[90.415797,23.70789],[90.415663,23.707883],[90.415662,23.707827],[90.415679,23.707794],[90.415679,23.707657],[90.415501,23.707658],[90.415498,23.707799],[90.415505,23.707813],[90.415504,23.707901],[90.415403,23.707902],[90.415399,23.707948],[90.415371,23.707965],[90.415382,23.708057],[90.41538,23.708115],[90.415305,23.708131],[90.415262,23.708133],[90.415262,23.708223],[90.41503,23.708241],[90.414984,23.708223],[90.414807,23.708247],[90.414762,23.708018],[90.414737,23.707754],[90.414584,23.707819],[90.414539,23.707869],[90.414448,23.707914],[90.414454,23.70793],[90.414295,23.70799],[90.414228,23.707836],[90.414162,23.707858],[90.414142,23.707791],[90.413895,23.707854],[90.413627,23.707897],[90.413592,23.707689],[90.413529,23.707633],[90.413268,23.707861],[90.412969,23.708047],[90.412754,23.708124],[90.412588,23.70814],[90.412583,23.708047],[90.412472,23.707297],[90.412435,23.706979],[90.412416,23.706825],[90.412404,23.70604],[90.412388,23.705101],[90.412315,23.704947],[90.412286,23.704886],[90.412043,23.704328],[90.412026,23.704288]]]},"properties":{"city_corp":"DSCC","ward_no":43,"zone":"Zone no - 4","dghs_ward_id":50443}},{"type":"Feature","geometry":{"type":"Polygon","coordinates":[[[90.423353,23.709598],[90.423193,23.709797],[90.423175,23.709815],[90.423042,23.709983],[90.422981,23.710057],[90.422966,23.710322],[90.422913,23.710336],[90.422836,23.71034],[90.422717,23.71032],[90.422586,23.710291],[90.422478,23.710251],[90.422469,23.710395],[90.422357,23.710404],[90.422322,23.710416],[90.42212,23.710397],[90.42213,23.710345],[90.421934,23.710315],[90.421907,23.710457],[90.421851,23.710455],[90.421807,23.710435],[90.421756,23.710434],[90.421758,23.710279],[90.421579,23.710328],[90.421583,23.710247],[90.42151,23.710253],[90.421509,23.710335],[90.421426,23.710334],[90.421426,23.710262],[90.421301,23.710259],[90.421298,23.710415],[90.420984,23.710419],[90.420886,23.710465],[90.420755,23.710491],[90.420755,23.710532],[90.420578,23.710531],[90.420568,23.710275],[90.420276,23.71024],[90.420079,23.710241],[90.420079,23.710264],[90.420112,23.710417],[90.419925,23.71045],[90.419901,23.71036],[90.419883,23.710362],[90.419872,23.710211],[90.419893,23.709867],[90.419809,23.709735],[90.419718,23.709819],[90.419567,23.709917],[90.41937,23.709991],[90.419203,23.710022],[90.418991,23.710014],[90.418751,23.710001],[90.4185,23.710194],[90.417982,23.710408],[90.417972,23.710275],[90.41792,23.710188],[90.417582,23.710314],[90.417523,23.710165],[90.417591,23.710141],[90.417526,23.710021],[90.417408,23.710053],[90.417397,23.709995],[90.417372,23.709904],[90.417382,23.709877],[90.417381,23.70979],[90.417406,23.709788],[90.417403,23.709502],[90.417398,23.709474],[90.417506,23.709442],[90.417491,23.7094],[90.417487,23.709376],[90.417296,23.709376],[90.417309,23.709034],[90.417434,23.709049],[90.417469,23.709009],[90.417477,23.708894],[90.417468,23.708764],[90.417462,23.708725],[90.417274,23.708729],[90.417256,23.70854],[90.417332,23.708531],[90.417337,23.708502],[90.417358,23.7085],[90.41735,23.708435],[90.417369,23.708262],[90.417445,23.708263],[90.41746,23.70805],[90.417356,23.708048],[90.417356,23.707955],[90.417375,23.707788],[90.417413,23.707624],[90.417429,23.707576],[90.417429,23.707555],[90.417554,23.707554],[90.41756,23.707452],[90.417765,23.707464],[90.41777,23.707362],[90.417631,23.707351],[90.417631,23.707188],[90.41762,23.70717],[90.417487,23.707193],[90.4174,23.707211],[90.417354,23.707069],[90.417259,23.707102],[90.417288,23.707217],[90.417255,23.707266],[90.417209,23.707287],[90.416949,23.70731],[90.416913,23.707287],[90.416703,23.70734],[90.416674,23.707265],[90.416652,23.707172],[90.416652,23.707055],[90.41675,23.707049],[90.416819,23.707032],[90.417048,23.706948],[90.417091,23.706939],[90.41727,23.706929],[90.417516,23.706876],[90.41758,23.706872],[90.417727,23.706899],[90.417713,23.706809],[90.417557,23.706806],[90.417518,23.706837],[90.417492,23.706709],[90.417675,23.706685],[90.417677,23.706549],[90.417677,23.706521],[90.417844,23.706519],[90.417843,23.706447],[90.417649,23.706448],[90.417632,23.706326],[90.417623,23.706151],[90.417624,23.706049],[90.417619,23.706007],[90.417813,23.705995],[90.417829,23.705899],[90.417844,23.70579],[90.417995,23.70579],[90.417995,23.705695],[90.417996,23.705664],[90.417997,23.705621],[90.417873,23.705625],[90.41782,23.705541],[90.417789,23.705537],[90.417804,23.705479],[90.417812,23.705388],[90.41785,23.705388],[90.417847,23.705315],[90.417847,23.705231],[90.417777,23.705227],[90.417778,23.705035],[90.417926,23.705051],[90.41795,23.70487],[90.417889,23.704857],[90.417932,23.704664],[90.417968,23.704399],[90.417955,23.704275],[90.417959,23.703916],[90.417973,23.703915],[90.417972,23.703728],[90.417911,23.703728],[90.417785,23.703756],[90.417766,23.703698],[90.417689,23.703715],[90.417621,23.703486],[90.417622,23.703448],[90.4176,23.703416],[90.417561,23.703439],[90.417434,23.703466],[90.417122,23.703514],[90.416886,23.703563],[90.41686,23.703435],[90.417224,23.703372],[90.417209,23.703314],[90.417159,23.703204],[90.417158,23.703137],[90.417183,23.703055],[90.417253,23.703073],[90.417375,23.703059],[90.417367,23.702922],[90.417346,23.702767],[90.4174,23.702752],[90.417384,23.702594],[90.417365,23.702568],[90.417321,23.702546],[90.417284,23.702539],[90.417269,23.702485],[90.417108,23.702513],[90.41706,23.702287],[90.417142,23.702281],[90.41722,23.702285],[90.417246,23.70229],[90.417226,23.702157],[90.417242,23.702154],[90.417238,23.702093],[90.417335,23.702075],[90.417486,23.701984],[90.41757,23.702113],[90.417669,23.702294],[90.417824,23.702266],[90.417778,23.702166],[90.417879,23.702121],[90.417944,23.702246],[90.418464,23.702174],[90.419053,23.702159],[90.419271,23.702165],[90.419308,23.702342],[90.419305,23.702783],[90.419121,23.704146],[90.419097,23.70439],[90.419201,23.704929],[90.419362,23.705271],[90.419608,23.705793],[90.419926,23.706468],[90.42009,23.70783],[90.420174,23.70831],[90.420619,23.70854],[90.422342,23.70899],[90.422972,23.709282],[90.423353,23.709598]]]},"properties":{"city_corp":"DSCC","ward_no":44,"zone":"Zone no - 5","dghs_ward_id":50544}},{"type":"Feature","geometry":{"type":"Polygon","coordinates":[[[90.428468,23.702939],[90.427579,23.704569],[90.427514,23.704677],[90.426878,23.705739],[90.426614,23.706169],[90.426008,23.707198],[90.42579,23.707403],[90.425674,23.707437],[90.425606,23.707608],[90.425521,23.707863],[90.425473,23.708022],[90.425388,23.708158],[90.425342,23.708332],[90.425232,23.708345],[90.42522,23.708461],[90.42503,23.708648],[90.424944,23.708768],[90.424713,23.709176],[90.424536,23.70935],[90.424175,23.7101],[90.424037,23.710104],[90.42378,23.709966],[90.423579,23.709818],[90.423353,23.709598],[90.422972,23.709282],[90.422342,23.70899],[90.420619,23.70854],[90.420174,23.70831],[90.42009,23.70783],[90.419926,23.706468],[90.419608,23.705793],[90.419362,23.705271],[90.419201,23.704929],[90.419097,23.70439],[90.419121,23.704146],[90.419305,23.702783],[90.419308,23.702342],[90.419271,23.702165],[90.41971,23.702167],[90.419707,23.702388],[90.419715,23.702472],[90.419688,23.702632],[90.419754,23.702633],[90.419757,23.702709],[90.419946,23.702692],[90.41995,23.702623],[90.419971,23.702621],[90.419915,23.702169],[90.420167,23.702102],[90.420327,23.702031],[90.420536,23.702048],[90.420527,23.702295],[90.420634,23.702348],[90.420725,23.702372],[90.420872,23.702366],[90.420874,23.702393],[90.421034,23.702387],[90.421048,23.702506],[90.421052,23.702701],[90.421404,23.702713],[90.421429,23.702795],[90.42143,23.702908],[90.421489,23.70291],[90.421494,23.70299],[90.421841,23.703023],[90.422101,23.703033],[90.422257,23.703025],[90.422463,23.703015],[90.422523,23.703015],[90.422619,23.702978],[90.422687,23.702976],[90.422683,23.702854],[90.422667,23.702817],[90.422667,23.702517],[90.422663,23.702417],[90.423076,23.70242],[90.423118,23.702185],[90.423291,23.702177],[90.423291,23.70213],[90.423135,23.70213],[90.423181,23.701863],[90.423354,23.701873],[90.423364,23.701771],[90.423477,23.701771],[90.423472,23.701327],[90.423458,23.701276],[90.423456,23.701207],[90.423807,23.701226],[90.423822,23.701594],[90.424639,23.701592],[90.42501,23.701584],[90.425019,23.701861],[90.425275,23.70186],[90.425276,23.702181],[90.425192,23.702178],[90.425196,23.702665],[90.425207,23.703033],[90.425319,23.70302],[90.42532,23.702942],[90.425498,23.702943],[90.425498,23.703053],[90.425984,23.703025],[90.426176,23.703023],[90.426176,23.702936],[90.426189,23.702565],[90.426285,23.702571],[90.426291,23.702524],[90.426604,23.702516],[90.426697,23.702518],[90.426705,23.702439],[90.426918,23.702444],[90.426931,23.702622],[90.426921,23.702713],[90.426932,23.702806],[90.427081,23.702812],[90.427085,23.702856],[90.427388,23.702868],[90.427429,23.702697],[90.427442,23.702614],[90.427592,23.702624],[90.427685,23.702586],[90.427767,23.7026],[90.427831,23.702599],[90.428005,23.702669],[90.428122,23.702747],[90.428232,23.702798],[90.42831,23.702867],[90.428468,23.702939]]]},"properties":{"city_corp":"DSCC","ward_no":45,"zone":"Zone no - 5","dghs_ward_id":50545}},{"type":"Feature","geometry":{"type":"Polygon","coordinates":[[[90.417579,23.70034],[90.417123,23.699845],[90.417399,23.699435],[90.417703,23.699014],[90.418149,23.69855],[90.418624,23.698203],[90.418799,23.698071],[90.419077,23.697746],[90.419192,23.697539],[90.419281,23.697343],[90.419524,23.696997],[90.419916,23.696565],[90.420419,23.695915],[90.420524,23.695823],[90.420539,23.69584],[90.420881,23.696074],[90.420971,23.695985],[90.421157,23.69615],[90.421101,23.696201],[90.421073,23.696212],[90.42102,23.696277],[90.4211,23.696361],[90.421043,23.696405],[90.421068,23.696426],[90.420996,23.696488],[90.420901,23.696645],[90.420997,23.696677],[90.421097,23.696734],[90.421281,23.696905],[90.421502,23.697042],[90.421615,23.697086],[90.421643,23.697122],[90.421682,23.697143],[90.421725,23.697148],[90.421871,23.697406],[90.421939,23.697603],[90.421975,23.697677],[90.422357,23.697592],[90.422381,23.697872],[90.422627,23.69804],[90.422732,23.697919],[90.422901,23.697977],[90.423205,23.698023],[90.423718,23.698095],[90.423717,23.698177],[90.423536,23.698183],[90.423458,23.698202],[90.423421,23.698347],[90.423384,23.698514],[90.423215,23.698524],[90.423191,23.698779],[90.423113,23.699084],[90.42319,23.699103],[90.423241,23.699089],[90.423419,23.69914],[90.423407,23.699181],[90.423559,23.699221],[90.423534,23.699326],[90.423455,23.699537],[90.423658,23.699599],[90.424378,23.699676],[90.424414,23.699438],[90.424704,23.699476],[90.424781,23.699331],[90.424839,23.699176],[90.424917,23.699033],[90.425001,23.698956],[90.42503,23.698941],[90.425139,23.699042],[90.425092,23.699155],[90.425212,23.699193],[90.425197,23.699271],[90.425155,23.699423],[90.425089,23.699408],[90.425038,23.699558],[90.42528,23.699563],[90.425271,23.69963],[90.425264,23.699811],[90.425252,23.699944],[90.425395,23.699944],[90.425437,23.699932],[90.425529,23.699919],[90.425729,23.699906],[90.425747,23.699805],[90.425761,23.699493],[90.425741,23.699422],[90.425737,23.699344],[90.425746,23.699151],[90.425889,23.699146],[90.426052,23.699132],[90.42628,23.699119],[90.42629,23.699306],[90.426264,23.699439],[90.426207,23.699594],[90.426197,23.699697],[90.426207,23.699935],[90.426174,23.699956],[90.426067,23.699983],[90.425977,23.700032],[90.425795,23.700114],[90.425841,23.700255],[90.426003,23.700274],[90.426193,23.700281],[90.426519,23.700279],[90.426479,23.700359],[90.426463,23.70043],[90.426462,23.700475],[90.42667,23.700479],[90.426954,23.700515],[90.42695,23.700621],[90.42702,23.700622],[90.427017,23.700649],[90.426974,23.700706],[90.426941,23.700722],[90.426933,23.700904],[90.426568,23.700899],[90.426553,23.701066],[90.426555,23.701305],[90.426857,23.701304],[90.427257,23.701324],[90.427918,23.701339],[90.428228,23.701339],[90.428262,23.701357],[90.428662,23.701363],[90.42883,23.701387],[90.42886,23.701433],[90.429213,23.701598],[90.428908,23.702129],[90.428468,23.702939],[90.42831,23.702867],[90.428232,23.702798],[90.428122,23.702747],[90.428005,23.702669],[90.427831,23.702599],[90.427767,23.7026],[90.427685,23.702586],[90.427592,23.702624],[90.427442,23.702614],[90.427429,23.702697],[90.427388,23.702868],[90.427085,23.702856],[90.427081,23.702812],[90.426932,23.702806],[90.426921,23.702713],[90.426931,23.702622],[90.426918,23.702444],[90.426705,23.702439],[90.426697,23.702518],[90.426604,23.702516],[90.426291,23.702524],[90.426285,23.702571],[90.426189,23.702565],[90.426176,23.702936],[90.426176,23.703023],[90.425984,23.703025],[90.425498,23.703053],[90.425498,23.702943],[90.42532,23.702942],[90.425319,23.70302],[90.425207,23.703033],[90.425196,23.702665],[90.425192,23.702178],[90.425276,23.702181],[90.425275,23.70186],[90.425019,23.701861],[90.42501,23.701584],[90.424639,23.701592],[90.423822,23.701594],[90.423807,23.701226],[90.423456,23.701207],[90.423458,23.701276],[90.423472,23.701327],[90.423477,23.701771],[90.423364,23.701771],[90.423354,23.701873],[90.423181,23.701863],[90.423135,23.70213],[90.423291,23.70213],[90.423291,23.702177],[90.423118,23.702185],[90.423076,23.70242],[90.422663,23.702417],[90.422667,23.702517],[90.422667,23.702817],[90.422683,23.702854],[90.422687,23.702976],[90.422619,23.702978],[90.422523,23.703015],[90.422463,23.703015],[90.422257,23.703025],[90.422101,23.703033],[90.421841,23.703023],[90.421494,23.70299],[90.421489,23.70291],[90.42143,23.702908],[90.421429,23.702795],[90.421404,23.702713],[90.421052,23.702701],[90.421048,23.702506],[90.421034,23.702387],[90.420874,23.702393],[90.420872,23.702366],[90.420725,23.702372],[90.420634,23.702348],[90.420527,23.702295],[90.420536,23.702048],[90.420327,23.702031],[90.420167,23.702102],[90.419915,23.702169],[90.419971,23.702621],[90.41995,23.702623],[90.419946,23.702692],[90.419757,23.702709],[90.419754,23.702633],[90.419688,23.702632],[90.419715,23.702472],[90.419707,23.702388],[90.41971,23.702167],[90.419271,23.702165],[90.419223,23.701723],[90.419028,23.701485],[90.418741,23.701291],[90.417954,23.701009],[90.417709,23.7007],[90.417579,23.70034]]]},"properties":{"city_corp":"DSCC","ward_no":46,"zone":"Zone no - 5","dghs_ward_id":50546}},{"type":"Feature","geometry":{"type":"Polygon","coordinates":[[[90.429213,23.701598],[90.42886,23.701433],[90.42883,23.701387],[90.428662,23.701363],[90.428262,23.701357],[90.428228,23.701339],[90.427918,23.701339],[90.427257,23.701324],[90.426857,23.701304],[90.426555,23.701305],[90.426553,23.701066],[90.426568,23.700899],[90.426933,23.700904],[90.426941,23.700722],[90.426974,23.700706],[90.427017,23.700649],[90.42702,23.700622],[90.42695,23.700621],[90.426954,23.700515],[90.42667,23.700479],[90.426462,23.700475],[90.426463,23.70043],[90.426479,23.700359],[90.426519,23.700279],[90.426193,23.700281],[90.426003,23.700274],[90.425841,23.700255],[90.425795,23.700114],[90.425977,23.700032],[90.426067,23.699983],[90.426174,23.699956],[90.426207,23.699935],[90.426197,23.699697],[90.426207,23.699594],[90.426264,23.699439],[90.42629,23.699306],[90.42628,23.699119],[90.426052,23.699132],[90.425889,23.699146],[90.425746,23.699151],[90.425737,23.699344],[90.425741,23.699422],[90.425761,23.699493],[90.425747,23.699805],[90.425729,23.699906],[90.425529,23.699919],[90.425437,23.699932],[90.425395,23.699944],[90.425252,23.699944],[90.425264,23.699811],[90.425271,23.69963],[90.42528,23.699563],[90.425038,23.699558],[90.425089,23.699408],[90.425155,23.699423],[90.425197,23.699271],[90.425212,23.699193],[90.425092,23.699155],[90.425139,23.699042],[90.42503,23.698941],[90.425001,23.698956],[90.424917,23.699033],[90.424839,23.699176],[90.424781,23.699331],[90.424704,23.699476],[90.424414,23.699438],[90.424378,23.699676],[90.423658,23.699599],[90.423455,23.699537],[90.423534,23.699326],[90.423559,23.699221],[90.423407,23.699181],[90.423419,23.69914],[90.423241,23.699089],[90.42319,23.699103],[90.423113,23.699084],[90.423191,23.698779],[90.423215,23.698524],[90.423384,23.698514],[90.423421,23.698347],[90.423458,23.698202],[90.423536,23.698183],[90.423717,23.698177],[90.423718,23.698095],[90.423205,23.698023],[90.422901,23.697977],[90.422732,23.697919],[90.422627,23.69804],[90.422381,23.697872],[90.422357,23.697592],[90.421975,23.697677],[90.421939,23.697603],[90.421871,23.697406],[90.421725,23.697148],[90.421682,23.697143],[90.421643,23.697122],[90.421615,23.697086],[90.421502,23.697042],[90.421281,23.696905],[90.421097,23.696734],[90.420997,23.696677],[90.420901,23.696645],[90.420996,23.696488],[90.421068,23.696426],[90.421043,23.696405],[90.4211,23.696361],[90.42102,23.696277],[90.421073,23.696212],[90.421101,23.696201],[90.421157,23.69615],[90.420971,23.695985],[90.420881,23.696074],[90.420539,23.69584],[90.420524,23.695823],[90.420786,23.695589],[90.421078,23.695301],[90.42154,23.694837],[90.422459,23.69399],[90.422687,23.693765],[90.423171,23.693355],[90.423361,23.693119],[90.423561,23.692908],[90.423834,23.692659],[90.42426,23.69232],[90.424604,23.692013],[90.424919,23.691724],[90.425176,23.691443],[90.425231,23.691383],[90.425446,23.69109],[90.425644,23.690658],[90.425823,23.690295],[90.425872,23.690195],[90.426179,23.689803],[90.426358,23.689567],[90.426386,23.689597],[90.426871,23.690032],[90.426992,23.690132],[90.427249,23.690339],[90.427687,23.690098],[90.427892,23.690363],[90.427602,23.690406],[90.427432,23.690463],[90.427505,23.690557],[90.427589,23.690661],[90.427775,23.690879],[90.4278,23.690968],[90.427809,23.691276],[90.427775,23.691501],[90.427679,23.691804],[90.427586,23.692259],[90.42757,23.693191],[90.427355,23.6932],[90.426964,23.693215],[90.426668,23.693256],[90.426533,23.693266],[90.426197,23.693423],[90.425438,23.694191],[90.425228,23.694471],[90.425186,23.694554],[90.425089,23.694685],[90.424817,23.695009],[90.424506,23.695306],[90.425518,23.695603],[90.425597,23.695645],[90.425909,23.695864],[90.426073,23.695969],[90.426386,23.696082],[90.426799,23.696219],[90.427009,23.696265],[90.427033,23.696223],[90.427262,23.69615],[90.427402,23.696607],[90.427429,23.696678],[90.427438,23.696758],[90.427501,23.696966],[90.427543,23.697141],[90.427772,23.697117],[90.427878,23.69712],[90.428289,23.697131],[90.428288,23.697476],[90.42881,23.697503],[90.428824,23.697832],[90.428908,23.697833],[90.429412,23.69778],[90.429664,23.697815],[90.430114,23.697796],[90.430158,23.697924],[90.430154,23.698299],[90.430217,23.698339],[90.430365,23.698316],[90.430485,23.698396],[90.430745,23.698511],[90.430693,23.698612],[90.430874,23.698692],[90.430248,23.699797],[90.429213,23.701598]]]},"properties":{"city_corp":"DSCC","ward_no":47,"zone":"Zone no - 5","dghs_ward_id":50547}},{"type":"Feature","geometry":{"type":"Polygon","coordinates":[[[90.441447,23.710398],[90.441456,23.710554],[90.441419,23.710805],[90.441351,23.710977],[90.441304,23.711345],[90.441214,23.711922],[90.440969,23.712647],[90.440752,23.713282],[90.440488,23.714123],[90.440403,23.714678],[90.440414,23.715098],[90.440375,23.715264],[90.440386,23.715693],[90.439844,23.715658],[90.439254,23.715596],[90.439159,23.715532],[90.438606,23.71544],[90.43798,23.715221],[90.438211,23.714701],[90.43789,23.714628],[90.437919,23.714518],[90.437785,23.714492],[90.437595,23.715037],[90.437219,23.714913],[90.437094,23.714848],[90.436969,23.714809],[90.436871,23.714813],[90.43677,23.714721],[90.436668,23.714659],[90.436621,23.714661],[90.436457,23.714588],[90.436516,23.714333],[90.436208,23.714299],[90.436088,23.714428],[90.436045,23.714401],[90.436153,23.714271],[90.43617,23.714216],[90.436063,23.714184],[90.436089,23.714055],[90.435947,23.714033],[90.435867,23.714242],[90.435727,23.71419],[90.435719,23.714219],[90.435688,23.714274],[90.435395,23.714147],[90.435231,23.714123],[90.43513,23.71413],[90.434717,23.714232],[90.43455,23.714283],[90.434025,23.714387],[90.43386,23.714412],[90.433574,23.714439],[90.433485,23.714455],[90.433401,23.714471],[90.433014,23.714463],[90.43292,23.714477],[90.43239,23.714566],[90.432035,23.714595],[90.431769,23.714518],[90.431493,23.714341],[90.431512,23.7143],[90.431373,23.714205],[90.431328,23.714147],[90.431047,23.714071],[90.430973,23.713844],[90.430787,23.713894],[90.430711,23.713958],[90.430521,23.714053],[90.430158,23.714169],[90.430158,23.714331],[90.429778,23.714358],[90.429776,23.714456],[90.42962,23.714457],[90.429602,23.714432],[90.429281,23.714448],[90.429259,23.714654],[90.429241,23.714753],[90.428907,23.714756],[90.429275,23.716211],[90.429223,23.717257],[90.428923,23.717241],[90.428953,23.716947],[90.428392,23.71696],[90.428377,23.716683],[90.427345,23.716664],[90.426062,23.716665],[90.42568,23.715942],[90.425695,23.715866],[90.425713,23.715551],[90.425757,23.715421],[90.425736,23.715232],[90.425694,23.715137],[90.425688,23.71505],[90.425726,23.715041],[90.425756,23.714991],[90.426065,23.714942],[90.42618,23.71485],[90.425781,23.714283],[90.426388,23.713857],[90.426391,23.713388],[90.426416,23.713087],[90.426415,23.712911],[90.426435,23.712875],[90.426437,23.712577],[90.426456,23.712368],[90.426517,23.712138],[90.426508,23.712065],[90.426496,23.71198],[90.426519,23.711942],[90.426601,23.711614],[90.426736,23.711049],[90.426763,23.710903],[90.426828,23.710697],[90.426846,23.710392],[90.427076,23.71049],[90.42838,23.710805],[90.428752,23.710983],[90.428897,23.711249],[90.429237,23.711505],[90.429464,23.711761],[90.430296,23.711235],[90.431078,23.710951],[90.433793,23.710232],[90.433854,23.710222],[90.434419,23.710136],[90.434973,23.710269],[90.436354,23.710765],[90.436927,23.710898],[90.437447,23.710968],[90.437825,23.710967],[90.438044,23.710966],[90.43868,23.710902],[90.439388,23.71077],[90.439956,23.710688],[90.440829,23.710529],[90.441447,23.710398]]]},"properties":{"city_corp":"DSCC","ward_no":48,"zone":"Zone no - 5","dghs_ward_id":50548}},{"type":"Feature","geometry":{"type":"Polygon","coordinates":[[[90.438888,23.72097],[90.438933,23.721313],[90.438924,23.721387],[90.438868,23.721912],[90.43894,23.722269],[90.439084,23.722602],[90.43911,23.722762],[90.439078,23.722887],[90.438858,23.722924],[90.438858,23.722769],[90.438489,23.72277],[90.437629,23.722647],[90.43704,23.722655],[90.436892,23.722733],[90.436594,23.722787],[90.4366,23.72249],[90.435953,23.722444],[90.435933,23.722182],[90.435512,23.722165],[90.435439,23.722254],[90.43522,23.722257],[90.434763,23.722573],[90.434441,23.722614],[90.434353,23.722612],[90.433998,23.722606],[90.43354,23.722569],[90.433375,23.722563],[90.433024,23.722551],[90.432574,23.722565],[90.43236,23.722428],[90.432314,23.7224],[90.431757,23.722278],[90.431826,23.721647],[90.431596,23.721573],[90.431552,23.721309],[90.431486,23.721138],[90.431286,23.720832],[90.431261,23.720662],[90.43124,23.7203],[90.431255,23.719933],[90.431277,23.719732],[90.430919,23.719656],[90.430776,23.719652],[90.430765,23.719736],[90.430725,23.7197],[90.430634,23.719662],[90.430634,23.719612],[90.430315,23.7196],[90.430273,23.719646],[90.430132,23.719691],[90.430037,23.719661],[90.429945,23.719661],[90.429941,23.719575],[90.429852,23.719572],[90.429849,23.719703],[90.429594,23.719706],[90.429594,23.719738],[90.429393,23.719752],[90.429297,23.719734],[90.429191,23.719768],[90.428984,23.719746],[90.428961,23.720059],[90.428351,23.720049],[90.428329,23.720276],[90.427627,23.720308],[90.42738,23.720302],[90.427344,23.719671],[90.427239,23.719028],[90.427075,23.718507],[90.427227,23.7185],[90.427318,23.71821],[90.427758,23.718285],[90.427801,23.718177],[90.427924,23.718172],[90.427932,23.718054],[90.427948,23.717723],[90.42768,23.717831],[90.427609,23.717837],[90.427497,23.717899],[90.427446,23.717908],[90.427406,23.717934],[90.427402,23.717907],[90.427425,23.717797],[90.427467,23.717649],[90.427461,23.717549],[90.427559,23.717222],[90.427611,23.71709],[90.427465,23.717057],[90.427433,23.717224],[90.42734,23.717211],[90.427379,23.717007],[90.427402,23.717007],[90.427408,23.716975],[90.427303,23.716957],[90.427345,23.716664],[90.428377,23.716683],[90.428392,23.71696],[90.428953,23.716947],[90.428923,23.717241],[90.429223,23.717257],[90.429275,23.716211],[90.428907,23.714756],[90.429241,23.714753],[90.429259,23.714654],[90.429281,23.714448],[90.429602,23.714432],[90.42962,23.714457],[90.429776,23.714456],[90.429778,23.714358],[90.430158,23.714331],[90.430158,23.714169],[90.430521,23.714053],[90.430711,23.713958],[90.430787,23.713894],[90.430973,23.713844],[90.431047,23.714071],[90.431328,23.714147],[90.431373,23.714205],[90.431512,23.7143],[90.431493,23.714341],[90.431769,23.714518],[90.432035,23.714595],[90.43239,23.714566],[90.43292,23.714477],[90.433014,23.714463],[90.433401,23.714471],[90.433485,23.714455],[90.433574,23.714439],[90.43386,23.714412],[90.434025,23.714387],[90.43455,23.714283],[90.434717,23.714232],[90.43513,23.71413],[90.435231,23.714123],[90.435395,23.714147],[90.435688,23.714274],[90.435719,23.714219],[90.435727,23.71419],[90.435867,23.714242],[90.435947,23.714033],[90.436089,23.714055],[90.436063,23.714184],[90.43617,23.714216],[90.436153,23.714271],[90.436045,23.714401],[90.436088,23.714428],[90.436208,23.714299],[90.436516,23.714333],[90.436457,23.714588],[90.436621,23.714661],[90.436668,23.714659],[90.43677,23.714721],[90.436871,23.714813],[90.436969,23.714809],[90.437094,23.714848],[90.437219,23.714913],[90.437595,23.715037],[90.437785,23.714492],[90.437919,23.714518],[90.43789,23.714628],[90.438211,23.714701],[90.43798,23.715221],[90.438606,23.71544],[90.439159,23.715532],[90.439254,23.715596],[90.439844,23.715658],[90.440386,23.715693],[90.440358,23.716065],[90.440396,23.71642],[90.440466,23.716892],[90.440555,23.717223],[90.439997,23.717305],[90.439642,23.717318],[90.439686,23.716925],[90.439343,23.716872],[90.439317,23.717015],[90.438962,23.717022],[90.438917,23.717267],[90.438846,23.717368],[90.438795,23.717372],[90.438594,23.717387],[90.438454,23.717591],[90.438406,23.718019],[90.438531,23.718317],[90.438629,23.718435],[90.438698,23.718519],[90.438979,23.718607],[90.439192,23.718674],[90.438972,23.719257],[90.439079,23.719274],[90.439043,23.719536],[90.439364,23.719667],[90.439311,23.719822],[90.438918,23.719762],[90.438817,23.720191],[90.438855,23.720602],[90.438888,23.72097]]]},"properties":{"city_corp":"DSCC","ward_no":49,"zone":"Zone no - 5","dghs_ward_id":50549}},{"type":"Feature","geometry":{"type":"Polygon","coordinates":[[[90.441447,23.710398],[90.440829,23.710529],[90.439956,23.710688],[90.439388,23.71077],[90.43868,23.710902],[90.438044,23.710966],[90.437825,23.710967],[90.437447,23.710968],[90.436927,23.710898],[90.436354,23.710765],[90.434973,23.710269],[90.434419,23.710136],[90.433854,23.710222],[90.433793,23.710232],[90.431078,23.710951],[90.430296,23.711235],[90.429464,23.711761],[90.429237,23.711505],[90.428897,23.711249],[90.428752,23.710983],[90.42838,23.710805],[90.427076,23.71049],[90.426846,23.710392],[90.426431,23.710213],[90.426139,23.710002],[90.425816,23.709866],[90.425982,23.709691],[90.426145,23.709575],[90.426662,23.709318],[90.427067,23.709156],[90.427571,23.708826],[90.428596,23.708078],[90.429004,23.707879],[90.429512,23.707623],[90.429747,23.707379],[90.430197,23.70669],[90.430496,23.70638],[90.431105,23.705921],[90.431312,23.705787],[90.432876,23.705055],[90.433064,23.704888],[90.433202,23.704766],[90.433254,23.704547],[90.433206,23.704029],[90.433294,23.703703],[90.433503,23.703469],[90.43386,23.703278],[90.434074,23.703235],[90.435125,23.70302],[90.4353,23.70287],[90.435449,23.702742],[90.435518,23.702654],[90.435694,23.702467],[90.435783,23.702394],[90.43606,23.702273],[90.436202,23.702237],[90.43651,23.702287],[90.436856,23.702346],[90.437378,23.70249],[90.437694,23.702592],[90.43805,23.70277],[90.438268,23.70285],[90.438347,23.702901],[90.438738,23.703254],[90.438915,23.703491],[90.438961,23.703666],[90.438994,23.703894],[90.438962,23.704021],[90.438831,23.704225],[90.438706,23.704781],[90.438581,23.705178],[90.438518,23.705375],[90.438419,23.705648],[90.438365,23.7059],[90.438332,23.706331],[90.43837,23.706681],[90.438452,23.706956],[90.438611,23.707265],[90.438853,23.707519],[90.439084,23.707671],[90.439205,23.707862],[90.439376,23.707776],[90.439453,23.707871],[90.439646,23.708079],[90.44003,23.708307],[90.440687,23.708835],[90.440992,23.709286],[90.441358,23.710366],[90.441447,23.710398]]]},"properties":{"city_corp":"DSCC","ward_no":50,"zone":"Zone no - 5","dghs_ward_id":50550}},{"type":"Feature","geometry":{"type":"Polygon","coordinates":[[[90.437694,23.702592],[90.437378,23.70249],[90.436856,23.702346],[90.43651,23.702287],[90.436202,23.702237],[90.43606,23.702273],[90.435783,23.702394],[90.435694,23.702467],[90.435449,23.702742],[90.4353,23.70287],[90.435125,23.70302],[90.434074,23.703235],[90.43386,23.703278],[90.433503,23.703469],[90.433294,23.703703],[90.433206,23.704029],[90.433254,23.704547],[90.433202,23.704766],[90.433064,23.704888],[90.432876,23.705055],[90.431312,23.705787],[90.430496,23.70638],[90.430197,23.70669],[90.429747,23.707379],[90.429512,23.707623],[90.429004,23.707879],[90.428596,23.708078],[90.427571,23.708826],[90.427067,23.709156],[90.426662,23.709318],[90.426145,23.709575],[90.425982,23.709691],[90.425816,23.709866],[90.425297,23.709973],[90.425211,23.70999],[90.424713,23.710085],[90.424175,23.7101],[90.424536,23.70935],[90.424713,23.709176],[90.424944,23.708768],[90.42503,23.708648],[90.42522,23.708461],[90.425232,23.708345],[90.425342,23.708332],[90.425388,23.708158],[90.425473,23.708022],[90.425521,23.707863],[90.425606,23.707608],[90.425674,23.707437],[90.42579,23.707403],[90.426008,23.707198],[90.426614,23.706169],[90.426878,23.705739],[90.427514,23.704677],[90.427579,23.704569],[90.428468,23.702939],[90.428908,23.702129],[90.429213,23.701598],[90.430248,23.699797],[90.430514,23.699916],[90.430525,23.699928],[90.4305,23.699995],[90.430811,23.700109],[90.431122,23.699506],[90.431591,23.699549],[90.431564,23.699882],[90.431542,23.700134],[90.431782,23.700143],[90.431789,23.700048],[90.431873,23.699615],[90.431914,23.699622],[90.431965,23.699445],[90.432165,23.699475],[90.432114,23.699677],[90.432256,23.699716],[90.432295,23.699512],[90.432416,23.699529],[90.43246,23.699185],[90.432724,23.699182],[90.432724,23.699078],[90.43367,23.698977],[90.434052,23.699004],[90.434164,23.699013],[90.434228,23.698684],[90.434839,23.698627],[90.434773,23.698397],[90.434751,23.697831],[90.435047,23.697819],[90.435048,23.698088],[90.435744,23.698087],[90.435607,23.699207],[90.435448,23.700241],[90.436223,23.700188],[90.436525,23.700247],[90.436905,23.700361],[90.437333,23.700537],[90.437471,23.70057],[90.437495,23.700473],[90.437932,23.700561],[90.438228,23.700642],[90.438187,23.70086],[90.437997,23.701396],[90.437962,23.701613],[90.437888,23.701779],[90.437851,23.70194],[90.437806,23.702063],[90.437762,23.70231],[90.437743,23.702509],[90.437694,23.702592]]]},"properties":{"city_corp":"DSCC","ward_no":51,"zone":"Zone no - 5","dghs_ward_id":50551}},{"type":"Feature","geometry":{"type":"Polygon","coordinates":[[[90.442425,23.692532],[90.442422,23.69266],[90.442419,23.692788],[90.442507,23.692787],[90.442505,23.692834],[90.44261,23.692837],[90.442612,23.692816],[90.442797,23.69282],[90.442925,23.692973],[90.443002,23.692976],[90.443023,23.693236],[90.443024,23.693553],[90.443015,23.693835],[90.442954,23.69383],[90.442933,23.694164],[90.442879,23.694185],[90.442841,23.694484],[90.442813,23.694483],[90.44274,23.694449],[90.442186,23.694449],[90.442177,23.694691],[90.442133,23.69469],[90.442133,23.694722],[90.442201,23.694861],[90.442178,23.695217],[90.44215,23.695474],[90.442177,23.695482],[90.44214,23.69558],[90.442157,23.695862],[90.442186,23.695862],[90.442143,23.696418],[90.442201,23.696424],[90.442177,23.696835],[90.442157,23.696998],[90.442232,23.697014],[90.442344,23.697031],[90.442326,23.697127],[90.44221,23.697313],[90.442196,23.697422],[90.442174,23.697421],[90.442159,23.697559],[90.442229,23.697566],[90.442214,23.697679],[90.442286,23.697696],[90.442267,23.697904],[90.442203,23.698113],[90.442154,23.698307],[90.442125,23.698302],[90.442092,23.698437],[90.442071,23.698573],[90.442123,23.698581],[90.44211,23.698675],[90.44204,23.698754],[90.441965,23.698901],[90.441817,23.698945],[90.441758,23.69913],[90.441709,23.699233],[90.441653,23.69936],[90.441506,23.699625],[90.441437,23.699852],[90.441405,23.699893],[90.441386,23.700147],[90.440757,23.700157],[90.440401,23.700053],[90.440446,23.699849],[90.440436,23.699765],[90.44044,23.699721],[90.440506,23.69957],[90.440536,23.699449],[90.440327,23.699386],[90.439879,23.699327],[90.439864,23.699424],[90.439533,23.69936],[90.439486,23.699534],[90.439059,23.699461],[90.438963,23.699947],[90.439,23.699952],[90.439102,23.699988],[90.439222,23.700016],[90.439162,23.700182],[90.439132,23.700207],[90.439101,23.700331],[90.43907,23.700347],[90.439027,23.700376],[90.438853,23.70035],[90.438832,23.700477],[90.438792,23.70047],[90.438758,23.700614],[90.438702,23.700602],[90.438686,23.700585],[90.438562,23.700553],[90.438548,23.700636],[90.438462,23.700925],[90.438187,23.70086],[90.438228,23.700642],[90.437932,23.700561],[90.437495,23.700473],[90.437471,23.70057],[90.437333,23.700537],[90.436905,23.700361],[90.436525,23.700247],[90.436223,23.700188],[90.435448,23.700241],[90.435607,23.699207],[90.435744,23.698087],[90.435832,23.697106],[90.435817,23.696799],[90.43572,23.696053],[90.435627,23.695616],[90.435932,23.695565],[90.436064,23.695564],[90.436159,23.695588],[90.436178,23.69541],[90.436236,23.695416],[90.43632,23.69543],[90.436317,23.695457],[90.436542,23.695511],[90.4365,23.695686],[90.436571,23.69571],[90.436792,23.695743],[90.437069,23.695787],[90.437168,23.695431],[90.437293,23.695115],[90.437378,23.694847],[90.437396,23.694803],[90.437436,23.694788],[90.437486,23.694787],[90.437606,23.694408],[90.437633,23.694204],[90.437772,23.694231],[90.4378,23.694254],[90.438039,23.694309],[90.438071,23.694205],[90.438097,23.694193],[90.438325,23.694248],[90.438345,23.694243],[90.438477,23.694294],[90.43855,23.694147],[90.43844,23.694093],[90.43845,23.694027],[90.438753,23.694096],[90.438787,23.693996],[90.438865,23.694022],[90.438871,23.694011],[90.439066,23.694088],[90.439107,23.694089],[90.439279,23.694168],[90.439366,23.694013],[90.43925,23.693964],[90.43931,23.693848],[90.439455,23.693904],[90.439508,23.693807],[90.439686,23.693894],[90.439704,23.693867],[90.439832,23.69373],[90.439768,23.693682],[90.4396,23.693578],[90.439736,23.693398],[90.439969,23.693562],[90.440072,23.693443],[90.440202,23.693237],[90.440265,23.693261],[90.440323,23.693141],[90.440358,23.693078],[90.440389,23.693018],[90.440412,23.693025],[90.440457,23.692921],[90.440453,23.692876],[90.440476,23.692801],[90.440352,23.692753],[90.44031,23.692726],[90.440277,23.692705],[90.44017,23.692676],[90.4402,23.692583],[90.44025,23.692341],[90.440397,23.692376],[90.440367,23.692504],[90.440604,23.692559],[90.440652,23.692558],[90.440998,23.692652],[90.441126,23.692664],[90.441303,23.692683],[90.441496,23.692716],[90.441567,23.69231],[90.441617,23.692131],[90.441837,23.692232],[90.442425,23.692532]]]},"properties":{"city_corp":"DSCC","ward_no":52,"zone":"Zone no - 5","dghs_ward_id":50552}},{"type":"Feature","geometry":{"type":"Polygon","coordinates":[[[90.442425,23.692532],[90.441837,23.692232],[90.441617,23.692131],[90.441567,23.69231],[90.441496,23.692716],[90.441303,23.692683],[90.441126,23.692664],[90.440998,23.692652],[90.440652,23.692558],[90.440604,23.692559],[90.440367,23.692504],[90.440397,23.692376],[90.44025,23.692341],[90.4402,23.692583],[90.44017,23.692676],[90.440277,23.692705],[90.44031,23.692726],[90.440352,23.692753],[90.440476,23.692801],[90.440453,23.692876],[90.440457,23.692921],[90.440412,23.693025],[90.440389,23.693018],[90.440358,23.693078],[90.440323,23.693141],[90.440265,23.693261],[90.440202,23.693237],[90.440072,23.693443],[90.439969,23.693562],[90.439736,23.693398],[90.4396,23.693578],[90.439768,23.693682],[90.439832,23.69373],[90.439704,23.693867],[90.439686,23.693894],[90.439508,23.693807],[90.439455,23.693904],[90.43931,23.693848],[90.43925,23.693964],[90.439366,23.694013],[90.439279,23.694168],[90.439107,23.694089],[90.439066,23.694088],[90.438871,23.694011],[90.438865,23.694022],[90.438787,23.693996],[90.438753,23.694096],[90.43845,23.694027],[90.43844,23.694093],[90.43855,23.694147],[90.438477,23.694294],[90.438345,23.694243],[90.438325,23.694248],[90.438097,23.694193],[90.438071,23.694205],[90.438039,23.694309],[90.4378,23.694254],[90.437772,23.694231],[90.437633,23.694204],[90.437606,23.694408],[90.437486,23.694787],[90.437436,23.694788],[90.437396,23.694803],[90.437378,23.694847],[90.437293,23.695115],[90.437168,23.695431],[90.437069,23.695787],[90.436792,23.695743],[90.436571,23.69571],[90.4365,23.695686],[90.436542,23.695511],[90.436317,23.695457],[90.43632,23.69543],[90.436236,23.695416],[90.436178,23.69541],[90.436159,23.695588],[90.436064,23.695564],[90.435932,23.695565],[90.435627,23.695616],[90.435453,23.694995],[90.435195,23.694387],[90.434974,23.694039],[90.434782,23.693836],[90.434713,23.693761],[90.434576,23.693611],[90.434409,23.69345],[90.434445,23.693411],[90.435125,23.692675],[90.43626,23.69144],[90.436763,23.690887],[90.437303,23.6903],[90.437352,23.690339],[90.437435,23.690458],[90.437398,23.690503],[90.437482,23.690565],[90.437571,23.69047],[90.437606,23.690465],[90.437649,23.690414],[90.437914,23.690468],[90.437909,23.69049],[90.437954,23.690509],[90.437993,23.690517],[90.438004,23.690466],[90.438031,23.69047],[90.438037,23.690445],[90.438216,23.690501],[90.438372,23.690519],[90.438472,23.690525],[90.43856,23.69056],[90.438569,23.69054],[90.438614,23.690533],[90.438697,23.690549],[90.438749,23.690299],[90.438805,23.690078],[90.438844,23.689891],[90.438852,23.689756],[90.438892,23.68964],[90.438921,23.689646],[90.439003,23.689419],[90.439043,23.68943],[90.4391,23.689237],[90.43909,23.6892],[90.439104,23.68912],[90.439156,23.688947],[90.43917,23.688955],[90.439493,23.689031],[90.439628,23.689053],[90.439854,23.68908],[90.439998,23.689097],[90.440051,23.688984],[90.440069,23.688925],[90.44006,23.688908],[90.440076,23.688825],[90.440103,23.688716],[90.440185,23.688729],[90.440468,23.688761],[90.440722,23.688759],[90.440732,23.688559],[90.440827,23.688559],[90.441,23.68856],[90.441006,23.688357],[90.440997,23.688157],[90.441249,23.688144],[90.441605,23.688154],[90.441851,23.688185],[90.442145,23.688184],[90.442612,23.688201],[90.443008,23.688184],[90.443346,23.688189],[90.443351,23.688127],[90.443385,23.687938],[90.443448,23.68738],[90.443444,23.687075],[90.443426,23.686645],[90.443697,23.686651],[90.443938,23.686646],[90.444245,23.68662],[90.444345,23.686604],[90.444533,23.686553],[90.444558,23.686639],[90.444627,23.686626],[90.444637,23.686692],[90.444615,23.686791],[90.444625,23.686898],[90.444834,23.686883],[90.444833,23.68685],[90.44492,23.686847],[90.445036,23.686832],[90.445043,23.686803],[90.445306,23.686891],[90.445557,23.686945],[90.445786,23.687011],[90.446101,23.687117],[90.447022,23.687321],[90.447058,23.687535],[90.447137,23.687726],[90.44731,23.687685],[90.447321,23.688117],[90.447732,23.688133],[90.448087,23.688132],[90.448357,23.688133],[90.44836,23.688236],[90.448444,23.6888],[90.448473,23.688797],[90.448499,23.68891],[90.448531,23.689191],[90.448734,23.689177],[90.448769,23.689397],[90.448805,23.689573],[90.44908,23.68951],[90.449141,23.68996],[90.449313,23.689963],[90.449352,23.690351],[90.449372,23.690612],[90.448919,23.69065],[90.448913,23.690426],[90.448931,23.690149],[90.448913,23.690061],[90.448284,23.69007],[90.44829,23.690164],[90.448145,23.690173],[90.447812,23.69021],[90.447794,23.690091],[90.447746,23.689884],[90.447603,23.689891],[90.447318,23.689935],[90.447182,23.689951],[90.44683,23.689951],[90.446828,23.690327],[90.446807,23.690441],[90.446745,23.690621],[90.446696,23.691012],[90.446652,23.691329],[90.446564,23.691637],[90.446487,23.69186],[90.446417,23.691869],[90.446342,23.692038],[90.446278,23.692259],[90.446202,23.69245],[90.44618,23.69245],[90.44616,23.6925],[90.446132,23.692556],[90.44609,23.692683],[90.446078,23.692794],[90.446054,23.692852],[90.446018,23.693124],[90.44603,23.693155],[90.446072,23.693192],[90.446042,23.693358],[90.445928,23.693681],[90.445621,23.693668],[90.445389,23.69367],[90.445385,23.693233],[90.444886,23.693251],[90.444838,23.692905],[90.444822,23.692623],[90.444645,23.692631],[90.444327,23.692626],[90.443814,23.692662],[90.443274,23.692673],[90.443266,23.692948],[90.442942,23.692775],[90.442846,23.692751],[90.442775,23.692707],[90.442425,23.692532]]]},"properties":{"city_corp":"DSCC","ward_no":53,"zone":"Zone no - 5","dghs_ward_id":50553}},{"type":"Feature","geometry":{"type":"Polygon","coordinates":[[[90.435744,23.698087],[90.435048,23.698088],[90.435047,23.697819],[90.434751,23.697831],[90.434773,23.698397],[90.434839,23.698627],[90.434228,23.698684],[90.434164,23.699013],[90.434052,23.699004],[90.43367,23.698977],[90.432724,23.699078],[90.432724,23.699182],[90.43246,23.699185],[90.432416,23.699529],[90.432295,23.699512],[90.432256,23.699716],[90.432114,23.699677],[90.432165,23.699475],[90.431965,23.699445],[90.431914,23.699622],[90.431873,23.699615],[90.431789,23.700048],[90.431782,23.700143],[90.431542,23.700134],[90.431564,23.699882],[90.431591,23.699549],[90.431122,23.699506],[90.430811,23.700109],[90.4305,23.699995],[90.430525,23.699928],[90.430514,23.699916],[90.430248,23.699797],[90.430874,23.698692],[90.430693,23.698612],[90.430745,23.698511],[90.430485,23.698396],[90.430365,23.698316],[90.430217,23.698339],[90.430154,23.698299],[90.430158,23.697924],[90.430114,23.697796],[90.429664,23.697815],[90.429412,23.69778],[90.428908,23.697833],[90.428824,23.697832],[90.42881,23.697503],[90.428288,23.697476],[90.428289,23.697131],[90.427878,23.69712],[90.427772,23.697117],[90.427543,23.697141],[90.427501,23.696966],[90.427438,23.696758],[90.427429,23.696678],[90.427402,23.696607],[90.427262,23.69615],[90.427033,23.696223],[90.427009,23.696265],[90.426799,23.696219],[90.426386,23.696082],[90.426073,23.695969],[90.425909,23.695864],[90.425597,23.695645],[90.425518,23.695603],[90.424506,23.695306],[90.424817,23.695009],[90.425089,23.694685],[90.425186,23.694554],[90.425228,23.694471],[90.425438,23.694191],[90.426197,23.693423],[90.426533,23.693266],[90.426668,23.693256],[90.426964,23.693215],[90.427355,23.6932],[90.42757,23.693191],[90.427586,23.692259],[90.427679,23.691804],[90.427775,23.691501],[90.427809,23.691276],[90.4278,23.690968],[90.427775,23.690879],[90.427589,23.690661],[90.427505,23.690557],[90.427432,23.690463],[90.427602,23.690406],[90.427892,23.690363],[90.427687,23.690098],[90.42806,23.689811],[90.428285,23.690161],[90.428425,23.690173],[90.42892,23.69003],[90.429176,23.690042],[90.429176,23.689918],[90.429316,23.689917],[90.42953,23.690099],[90.429435,23.690303],[90.429531,23.690378],[90.43027,23.690966],[90.430784,23.690413],[90.431391,23.689839],[90.431924,23.689358],[90.4321,23.689516],[90.432276,23.68946],[90.432513,23.689337],[90.4328,23.689342],[90.433425,23.689301],[90.433891,23.689218],[90.433929,23.689235],[90.434547,23.689201],[90.434546,23.688976],[90.435087,23.688983],[90.435048,23.688449],[90.435567,23.688407],[90.43556,23.687994],[90.435928,23.687993],[90.435931,23.687927],[90.436046,23.68792],[90.436062,23.687783],[90.436163,23.687776],[90.436194,23.687541],[90.436375,23.687541],[90.436578,23.687578],[90.436858,23.687587],[90.436859,23.687687],[90.43718,23.687705],[90.437193,23.688059],[90.437385,23.688034],[90.437756,23.688041],[90.437709,23.688406],[90.437666,23.688407],[90.437654,23.688503],[90.437661,23.688665],[90.437676,23.688801],[90.437713,23.688803],[90.437731,23.688832],[90.437749,23.688899],[90.437751,23.688966],[90.437721,23.688968],[90.437696,23.689224],[90.437673,23.689331],[90.437683,23.68938],[90.437622,23.689453],[90.437584,23.689518],[90.43735,23.689756],[90.43729,23.689831],[90.437436,23.689939],[90.437197,23.690217],[90.437303,23.6903],[90.436763,23.690887],[90.43626,23.69144],[90.435125,23.692675],[90.434445,23.693411],[90.434409,23.69345],[90.434576,23.693611],[90.434713,23.693761],[90.434782,23.693836],[90.434974,23.694039],[90.435195,23.694387],[90.435453,23.694995],[90.435627,23.695616],[90.43572,23.696053],[90.435817,23.696799],[90.435832,23.697106],[90.435744,23.698087]]]},"properties":{"city_corp":"DSCC","ward_no":54,"zone":"Zone no - 5","dghs_ward_id":50554}},{"type":"Feature","geometry":{"type":"Polygon","coordinates":[[[90.366313,23.724581],[90.365751,23.724822],[90.365443,23.724621],[90.364593,23.724699],[90.36348,23.724935],[90.36288,23.725063],[90.362952,23.725378],[90.362859,23.725463],[90.362216,23.725742],[90.361431,23.72612],[90.361288,23.726213],[90.360946,23.726298],[90.360995,23.726432],[90.360918,23.726458],[90.360824,23.72649],[90.360738,23.726623],[90.360529,23.726728],[90.360453,23.727242],[90.360338,23.727746],[90.360281,23.728146],[90.360148,23.728213],[90.360139,23.728641],[90.360015,23.728708],[90.359977,23.729155],[90.358968,23.729174],[90.358949,23.729384],[90.358806,23.729517],[90.358587,23.729774],[90.358206,23.729936],[90.357606,23.729625],[90.357784,23.729387],[90.357885,23.729083],[90.358117,23.728137],[90.358391,23.728155],[90.358397,23.727893],[90.358319,23.727888],[90.358319,23.727751],[90.358105,23.727727],[90.358123,23.727537],[90.35823,23.727441],[90.358284,23.72734],[90.358385,23.726876],[90.358438,23.726793],[90.35845,23.726537],[90.358611,23.726484],[90.358778,23.726008],[90.358885,23.72552],[90.359093,23.725145],[90.359188,23.724753],[90.359426,23.723688],[90.359509,23.723444],[90.359563,23.723081],[90.359652,23.72273],[90.359634,23.722427],[90.359694,23.722236],[90.359819,23.722105],[90.35986,23.721981],[90.359801,23.72176],[90.359979,23.721231],[90.359955,23.721035],[90.360068,23.720856],[90.36017,23.720648],[90.360122,23.720398],[90.360205,23.720006],[90.360312,23.719672],[90.360532,23.719286],[90.360544,23.719072],[90.360633,23.718893],[90.360628,23.718637],[90.360705,23.718483],[90.360723,23.718322],[90.360711,23.717983],[90.360651,23.717793],[90.360669,23.717703],[90.360645,23.717454],[90.360622,23.717317],[90.360633,23.717138],[90.360711,23.716752],[90.360675,23.716579],[90.360639,23.716472],[90.360616,23.716371],[90.36061,23.716252],[90.360782,23.716079],[90.360812,23.715978],[90.360794,23.71583],[90.360812,23.715663],[90.360913,23.71555],[90.36105,23.715068],[90.361109,23.714908],[90.361169,23.714789],[90.361151,23.714598],[90.361187,23.714455],[90.361389,23.713997],[90.361871,23.713165],[90.362632,23.711862],[90.362852,23.71157],[90.363007,23.711428],[90.36309,23.711356],[90.363144,23.711225],[90.363233,23.710892],[90.363406,23.710625],[90.363465,23.710565],[90.363715,23.710458],[90.364006,23.710458],[90.364161,23.710428],[90.364292,23.710321],[90.364363,23.710226],[90.364381,23.710077],[90.364518,23.710036],[90.364607,23.710042],[90.364701,23.710042],[90.364924,23.710536],[90.366751,23.713068],[90.366904,23.713011],[90.367989,23.714229],[90.368465,23.714991],[90.368807,23.715448],[90.369607,23.71659],[90.370387,23.716323],[90.371244,23.715943],[90.371605,23.715847],[90.371834,23.715752],[90.372272,23.715486],[90.372462,23.715391],[90.372576,23.715448],[90.372786,23.716114],[90.3721,23.716228],[90.370996,23.716552],[90.369759,23.717009],[90.369987,23.717408],[90.370235,23.717389],[90.370539,23.718113],[90.370768,23.719083],[90.368979,23.719597],[90.368864,23.719274],[90.368474,23.719331],[90.36776,23.719474],[90.367332,23.719602],[90.367215,23.719631],[90.367619,23.720817],[90.367833,23.72165],[90.367975,23.722233],[90.368249,23.723065],[90.368519,23.723895],[90.368291,23.724024],[90.3681,23.724084],[90.367605,23.724238],[90.367045,23.724392],[90.366964,23.724412],[90.366943,23.724419],[90.366839,23.724446],[90.366313,23.724581]]]},"properties":{"city_corp":"DSCC","ward_no":55,"zone":"Zone no - 3","dghs_ward_id":50355}},{"type":"Feature","geometry":{"type":"Polygon","coordinates":[[[90.368519,23.723895],[90.368249,23.723065],[90.367975,23.722233],[90.367833,23.72165],[90.367619,23.720817],[90.367215,23.719631],[90.367332,23.719602],[90.36776,23.719474],[90.368474,23.719331],[90.368864,23.719274],[90.368979,23.719597],[90.370768,23.719083],[90.370539,23.718113],[90.370235,23.717389],[90.369987,23.717408],[90.369759,23.717009],[90.370996,23.716552],[90.3721,23.716228],[90.372786,23.716114],[90.372576,23.715448],[90.372462,23.715391],[90.372272,23.715486],[90.371834,23.715752],[90.371605,23.715847],[90.371244,23.715943],[90.370387,23.716323],[90.369607,23.71659],[90.368807,23.715448],[90.368465,23.714991],[90.367989,23.714229],[90.366904,23.713011],[90.366751,23.713068],[90.364924,23.710536],[90.364701,23.710042],[90.364809,23.710042],[90.365089,23.710012],[90.365386,23.70978],[90.365636,23.709685],[90.36591,23.709589],[90.366047,23.709286],[90.366195,23.709125],[90.366439,23.709001],[90.367695,23.708673],[90.368644,23.708423],[90.368669,23.708646],[90.36905,23.709626],[90.369488,23.710578],[90.370487,23.712025],[90.371515,23.713567],[90.372724,23.713167],[90.373828,23.712634],[90.373952,23.712463],[90.374685,23.712129],[90.375436,23.711882],[90.37654,23.711596],[90.377159,23.711444],[90.377283,23.711673],[90.37733,23.71212],[90.377549,23.712158],[90.378044,23.712129],[90.37832,23.712139],[90.378416,23.712215],[90.378416,23.71232],[90.378768,23.712396],[90.378891,23.712444],[90.378558,23.713129],[90.37832,23.713557],[90.37813,23.713862],[90.378054,23.714033],[90.37832,23.71428],[90.378396,23.714499],[90.378615,23.714737],[90.378901,23.714909],[90.378987,23.71508],[90.379573,23.715255],[90.379466,23.715481],[90.379311,23.715951],[90.379168,23.7166],[90.379043,23.71698],[90.37903,23.717205],[90.379021,23.71734],[90.37902,23.717363],[90.379015,23.717448],[90.378948,23.717653],[90.378772,23.7182],[90.378577,23.718447],[90.378472,23.718566],[90.37831,23.718899],[90.378213,23.719165],[90.378177,23.719261],[90.378145,23.719377],[90.37811,23.719582],[90.378058,23.719939],[90.378024,23.720001],[90.377763,23.720244],[90.377516,23.720373],[90.377027,23.720627],[90.376663,23.720815],[90.376035,23.7212],[90.375397,23.721619],[90.375217,23.721757],[90.375039,23.722019],[90.374936,23.722114],[90.37475,23.722235],[90.374669,23.722262],[90.374517,23.722381],[90.374372,23.72249],[90.374273,23.722549],[90.373949,23.722706],[90.37383,23.722739],[90.373559,23.722749],[90.373073,23.722773],[90.372707,23.722835],[90.372231,23.72283],[90.372112,23.722833],[90.371995,23.722835],[90.371824,23.72286],[90.371674,23.722882],[90.371365,23.722915],[90.371184,23.722906],[90.37096,23.722955],[90.370941,23.722959],[90.370879,23.722975],[90.370508,23.723068],[90.370123,23.723191],[90.370004,23.72323],[90.369972,23.72324],[90.369852,23.72328],[90.36971,23.723327],[90.369485,23.723401],[90.369371,23.723434],[90.369306,23.723452],[90.369086,23.723516],[90.368833,23.723706],[90.368771,23.723753],[90.368519,23.723895]]]},"properties":{"city_corp":"DSCC","ward_no":56,"zone":"Zone no - 3","dghs_ward_id":50356}},{"type":"Feature","geometry":{"type":"Polygon","coordinates":[[[90.368644,23.708423],[90.368956,23.70834],[90.369206,23.708197],[90.369568,23.708108],[90.369884,23.708096],[90.370015,23.70812],[90.370348,23.708192],[90.370574,23.708197],[90.370871,23.70815],[90.371674,23.70815],[90.372983,23.708197],[90.374767,23.708322],[90.377337,23.708376],[90.378569,23.708382],[90.379604,23.708281],[90.380627,23.708394],[90.380871,23.708489],[90.381537,23.708489],[90.381948,23.708489],[90.382994,23.708632],[90.383203,23.708709],[90.384803,23.708882],[90.386242,23.709078],[90.386623,23.709102],[90.38726,23.709274],[90.388319,23.70953],[90.389122,23.709661],[90.389431,23.709768],[90.390266,23.709973],[90.390377,23.71],[90.39049,23.710053],[90.390563,23.710449],[90.390563,23.711086],[90.39062,23.711457],[90.390686,23.711691],[90.39046,23.71189],[90.390409,23.711994],[90.390415,23.712049],[90.390385,23.712059],[90.390362,23.711997],[90.390356,23.711968],[90.390314,23.711822],[90.390269,23.711762],[90.390201,23.711733],[90.390147,23.711739],[90.390067,23.711753],[90.390008,23.711816],[90.38988,23.711869],[90.389677,23.711923],[90.38952,23.711929],[90.389497,23.711924],[90.389386,23.711899],[90.389041,23.711803],[90.388836,23.711832],[90.388471,23.711832],[90.388402,23.711818],[90.388175,23.711665],[90.387999,23.711623],[90.387761,23.711656],[90.387523,23.711799],[90.387375,23.711932],[90.387347,23.712046],[90.387275,23.712151],[90.386985,23.712236],[90.386752,23.712341],[90.386509,23.712589],[90.386366,23.712725],[90.386233,23.71285],[90.386067,23.712936],[90.385829,23.712946],[90.3856,23.712907],[90.3852,23.712741],[90.385009,23.712735],[90.384875,23.712751],[90.384853,23.712754],[90.384538,23.712847],[90.384441,23.712895],[90.384436,23.712898],[90.384038,23.713097],[90.383601,23.713271],[90.38341,23.713347],[90.383112,23.71346],[90.383017,23.713524],[90.38269,23.713732],[90.382398,23.713786],[90.382226,23.713887],[90.381863,23.714161],[90.381643,23.714161],[90.381209,23.714191],[90.381,23.71425],[90.380691,23.714476],[90.379977,23.714833],[90.37971,23.715059],[90.379573,23.715255],[90.378987,23.71508],[90.378901,23.714909],[90.378615,23.714737],[90.378396,23.714499],[90.37832,23.71428],[90.378054,23.714033],[90.37813,23.713862],[90.37832,23.713557],[90.378558,23.713129],[90.378891,23.712444],[90.378768,23.712396],[90.378416,23.71232],[90.378416,23.712215],[90.37832,23.712139],[90.378044,23.712129],[90.377549,23.712158],[90.37733,23.71212],[90.377283,23.711673],[90.377159,23.711444],[90.37654,23.711596],[90.375436,23.711882],[90.374685,23.712129],[90.373952,23.712463],[90.373828,23.712634],[90.372724,23.713167],[90.371515,23.713567],[90.370487,23.712025],[90.369488,23.710578],[90.36905,23.709626],[90.368669,23.708646],[90.368644,23.708423]]]},"properties":{"city_corp":"DSCC","ward_no":57,"zone":"Zone no - 3","dghs_ward_id":50357}},{"type":"Feature","geometry":{"type":"Polygon","coordinates":[[[90.453367,23.688229],[90.452439,23.688122],[90.451476,23.688015],[90.45069,23.687872],[90.449905,23.687765],[90.449227,23.687765],[90.448442,23.687622],[90.447022,23.687321],[90.446101,23.687117],[90.445786,23.687011],[90.445557,23.686945],[90.445306,23.686891],[90.445043,23.686803],[90.445036,23.686832],[90.44492,23.686847],[90.444833,23.68685],[90.444834,23.686883],[90.444625,23.686898],[90.444615,23.686791],[90.444637,23.686692],[90.444627,23.686626],[90.444558,23.686639],[90.444533,23.686553],[90.444345,23.686604],[90.444245,23.68662],[90.443938,23.686646],[90.443697,23.686651],[90.443426,23.686645],[90.443444,23.687075],[90.443448,23.68738],[90.443385,23.687938],[90.443351,23.688127],[90.443346,23.688189],[90.443008,23.688184],[90.442612,23.688201],[90.442145,23.688184],[90.441851,23.688185],[90.441605,23.688154],[90.441249,23.688144],[90.440997,23.688157],[90.441006,23.688357],[90.441,23.68856],[90.440827,23.688559],[90.440732,23.688559],[90.440722,23.688759],[90.440468,23.688761],[90.440185,23.688729],[90.440103,23.688716],[90.440076,23.688825],[90.44006,23.688908],[90.440069,23.688925],[90.440051,23.688984],[90.439998,23.689097],[90.439854,23.68908],[90.439628,23.689053],[90.439493,23.689031],[90.43917,23.688955],[90.439156,23.688947],[90.439104,23.68912],[90.43909,23.6892],[90.4391,23.689237],[90.439043,23.68943],[90.439003,23.689419],[90.438921,23.689646],[90.438892,23.68964],[90.438852,23.689756],[90.438844,23.689891],[90.438805,23.690078],[90.438749,23.690299],[90.438697,23.690549],[90.438614,23.690533],[90.438569,23.69054],[90.43856,23.69056],[90.438472,23.690525],[90.438372,23.690519],[90.438216,23.690501],[90.438037,23.690445],[90.438031,23.69047],[90.438004,23.690466],[90.437993,23.690517],[90.437954,23.690509],[90.437909,23.69049],[90.437914,23.690468],[90.437649,23.690414],[90.437606,23.690465],[90.437571,23.69047],[90.437482,23.690565],[90.437398,23.690503],[90.437435,23.690458],[90.437352,23.690339],[90.437303,23.6903],[90.437197,23.690217],[90.437436,23.689939],[90.43729,23.689831],[90.43735,23.689756],[90.437584,23.689518],[90.437622,23.689453],[90.437683,23.68938],[90.437673,23.689331],[90.437696,23.689224],[90.437721,23.688968],[90.437751,23.688966],[90.437749,23.688899],[90.437731,23.688832],[90.437713,23.688803],[90.437676,23.688801],[90.437661,23.688665],[90.437654,23.688503],[90.437666,23.688407],[90.437709,23.688406],[90.437756,23.688041],[90.437385,23.688034],[90.437193,23.688059],[90.43718,23.687705],[90.436859,23.687687],[90.436858,23.687587],[90.436578,23.687578],[90.436375,23.687541],[90.436194,23.687541],[90.436163,23.687776],[90.436062,23.687783],[90.436046,23.68792],[90.435931,23.687927],[90.435928,23.687993],[90.43556,23.687994],[90.435567,23.688407],[90.435048,23.688449],[90.435087,23.688983],[90.434546,23.688976],[90.434547,23.689201],[90.433929,23.689235],[90.433891,23.689218],[90.433425,23.689301],[90.4328,23.689342],[90.432513,23.689337],[90.432276,23.68946],[90.4321,23.689516],[90.431924,23.689358],[90.431586,23.689663],[90.431391,23.689839],[90.430784,23.690413],[90.43027,23.690966],[90.429885,23.69066],[90.429793,23.690587],[90.4296,23.690433],[90.429531,23.690378],[90.429435,23.690303],[90.42953,23.690099],[90.429316,23.689917],[90.429276,23.689917],[90.429176,23.689918],[90.429176,23.690042],[90.42892,23.69003],[90.428425,23.690173],[90.428285,23.690161],[90.42806,23.689811],[90.427849,23.689973],[90.427687,23.690098],[90.427249,23.690339],[90.426992,23.690132],[90.426871,23.690032],[90.426386,23.689597],[90.426358,23.689567],[90.426588,23.68931],[90.426852,23.689075],[90.426927,23.689],[90.427125,23.688834],[90.427174,23.688753],[90.427232,23.688657],[90.42733,23.688546],[90.427495,23.688446],[90.427512,23.688442],[90.427896,23.688311],[90.428091,23.688197],[90.428254,23.68801],[90.428557,23.687744],[90.428693,23.68744],[90.428947,23.687201],[90.42898,23.687164],[90.429205,23.686972],[90.429269,23.686931],[90.429514,23.686831],[90.429678,23.686773],[90.430216,23.686392],[90.430402,23.686242],[90.430512,23.686076],[90.430557,23.686019],[90.430553,23.685873],[90.430551,23.685793],[90.431009,23.685416],[90.431294,23.685383],[90.431521,23.685524],[90.431702,23.685636],[90.432213,23.685543],[90.432528,23.685481],[90.432918,23.6853],[90.43301,23.685207],[90.433362,23.684728],[90.433997,23.683876],[90.43437,23.683449],[90.434459,23.683357],[90.434599,23.683268],[90.434655,23.683182],[90.434709,23.683057],[90.434756,23.683009],[90.434991,23.682884],[90.435164,23.6827],[90.435259,23.682498],[90.435353,23.682371],[90.435494,23.682337],[90.435678,23.682185],[90.435756,23.682117],[90.435826,23.681983],[90.436005,23.681647],[90.437148,23.680877],[90.437374,23.680725],[90.437463,23.680701],[90.437678,23.680753],[90.4377,23.680758],[90.437907,23.680811],[90.438004,23.680835],[90.438162,23.680841],[90.438311,23.680805],[90.438375,23.680767],[90.438576,23.680648],[90.439184,23.680152],[90.439783,23.679494],[90.440065,23.679101],[90.440229,23.678909],[90.440293,23.678865],[90.440437,23.678765],[90.440767,23.678584],[90.441019,23.678402],[90.441086,23.678289],[90.441249,23.678176],[90.441394,23.677962],[90.44163,23.677474],[90.441705,23.677311],[90.441847,23.677123],[90.442147,23.676903],[90.442526,23.676696],[90.442695,23.676516],[90.442879,23.676275],[90.443242,23.675914],[90.445265,23.677628],[90.447942,23.679556],[90.447264,23.680341],[90.446657,23.680948],[90.447728,23.681804],[90.450048,23.683446],[90.452332,23.685159],[90.452903,23.685802],[90.452975,23.686301],[90.452297,23.686301],[90.452154,23.68698],[90.452154,23.687586],[90.45301,23.687658],[90.453367,23.688229]]]},"properties":{"city_corp":"DSCC","ward_no":58,"zone":"Zone no - 10","dghs_ward_id":51058}},{"type":"Feature","geometry":{"type":"Polygon","coordinates":[[[90.464953,23.687145],[90.465681,23.687444],[90.466002,23.688193],[90.46561,23.689121],[90.465217,23.689728],[90.464146,23.689764],[90.463254,23.689585],[90.462647,23.689799],[90.462219,23.690513],[90.461969,23.691263],[90.461648,23.691477],[90.460149,23.691298],[90.458935,23.69137],[90.458293,23.691762],[90.45765,23.692191],[90.457508,23.692548],[90.457079,23.693083],[90.457329,23.693868],[90.457329,23.694332],[90.4574,23.69476],[90.457936,23.694975],[90.457757,23.695474],[90.456829,23.695331],[90.456508,23.695117],[90.45533,23.695189],[90.455045,23.694867],[90.455009,23.694189],[90.454866,23.694047],[90.455223,23.693832],[90.455259,23.693333],[90.455045,23.692976],[90.454581,23.692726],[90.454474,23.692155],[90.454973,23.691655],[90.455295,23.691156],[90.454902,23.690335],[90.454938,23.689549],[90.455188,23.688728],[90.454831,23.688229],[90.453367,23.688229],[90.45301,23.687658],[90.452154,23.687586],[90.452154,23.68698],[90.452297,23.686301],[90.452975,23.686301],[90.452903,23.685802],[90.452332,23.685159],[90.450048,23.683446],[90.447728,23.681804],[90.446657,23.680948],[90.447264,23.680341],[90.447942,23.679556],[90.445265,23.677628],[90.443242,23.675914],[90.443492,23.675666],[90.443986,23.675115],[90.444268,23.674803],[90.444521,23.674559],[90.444964,23.674173],[90.445746,23.673429],[90.446365,23.672751],[90.446472,23.672662],[90.446597,23.672486],[90.446722,23.672236],[90.446764,23.672159],[90.446903,23.67198],[90.447326,23.671475],[90.447397,23.671392],[90.447519,23.671177],[90.447677,23.670975],[90.448066,23.670538],[90.448269,23.670312],[90.448465,23.67008],[90.448596,23.669839],[90.448667,23.669669],[90.448709,23.669512],[90.448756,23.669446],[90.448834,23.669357],[90.449072,23.669128],[90.450273,23.668013],[90.450354,23.668065],[90.451629,23.668807],[90.451008,23.669484],[90.45139,23.669686],[90.451871,23.669988],[90.451616,23.670434],[90.451986,23.670741],[90.452682,23.671631],[90.453377,23.672613],[90.453455,23.672878],[90.453413,23.673374],[90.454725,23.674365],[90.455056,23.674614],[90.455138,23.674861],[90.455049,23.675575],[90.454751,23.675724],[90.454424,23.675843],[90.454335,23.676199],[90.455049,23.676527],[90.455346,23.677032],[90.455138,23.677776],[90.454811,23.67843],[90.455019,23.678817],[90.455792,23.678966],[90.456625,23.678847],[90.457488,23.678876],[90.458529,23.679263],[90.459778,23.679412],[90.459957,23.680393],[90.459986,23.681077],[90.459897,23.681494],[90.459064,23.682297],[90.459302,23.682594],[90.460135,23.682951],[90.46073,23.683397],[90.460477,23.683864],[90.46052,23.68403],[90.460593,23.684311],[90.461117,23.68423],[90.461622,23.684647],[90.462247,23.68498],[90.462247,23.685456],[90.462217,23.685866],[90.462663,23.686044],[90.463199,23.686372],[90.463347,23.686669],[90.464121,23.686461],[90.464478,23.686461],[90.464715,23.687056],[90.464953,23.687145]]]},"properties":{"city_corp":"DSCC","ward_no":59,"zone":"Zone no - 10","dghs_ward_id":51059}},{"type":"Feature","geometry":{"type":"Polygon","coordinates":[[[90.457757,23.695474],[90.457151,23.69601],[90.456794,23.696866],[90.456651,23.697759],[90.457508,23.69783],[90.458507,23.697616],[90.458685,23.69783],[90.458543,23.698544],[90.459078,23.699186],[90.459149,23.699615],[90.459578,23.700364],[90.459007,23.700864],[90.458436,23.702149],[90.457472,23.701827],[90.456687,23.701934],[90.456544,23.701435],[90.45533,23.701221],[90.454331,23.701685],[90.453823,23.701837],[90.453776,23.70236],[90.453514,23.702741],[90.453377,23.703106],[90.453348,23.703103],[90.451597,23.703084],[90.450455,23.702912],[90.450264,23.702208],[90.448646,23.701904],[90.448818,23.70118],[90.44897,23.700552],[90.449218,23.699505],[90.449884,23.697868],[90.449903,23.697659],[90.44897,23.697221],[90.448399,23.697088],[90.448171,23.697697],[90.447523,23.697468],[90.447009,23.697316],[90.446096,23.697221],[90.445696,23.697107],[90.445582,23.697164],[90.444992,23.697107],[90.444877,23.697221],[90.443811,23.696992],[90.443431,23.697049],[90.443374,23.697278],[90.442344,23.697031],[90.442232,23.697014],[90.442157,23.696998],[90.442177,23.696835],[90.442201,23.696424],[90.442143,23.696418],[90.442186,23.695862],[90.442157,23.695862],[90.44214,23.69558],[90.442177,23.695482],[90.44215,23.695474],[90.442178,23.695217],[90.442201,23.694861],[90.442133,23.694722],[90.442133,23.69469],[90.442177,23.694691],[90.442186,23.694449],[90.44274,23.694449],[90.442813,23.694483],[90.442841,23.694484],[90.442879,23.694185],[90.442933,23.694164],[90.442954,23.69383],[90.443015,23.693835],[90.443024,23.693553],[90.443023,23.693236],[90.443002,23.692976],[90.442925,23.692973],[90.442797,23.69282],[90.442612,23.692816],[90.44261,23.692837],[90.442505,23.692834],[90.442507,23.692787],[90.442419,23.692788],[90.442422,23.69266],[90.442425,23.692532],[90.442775,23.692707],[90.442846,23.692751],[90.442942,23.692775],[90.443266,23.692948],[90.443274,23.692673],[90.443814,23.692662],[90.444327,23.692626],[90.444645,23.692631],[90.444822,23.692623],[90.444838,23.692905],[90.444886,23.693251],[90.445385,23.693233],[90.445389,23.69367],[90.445621,23.693668],[90.445928,23.693681],[90.446042,23.693358],[90.446072,23.693192],[90.44603,23.693155],[90.446018,23.693124],[90.446054,23.692852],[90.446078,23.692794],[90.44609,23.692683],[90.446132,23.692556],[90.44616,23.6925],[90.44618,23.69245],[90.446202,23.69245],[90.446278,23.692259],[90.446342,23.692038],[90.446417,23.691869],[90.446487,23.69186],[90.446564,23.691637],[90.446652,23.691329],[90.446696,23.691012],[90.446745,23.690621],[90.446807,23.690441],[90.446828,23.690327],[90.44683,23.689951],[90.447182,23.689951],[90.447318,23.689935],[90.447603,23.689891],[90.447746,23.689884],[90.447794,23.690091],[90.447812,23.69021],[90.448145,23.690173],[90.44829,23.690164],[90.448284,23.69007],[90.448913,23.690061],[90.448931,23.690149],[90.448913,23.690426],[90.448919,23.69065],[90.449372,23.690612],[90.449352,23.690351],[90.449313,23.689963],[90.449141,23.68996],[90.44908,23.68951],[90.448805,23.689573],[90.448769,23.689397],[90.448734,23.689177],[90.448531,23.689191],[90.448499,23.68891],[90.448473,23.688797],[90.448444,23.6888],[90.44836,23.688236],[90.448357,23.688133],[90.448087,23.688132],[90.447732,23.688133],[90.447321,23.688117],[90.44731,23.687685],[90.447137,23.687726],[90.447058,23.687535],[90.447022,23.687321],[90.448442,23.687622],[90.449227,23.687765],[90.449905,23.687765],[90.45069,23.687872],[90.451476,23.688015],[90.452439,23.688122],[90.453367,23.688229],[90.454831,23.688229],[90.455188,23.688728],[90.454938,23.689549],[90.454902,23.690335],[90.455295,23.691156],[90.454973,23.691655],[90.454474,23.692155],[90.454581,23.692726],[90.455045,23.692976],[90.455259,23.693333],[90.455223,23.693832],[90.454866,23.694047],[90.455009,23.694189],[90.455045,23.694867],[90.45533,23.695189],[90.456508,23.695117],[90.456829,23.695331],[90.457757,23.695474]]]},"properties":{"city_corp":"DSCC","ward_no":60,"zone":"Zone no - 10","dghs_ward_id":51060}},{"type":"Feature","geometry":{"type":"Polygon","coordinates":[[[90.450455,23.702912],[90.449374,23.703434],[90.445543,23.705099],[90.443663,23.706146],[90.441426,23.707407],[90.440046,23.707836],[90.439646,23.708079],[90.439453,23.707871],[90.439376,23.707776],[90.439205,23.707862],[90.439084,23.707671],[90.438853,23.707519],[90.438611,23.707265],[90.438452,23.706956],[90.43837,23.706681],[90.438332,23.706331],[90.438365,23.7059],[90.438419,23.705648],[90.438518,23.705375],[90.438581,23.705178],[90.438706,23.704781],[90.438831,23.704225],[90.438962,23.704021],[90.438994,23.703894],[90.438961,23.703666],[90.438915,23.703491],[90.438738,23.703254],[90.438347,23.702901],[90.438268,23.70285],[90.43805,23.70277],[90.437694,23.702592],[90.437743,23.702509],[90.437762,23.70231],[90.437806,23.702063],[90.437851,23.70194],[90.437888,23.701779],[90.437962,23.701613],[90.437997,23.701396],[90.438187,23.70086],[90.438462,23.700925],[90.438548,23.700636],[90.438562,23.700553],[90.438686,23.700585],[90.438702,23.700602],[90.438758,23.700614],[90.438761,23.700605],[90.438792,23.70047],[90.438832,23.700477],[90.438853,23.70035],[90.439027,23.700376],[90.43907,23.700347],[90.439101,23.700331],[90.439132,23.700207],[90.439162,23.700182],[90.439222,23.700016],[90.439102,23.699988],[90.439,23.699952],[90.438963,23.699947],[90.439059,23.699461],[90.439486,23.699534],[90.439533,23.69936],[90.439864,23.699424],[90.439879,23.699327],[90.440327,23.699386],[90.440536,23.699449],[90.440506,23.69957],[90.44044,23.699721],[90.440436,23.699765],[90.440446,23.699849],[90.440401,23.700053],[90.440757,23.700157],[90.441386,23.700147],[90.441405,23.699893],[90.441437,23.699852],[90.441506,23.699625],[90.441653,23.69936],[90.441709,23.699233],[90.441758,23.69913],[90.441817,23.698945],[90.441965,23.698901],[90.44204,23.698754],[90.44211,23.698675],[90.442123,23.698581],[90.442071,23.698573],[90.442092,23.698437],[90.442125,23.698302],[90.442154,23.698307],[90.442203,23.698113],[90.442267,23.697904],[90.442286,23.697696],[90.442214,23.697679],[90.442229,23.697566],[90.442159,23.697559],[90.442174,23.697421],[90.442196,23.697422],[90.44221,23.697313],[90.442326,23.697127],[90.442344,23.697031],[90.443374,23.697278],[90.443431,23.697049],[90.443811,23.696992],[90.444877,23.697221],[90.444992,23.697107],[90.445582,23.697164],[90.445696,23.697107],[90.446096,23.697221],[90.447009,23.697316],[90.447523,23.697468],[90.448171,23.697697],[90.448399,23.697088],[90.44897,23.697221],[90.449903,23.697659],[90.449884,23.697868],[90.449218,23.699505],[90.44897,23.700552],[90.448818,23.70118],[90.448646,23.701904],[90.450264,23.702208],[90.450455,23.702912]]]},"properties":{"city_corp":"DSCC","ward_no":61,"zone":"Zone no - 10","dghs_ward_id":51061}},{"type":"Feature","geometry":{"type":"Polygon","coordinates":[[[90.450455,23.702912],[90.451597,23.703084],[90.453348,23.703103],[90.454167,23.703198],[90.4547,23.703331],[90.456147,23.703503],[90.456394,23.703255],[90.45668,23.703598],[90.45706,23.703845],[90.457593,23.703997],[90.457555,23.705083],[90.457365,23.705292],[90.456984,23.706472],[90.456927,23.707024],[90.456565,23.707386],[90.456451,23.707824],[90.456089,23.70769],[90.454852,23.707462],[90.454738,23.707748],[90.453805,23.707595],[90.453602,23.708205],[90.452638,23.707914],[90.451952,23.707957],[90.451181,23.7079],[90.450867,23.708129],[90.450139,23.708386],[90.449397,23.708914],[90.448983,23.709428],[90.44854,23.709571],[90.448183,23.709985],[90.447227,23.709456],[90.446584,23.709556],[90.445956,23.709328],[90.445771,23.708685],[90.445199,23.708728],[90.4446,23.708671],[90.444257,23.708828],[90.443929,23.709299],[90.443572,23.710242],[90.442316,23.710327],[90.442059,23.710513],[90.441447,23.710398],[90.441358,23.710366],[90.440992,23.709286],[90.440687,23.708835],[90.44003,23.708307],[90.439646,23.708079],[90.440046,23.707836],[90.441426,23.707407],[90.443663,23.706146],[90.445543,23.705099],[90.449374,23.703434],[90.450455,23.702912]]]},"properties":{"city_corp":"DSCC","ward_no":62,"zone":"Zone no - 9","dghs_ward_id":50962}},{"type":"Feature","geometry":{"type":"Polygon","coordinates":[[[90.438888,23.72097],[90.438855,23.720602],[90.438817,23.720191],[90.438918,23.719762],[90.439311,23.719822],[90.439364,23.719667],[90.439043,23.719536],[90.439079,23.719274],[90.438972,23.719257],[90.439192,23.718674],[90.438698,23.718519],[90.438531,23.718317],[90.438406,23.718019],[90.438454,23.717591],[90.438594,23.717387],[90.438846,23.717368],[90.438917,23.717267],[90.438962,23.717022],[90.439317,23.717015],[90.439343,23.716872],[90.439686,23.716925],[90.439642,23.717318],[90.439997,23.717305],[90.440528,23.717227],[90.440555,23.717223],[90.440466,23.716892],[90.440396,23.71642],[90.440358,23.716065],[90.440386,23.715693],[90.440375,23.715264],[90.440414,23.715098],[90.440403,23.714678],[90.440488,23.714123],[90.440752,23.713282],[90.440969,23.712647],[90.441214,23.711922],[90.441304,23.711345],[90.441351,23.710977],[90.441419,23.710805],[90.441456,23.710554],[90.441447,23.710398],[90.442059,23.710513],[90.442316,23.710327],[90.443572,23.710242],[90.443929,23.709299],[90.444257,23.708828],[90.4446,23.708671],[90.445199,23.708728],[90.445771,23.708685],[90.445956,23.709328],[90.446584,23.709556],[90.447227,23.709456],[90.448183,23.709985],[90.44854,23.709571],[90.448983,23.709428],[90.449397,23.708914],[90.450139,23.708386],[90.450867,23.708129],[90.451181,23.7079],[90.451952,23.707957],[90.452638,23.707914],[90.454294,23.708414],[90.456235,23.709085],[90.457677,23.709542],[90.459605,23.710284],[90.460476,23.71037],[90.461132,23.710427],[90.461903,23.710684],[90.463017,23.711027],[90.462243,23.713879],[90.461172,23.717806],[90.460637,23.719709],[90.459506,23.724409],[90.458792,23.727502],[90.458495,23.728632],[90.458138,23.728989],[90.4579,23.730357],[90.457543,23.730893],[90.457246,23.731963],[90.457022,23.732785],[90.456614,23.73276],[90.455573,23.732671],[90.454918,23.732076],[90.453877,23.731719],[90.453104,23.731273],[90.452212,23.730886],[90.451706,23.730292],[90.450873,23.730113],[90.450345,23.729614],[90.449691,23.729376],[90.449245,23.729703],[90.448739,23.729524],[90.448234,23.729405],[90.447906,23.729257],[90.447877,23.728751],[90.447222,23.728781],[90.447193,23.726907],[90.44752,23.72661],[90.44749,23.725985],[90.447312,23.725836],[90.447341,23.725598],[90.448293,23.72539],[90.448382,23.725271],[90.448293,23.724765],[90.448323,23.724498],[90.449602,23.724527],[90.44981,23.72426],[90.449453,23.723873],[90.449334,23.723605],[90.449156,23.723427],[90.448561,23.723278],[90.448174,23.723159],[90.447996,23.722892],[90.44755,23.722743],[90.446925,23.722564],[90.445497,23.722624],[90.445378,23.722951],[90.444694,23.723278],[90.444516,23.723367],[90.444099,23.722921],[90.443475,23.722683],[90.442701,23.722326],[90.442344,23.721999],[90.442255,23.721553],[90.442255,23.720869],[90.441839,23.72075],[90.440679,23.720929],[90.439816,23.72081],[90.438888,23.72097]]]},"properties":{"city_corp":"DSCC","ward_no":63,"zone":"Zone no - 9","dghs_ward_id":50963}},{"type":"Feature","geometry":{"type":"Polygon","coordinates":[[[90.463017,23.711027],[90.46463,23.711355],[90.466001,23.711684],[90.467086,23.711983],[90.468071,23.712212],[90.468927,23.712469],[90.469841,23.712469],[90.469984,23.711912],[90.471454,23.712226],[90.47341,23.712469],[90.47331,23.713782],[90.473881,23.713968],[90.474552,23.713911],[90.474695,23.71451],[90.475495,23.714468],[90.477151,23.714468],[90.47698,23.715253],[90.478264,23.715495],[90.478721,23.715396],[90.478935,23.714882],[90.479221,23.714653],[90.480092,23.714739],[90.481091,23.714953],[90.481605,23.715196],[90.481745,23.715308],[90.481152,23.718127],[90.480289,23.718008],[90.477969,23.71771],[90.477523,23.717889],[90.47669,23.718097],[90.474787,23.717978],[90.474519,23.71887],[90.474341,23.719941],[90.4744,23.720922],[90.474579,23.722082],[90.474995,23.724224],[90.474995,23.725473],[90.474698,23.726038],[90.474192,23.726128],[90.471456,23.726544],[90.470385,23.726871],[90.469165,23.727674],[90.467678,23.729072],[90.466905,23.730143],[90.466875,23.730827],[90.46628,23.731273],[90.465626,23.73282],[90.465685,23.73392],[90.46402,23.73395],[90.462086,23.733593],[90.461194,23.732939],[90.459618,23.732939],[90.457022,23.732785],[90.457246,23.731963],[90.457543,23.730893],[90.4579,23.730357],[90.458138,23.728989],[90.458495,23.728632],[90.458792,23.727502],[90.459506,23.724409],[90.460637,23.719709],[90.461172,23.717806],[90.462243,23.713879],[90.463017,23.711027]]]},"properties":{"city_corp":"DSCC","ward_no":64,"zone":"Zone no - 9","dghs_ward_id":50964}},{"type":"Feature","geometry":{"type":"Polygon","coordinates":[[[90.47341,23.712469],[90.471454,23.712226],[90.469984,23.711912],[90.469841,23.712469],[90.468927,23.712469],[90.468071,23.712212],[90.467086,23.711983],[90.466001,23.711684],[90.46463,23.711355],[90.463017,23.711027],[90.461903,23.710684],[90.461132,23.710427],[90.460476,23.71037],[90.459605,23.710284],[90.457677,23.709542],[90.456235,23.709085],[90.454294,23.708414],[90.453602,23.708205],[90.453805,23.707595],[90.454738,23.707748],[90.454852,23.707462],[90.456089,23.70769],[90.456451,23.707824],[90.456565,23.707386],[90.456927,23.707024],[90.456984,23.706472],[90.457365,23.705292],[90.457555,23.705083],[90.457593,23.703997],[90.45706,23.703845],[90.45668,23.703598],[90.456394,23.703255],[90.456147,23.703503],[90.4547,23.703331],[90.454167,23.703198],[90.453377,23.703106],[90.453514,23.702741],[90.453776,23.70236],[90.453823,23.701837],[90.454331,23.701685],[90.45533,23.701221],[90.456544,23.701435],[90.456687,23.701934],[90.457472,23.701827],[90.458436,23.702149],[90.459007,23.700864],[90.459578,23.700364],[90.459149,23.699615],[90.459078,23.699186],[90.458543,23.698544],[90.458685,23.69783],[90.458507,23.697616],[90.457508,23.69783],[90.456651,23.697759],[90.456794,23.696866],[90.457151,23.69601],[90.457757,23.695474],[90.457936,23.694975],[90.4574,23.69476],[90.457329,23.694332],[90.457329,23.693868],[90.457079,23.693083],[90.457508,23.692548],[90.45765,23.692191],[90.458293,23.691762],[90.458935,23.69137],[90.460149,23.691298],[90.461648,23.691477],[90.461969,23.691263],[90.462219,23.690513],[90.462647,23.689799],[90.463254,23.689585],[90.464146,23.689764],[90.465217,23.689728],[90.46561,23.689121],[90.466002,23.688193],[90.465681,23.687444],[90.464953,23.687145],[90.465281,23.686699],[90.465447,23.68639],[90.465341,23.68571],[90.465848,23.685683],[90.465731,23.685145],[90.465905,23.685093],[90.465769,23.684216],[90.465697,23.683814],[90.465846,23.683576],[90.465965,23.683427],[90.466203,23.683338],[90.466316,23.683678],[90.466854,23.683645],[90.467244,23.684111],[90.46766,23.684438],[90.467601,23.685271],[90.467511,23.686639],[90.468404,23.68661],[90.468493,23.686877],[90.468671,23.686877],[90.468671,23.687204],[90.469088,23.687234],[90.469177,23.686788],[90.469177,23.686282],[90.46888,23.686193],[90.468939,23.685598],[90.46888,23.684825],[90.469002,23.684546],[90.468977,23.68413],[90.469511,23.684005],[90.469671,23.683968],[90.470158,23.683992],[90.470634,23.683992],[90.470843,23.68429],[90.471021,23.684706],[90.471081,23.685152],[90.471318,23.68536],[90.471385,23.685684],[90.471409,23.686124],[90.471599,23.686552],[90.471675,23.687294],[90.472356,23.687223],[90.472383,23.687366],[90.472436,23.687636],[90.472504,23.687987],[90.472658,23.688527],[90.472816,23.689041],[90.473966,23.688632],[90.47463,23.688318],[90.475001,23.688424],[90.475301,23.688795],[90.475783,23.690291],[90.47581,23.690417],[90.475899,23.690565],[90.476137,23.690655],[90.476286,23.690952],[90.477356,23.690922],[90.477594,23.691904],[90.477565,23.692529],[90.477505,23.692766],[90.47773,23.692926],[90.477655,23.693084],[90.477641,23.693412],[90.477384,23.693584],[90.477355,23.694526],[90.47734,23.694766],[90.476822,23.694832],[90.476157,23.694891],[90.476142,23.695125],[90.476126,23.695474],[90.477031,23.695456],[90.477346,23.695444],[90.47759,23.695346],[90.478546,23.697926],[90.47925,23.697877],[90.47973,23.697917],[90.479797,23.697724],[90.479925,23.697453],[90.481353,23.698124],[90.48171,23.697867],[90.481995,23.697338],[90.482224,23.697381],[90.482024,23.698438],[90.481696,23.699066],[90.481796,23.699423],[90.482252,23.699537],[90.481396,23.700879],[90.480254,23.700508],[90.479696,23.700497],[90.47938,23.700394],[90.477994,23.700138],[90.476507,23.700013],[90.475972,23.700037],[90.475103,23.700055],[90.474758,23.700078],[90.474771,23.700308],[90.474729,23.701079],[90.472701,23.700993],[90.472787,23.70155],[90.472987,23.701836],[90.472972,23.703363],[90.473401,23.70352],[90.473472,23.704991],[90.473515,23.70589],[90.473172,23.706047],[90.473244,23.706618],[90.473544,23.706775],[90.473701,23.707603],[90.474029,23.707603],[90.474015,23.708331],[90.473501,23.708374],[90.473529,23.708588],[90.473715,23.708731],[90.473658,23.709231],[90.473458,23.709302],[90.473429,23.709888],[90.473786,23.709888],[90.473886,23.709331],[90.474629,23.709559],[90.474571,23.70993],[90.474315,23.71003],[90.474329,23.710773],[90.473772,23.71073],[90.473758,23.710316],[90.473629,23.71023],[90.473387,23.71013],[90.473287,23.711344],[90.473458,23.711572],[90.47341,23.712469]]]},"properties":{"city_corp":"DSCC","ward_no":65,"zone":"Zone no - 9","dghs_ward_id":50965}},{"type":"Feature","geometry":{"type":"Polygon","coordinates":[[[90.477355,23.694526],[90.477384,23.693584],[90.477641,23.693412],[90.477655,23.693084],[90.47773,23.692926],[90.47784,23.693004],[90.478771,23.693086],[90.479789,23.693115],[90.48029,23.69377],[90.480561,23.694006],[90.481045,23.694124],[90.48161,23.694521],[90.482502,23.694938],[90.483573,23.695235],[90.484822,23.695265],[90.485357,23.695414],[90.485744,23.695533],[90.486279,23.695622],[90.486755,23.696246],[90.487053,23.696901],[90.487796,23.696901],[90.488242,23.696782],[90.488718,23.696782],[90.489045,23.697287],[90.489164,23.697704],[90.489343,23.698418],[90.4897,23.698418],[90.489878,23.699132],[90.490354,23.699102],[90.490622,23.699191],[90.49089,23.69928],[90.491011,23.699869],[90.491563,23.699877],[90.492217,23.699782],[90.492514,23.699673],[90.492629,23.700322],[90.492366,23.700479],[90.492305,23.700532],[90.492477,23.701141],[90.492743,23.701274],[90.492819,23.701388],[90.492762,23.702055],[90.492811,23.702779],[90.492246,23.702809],[90.492127,23.703225],[90.4918,23.704058],[90.491324,23.704028],[90.490402,23.705605],[90.489867,23.706467],[90.489034,23.707925],[90.489064,23.708252],[90.489272,23.708876],[90.489004,23.709769],[90.488112,23.709531],[90.487814,23.71075],[90.487755,23.711405],[90.487606,23.712654],[90.487279,23.712832],[90.487279,23.7131],[90.487666,23.713546],[90.487844,23.71429],[90.487993,23.715717],[90.488142,23.716461],[90.487219,23.716967],[90.485137,23.718216],[90.484513,23.718127],[90.483383,23.717442],[90.482817,23.716223],[90.482788,23.715241],[90.481747,23.715301],[90.481745,23.715308],[90.481605,23.715196],[90.481091,23.714953],[90.480092,23.714739],[90.479221,23.714653],[90.478935,23.714882],[90.478721,23.715396],[90.478264,23.715495],[90.47698,23.715253],[90.477151,23.714468],[90.475495,23.714468],[90.474695,23.71451],[90.474552,23.713911],[90.473881,23.713968],[90.47331,23.713782],[90.47341,23.712469],[90.473458,23.711572],[90.473287,23.711344],[90.473387,23.71013],[90.473629,23.71023],[90.473758,23.710316],[90.473772,23.71073],[90.474329,23.710773],[90.474315,23.71003],[90.474571,23.70993],[90.474629,23.709559],[90.473886,23.709331],[90.473786,23.709888],[90.473429,23.709888],[90.473458,23.709302],[90.473658,23.709231],[90.473715,23.708731],[90.473529,23.708588],[90.473501,23.708374],[90.474015,23.708331],[90.474029,23.707603],[90.473701,23.707603],[90.473544,23.706775],[90.473244,23.706618],[90.473172,23.706047],[90.473515,23.70589],[90.473472,23.704991],[90.473401,23.70352],[90.472972,23.703363],[90.472987,23.701836],[90.472787,23.70155],[90.472701,23.700993],[90.474729,23.701079],[90.474771,23.700308],[90.474758,23.700078],[90.475103,23.700055],[90.475972,23.700037],[90.476507,23.700013],[90.477994,23.700138],[90.47938,23.700394],[90.479696,23.700497],[90.480254,23.700508],[90.481396,23.700879],[90.482252,23.699537],[90.481796,23.699423],[90.481696,23.699066],[90.482024,23.698438],[90.482224,23.697381],[90.481995,23.697338],[90.48171,23.697867],[90.481353,23.698124],[90.479925,23.697453],[90.479797,23.697724],[90.47973,23.697917],[90.47925,23.697877],[90.478546,23.697926],[90.47759,23.695346],[90.477346,23.695444],[90.477031,23.695456],[90.476126,23.695474],[90.476142,23.695125],[90.476157,23.694891],[90.476822,23.694832],[90.47734,23.694766],[90.477355,23.694526]]]},"properties":{"city_corp":"DSCC","ward_no":66,"zone":"Zone no - 8","dghs_ward_id":50866}},{"type":"Feature","geometry":{"type":"Polygon","coordinates":[[[90.487802,23.710889],[90.487814,23.71075],[90.488112,23.709531],[90.489004,23.709769],[90.489272,23.708876],[90.489064,23.708252],[90.489034,23.707925],[90.489867,23.706467],[90.490402,23.705605],[90.491324,23.704028],[90.4918,23.704058],[90.492127,23.703225],[90.492246,23.702809],[90.492811,23.702779],[90.492762,23.702055],[90.494399,23.701769],[90.495237,23.701921],[90.49636,23.702112],[90.496645,23.702169],[90.496703,23.702359],[90.496969,23.702645],[90.496988,23.702854],[90.498063,23.702966],[90.498225,23.702816],[90.49912,23.702873],[90.499177,23.702647],[90.499272,23.702264],[90.500262,23.702283],[90.500909,23.702569],[90.501005,23.703006],[90.501195,23.70314],[90.501614,23.703216],[90.50169,23.703444],[90.501481,23.703616],[90.501382,23.703727],[90.501352,23.704386],[90.501975,23.70451],[90.501937,23.706204],[90.502623,23.706395],[90.502832,23.706566],[90.503156,23.706661],[90.503194,23.707061],[90.505992,23.707099],[90.508847,23.707461],[90.511322,23.707937],[90.512256,23.708273],[90.512132,23.70844],[90.511835,23.70884],[90.511089,23.709497],[90.511002,23.709574],[90.510827,23.709829],[90.51046,23.710408],[90.51037,23.710526],[90.509564,23.711289],[90.508913,23.712008],[90.508767,23.712164],[90.508133,23.712653],[90.508055,23.712713],[90.507295,23.713091],[90.507172,23.713152],[90.506898,23.71338],[90.506783,23.713449],[90.506489,23.713521],[90.506278,23.713714],[90.505844,23.713792],[90.504212,23.713365],[90.499501,23.712639],[90.498311,23.712449],[90.495742,23.712068],[90.493314,23.711794],[90.489745,23.711211],[90.487802,23.710889]]]},"properties":{"city_corp":"DSCC","ward_no":67,"zone":"Zone no - 8","dghs_ward_id":50867}},{"type":"Feature","geometry":{"type":"Polygon","coordinates":[[[90.488395,23.719366],[90.489303,23.71919],[90.488851,23.7185],[90.487685,23.718619],[90.487219,23.716967],[90.488142,23.716461],[90.487993,23.715717],[90.487844,23.71429],[90.487666,23.713546],[90.487279,23.7131],[90.487279,23.712832],[90.487606,23.712654],[90.487755,23.711405],[90.487802,23.710889],[90.489745,23.711211],[90.493314,23.711794],[90.495742,23.712068],[90.498311,23.712449],[90.499501,23.712639],[90.504212,23.713365],[90.505844,23.713792],[90.505644,23.713828],[90.504998,23.71403],[90.504172,23.714277],[90.503758,23.714446],[90.503251,23.714485],[90.502247,23.715166],[90.501394,23.715773],[90.501126,23.716174],[90.500609,23.716707],[90.500538,23.716781],[90.500241,23.717614],[90.499826,23.718337],[90.499705,23.718566],[90.499353,23.719229],[90.499082,23.71981],[90.499101,23.720235],[90.499134,23.72045],[90.49898,23.721057],[90.498973,23.72109],[90.498776,23.721912],[90.498357,23.721893],[90.496667,23.721465],[90.493312,23.720537],[90.490635,23.71993],[90.489208,23.719514],[90.488395,23.719366]]]},"properties":{"city_corp":"DSCC","ward_no":68,"zone":"Zone no - 8","dghs_ward_id":50868}},{"type":"Feature","geometry":{"type":"Polygon","coordinates":[[[90.498776,23.721912],[90.498771,23.721937],[90.498694,23.722214],[90.498213,23.72257],[90.497989,23.723041],[90.497977,23.723283],[90.497954,23.723465],[90.497954,23.7235],[90.497906,23.723926],[90.498108,23.724426],[90.49877,23.72482],[90.499011,23.725093],[90.499282,23.72545],[90.499295,23.725465],[90.499557,23.72572],[90.499591,23.725846],[90.499702,23.726261],[90.499759,23.726669],[90.499768,23.726845],[90.499955,23.726931],[90.500076,23.727122],[90.500166,23.728085],[90.500064,23.728411],[90.499981,23.728675],[90.499879,23.728833],[90.49975,23.729035],[90.499514,23.72918],[90.499482,23.729252],[90.499386,23.729506],[90.49929,23.729587],[90.499196,23.729659],[90.49891,23.729877],[90.49882,23.730051],[90.498564,23.730244],[90.498513,23.730274],[90.498211,23.730696],[90.498197,23.730718],[90.497769,23.731146],[90.497112,23.731531],[90.496312,23.732188],[90.496049,23.732383],[90.495443,23.732706],[90.494715,23.732828],[90.494664,23.732832],[90.493442,23.732787],[90.492558,23.732774],[90.492433,23.732809],[90.492488,23.732823],[90.49255,23.732839],[90.492543,23.732931],[90.492469,23.732937],[90.492471,23.732968],[90.49234,23.732963],[90.492321,23.732951],[90.492219,23.73299],[90.492154,23.733047],[90.491744,23.73443],[90.491626,23.734863],[90.491536,23.735161],[90.491428,23.735518],[90.49144,23.736042],[90.491518,23.73628],[90.491612,23.736875],[90.489767,23.736813],[90.489517,23.736944],[90.48866,23.737086],[90.488054,23.737015],[90.487899,23.736598],[90.487137,23.736789],[90.486662,23.736277],[90.486959,23.735944],[90.486852,23.735373],[90.486483,23.735242],[90.485722,23.73485],[90.485698,23.734255],[90.48546,23.734255],[90.48383,23.733945],[90.482378,23.733609],[90.48245,23.733229],[90.483544,23.732681],[90.484211,23.731825],[90.484806,23.731753],[90.484972,23.73092],[90.484758,23.730611],[90.484925,23.729778],[90.485472,23.727661],[90.485377,23.727375],[90.485234,23.726614],[90.485924,23.726518],[90.486067,23.725329],[90.487066,23.725162],[90.489422,23.725138],[90.489327,23.724258],[90.489327,23.723806],[90.488779,23.723949],[90.488589,23.724139],[90.487946,23.724091],[90.487804,23.722854],[90.489041,23.722807],[90.489279,23.72195],[90.489327,23.720118],[90.487399,23.719999],[90.48759,23.719523],[90.488395,23.719366],[90.489208,23.719514],[90.490635,23.71993],[90.493312,23.720537],[90.496667,23.721465],[90.498357,23.721893],[90.498776,23.721912]]]},"properties":{"city_corp":"DSCC","ward_no":69,"zone":"Zone no - 8","dghs_ward_id":50869}},{"type":"Feature","geometry":{"type":"Polygon","coordinates":[[[90.491612,23.736875],[90.491637,23.737029],[90.491797,23.738034],[90.491637,23.738302],[90.491904,23.739165],[90.49216,23.739658],[90.49266,23.740616],[90.493076,23.741181],[90.493219,23.741633],[90.493421,23.742032],[90.493796,23.742674],[90.493909,23.74299],[90.494004,23.743376],[90.493879,23.743882],[90.49332,23.743882],[90.492945,23.743805],[90.492083,23.743751],[90.491155,23.743846],[90.490608,23.744191],[90.489674,23.744762],[90.489644,23.744899],[90.489186,23.74525],[90.488674,23.745708],[90.487943,23.746339],[90.487669,23.746654],[90.487508,23.746892],[90.487467,23.746993],[90.486866,23.747505],[90.486931,23.747856],[90.486741,23.748088],[90.486449,23.748248],[90.485652,23.748831],[90.485182,23.749539],[90.485111,23.749896],[90.485135,23.750437],[90.485188,23.750824],[90.485628,23.751377],[90.486324,23.751847],[90.487062,23.752377],[90.487371,23.752728],[90.487538,23.752995],[90.487907,23.753662],[90.488133,23.754078],[90.48821,23.754399],[90.488222,23.754673],[90.48818,23.754935],[90.488151,23.755089],[90.488067,23.755274],[90.4878,23.755565],[90.487473,23.755773],[90.487312,23.755898],[90.486925,23.756089],[90.486509,23.756321],[90.486009,23.756505],[90.484938,23.756868],[90.484308,23.757076],[90.48404,23.757213],[90.483844,23.757278],[90.483422,23.757611],[90.483261,23.757784],[90.482952,23.758296],[90.482821,23.758569],[90.482773,23.758736],[90.482737,23.759021],[90.482743,23.759575],[90.482717,23.761498],[90.481568,23.761463],[90.481033,23.760868],[90.480141,23.760124],[90.478891,23.759886],[90.47785,23.760065],[90.475025,23.753818],[90.474876,23.753313],[90.474936,23.752123],[90.473151,23.747662],[90.467678,23.737846],[90.465685,23.73392],[90.465626,23.73282],[90.46628,23.731273],[90.466875,23.730827],[90.466905,23.730143],[90.467678,23.729072],[90.469165,23.727674],[90.470385,23.726871],[90.471456,23.726544],[90.474192,23.726128],[90.474698,23.726038],[90.474995,23.725473],[90.474995,23.724224],[90.474579,23.722082],[90.4744,23.720922],[90.474341,23.719941],[90.474519,23.71887],[90.474787,23.717978],[90.47669,23.718097],[90.477523,23.717889],[90.477969,23.71771],[90.480289,23.718008],[90.481152,23.718127],[90.481747,23.715301],[90.482788,23.715241],[90.482817,23.716223],[90.483383,23.717442],[90.484513,23.718127],[90.485137,23.718216],[90.487219,23.716967],[90.487685,23.718619],[90.488851,23.7185],[90.489303,23.71919],[90.48759,23.719523],[90.487399,23.719999],[90.489327,23.720118],[90.489279,23.72195],[90.489041,23.722807],[90.487804,23.722854],[90.487946,23.724091],[90.488589,23.724139],[90.488779,23.723949],[90.489327,23.723806],[90.489327,23.724258],[90.489422,23.725138],[90.487066,23.725162],[90.486067,23.725329],[90.485924,23.726518],[90.485234,23.726614],[90.485377,23.727375],[90.485472,23.727661],[90.484925,23.729778],[90.484758,23.730611],[90.484972,23.73092],[90.484806,23.731753],[90.484211,23.731825],[90.483544,23.732681],[90.48245,23.733229],[90.482378,23.733609],[90.48383,23.733945],[90.48546,23.734255],[90.485698,23.734255],[90.485722,23.73485],[90.486483,23.735242],[90.486852,23.735373],[90.486959,23.735944],[90.486662,23.736277],[90.487137,23.736789],[90.487899,23.736598],[90.488054,23.737015],[90.48866,23.737086],[90.489517,23.736944],[90.489767,23.736813],[90.491612,23.736875]]]},"properties":{"city_corp":"DSCC","ward_no":70,"zone":"Zone no - 6","dghs_ward_id":50670}},{"type":"Feature","geometry":{"type":"Polygon","coordinates":[[[90.447905,23.729233],[90.446687,23.730327],[90.445349,23.73122],[90.444218,23.731487],[90.442553,23.731101],[90.440709,23.730684],[90.437675,23.729673],[90.436128,23.728989],[90.434852,23.7289],[90.434811,23.728744],[90.434846,23.728678],[90.434803,23.728318],[90.434654,23.727447],[90.434651,23.726617],[90.434768,23.725977],[90.435055,23.725995],[90.435064,23.725915],[90.435475,23.725873],[90.436251,23.725579],[90.436542,23.72543],[90.43662,23.725487],[90.436772,23.725352],[90.436883,23.725208],[90.437047,23.724968],[90.437326,23.724712],[90.437552,23.724517],[90.437866,23.724307],[90.438214,23.724312],[90.438459,23.724251],[90.438533,23.724139],[90.438591,23.723936],[90.438708,23.723535],[90.43877,23.723435],[90.439046,23.723443],[90.439178,23.723453],[90.43925,23.723417],[90.439255,23.723173],[90.439078,23.722887],[90.43911,23.722762],[90.439084,23.722602],[90.43894,23.722269],[90.438868,23.721912],[90.438924,23.721387],[90.438933,23.721313],[90.438888,23.72097],[90.439816,23.72081],[90.440679,23.720929],[90.441839,23.72075],[90.442255,23.720869],[90.442255,23.721553],[90.442344,23.721999],[90.442701,23.722326],[90.443475,23.722683],[90.444099,23.722921],[90.444516,23.723367],[90.444694,23.723278],[90.445378,23.722951],[90.445497,23.722624],[90.446925,23.722564],[90.44755,23.722743],[90.447996,23.722892],[90.448174,23.723159],[90.448561,23.723278],[90.449156,23.723427],[90.449334,23.723605],[90.449453,23.723873],[90.44981,23.72426],[90.449602,23.724527],[90.448323,23.724498],[90.448293,23.724765],[90.448382,23.725271],[90.448293,23.72539],[90.447341,23.725598],[90.447312,23.725836],[90.44749,23.725985],[90.44752,23.72661],[90.447193,23.726907],[90.447222,23.728781],[90.447877,23.728751],[90.447905,23.729233]]]},"properties":{"city_corp":"DSCC","ward_no":71,"zone":"Zone no - 7","dghs_ward_id":50771}},{"type":"Feature","geometry":{"type":"Polygon","coordinates":[[[90.447905,23.729233],[90.447906,23.729257],[90.448234,23.729405],[90.448739,23.729524],[90.449245,23.729703],[90.449691,23.729376],[90.450345,23.729614],[90.450873,23.730113],[90.450695,23.730678],[90.450635,23.731303],[90.448999,23.731333],[90.448434,23.731392],[90.448583,23.732612],[90.448315,23.732968],[90.446382,23.733058],[90.445936,23.733325],[90.445133,23.733712],[90.444181,23.733534],[90.443654,23.733382],[90.442822,23.733228],[90.442448,23.733153],[90.442216,23.733045],[90.441759,23.732962],[90.441528,23.732982],[90.44137,23.733047],[90.441093,23.732995],[90.440909,23.733519],[90.440479,23.733406],[90.440404,23.733647],[90.4403,23.733622],[90.440285,23.733465],[90.439962,23.733455],[90.439882,23.733273],[90.439703,23.733358],[90.439634,23.733376],[90.439527,23.733366],[90.439521,23.733255],[90.43947,23.733159],[90.439441,23.732935],[90.439246,23.732994],[90.43913,23.733011],[90.43911,23.733427],[90.438833,23.733396],[90.438768,23.734057],[90.438598,23.734108],[90.438598,23.734335],[90.438776,23.734528],[90.438874,23.734853],[90.438643,23.734924],[90.438394,23.735073],[90.438452,23.735283],[90.438529,23.735482],[90.438292,23.735522],[90.438317,23.735636],[90.438165,23.73569],[90.437913,23.735754],[90.437405,23.735069],[90.4373,23.734923],[90.437246,23.734833],[90.437107,23.7346],[90.437068,23.734501],[90.436934,23.734288],[90.436867,23.734213],[90.436704,23.733936],[90.436432,23.733409],[90.435885,23.732195],[90.435866,23.732112],[90.435748,23.731947],[90.435675,23.731816],[90.435531,23.731372],[90.435413,23.731007],[90.435212,23.730224],[90.435009,23.729585],[90.434852,23.7289],[90.436128,23.728989],[90.437675,23.729673],[90.440709,23.730684],[90.442553,23.731101],[90.444218,23.731487],[90.445349,23.73122],[90.446687,23.730327],[90.447905,23.729233]]]},"properties":{"city_corp":"DSCC","ward_no":72,"zone":"Zone no - 7","dghs_ward_id":50772}},{"type":"Feature","geometry":{"type":"Polygon","coordinates":[[[90.472488,23.746473],[90.472209,23.7465],[90.470296,23.746328],[90.467669,23.745871],[90.464756,23.7454],[90.462001,23.745029],[90.461258,23.745058],[90.460922,23.745196],[90.460494,23.744506],[90.46047,23.743935],[90.460613,23.743483],[90.460779,23.74315],[90.460851,23.742817],[90.460732,23.742341],[90.460327,23.741984],[90.45978,23.741698],[90.459209,23.741579],[90.458519,23.741508],[90.458257,23.741151],[90.457781,23.740985],[90.45702,23.741104],[90.456401,23.741246],[90.455901,23.74127],[90.455497,23.741223],[90.455164,23.741794],[90.454783,23.742246],[90.453808,23.743102],[90.453641,23.743198],[90.453165,23.743174],[90.452451,23.743055],[90.451904,23.743245],[90.45119,23.743697],[90.450286,23.74403],[90.449144,23.744173],[90.448359,23.744435],[90.447526,23.744744],[90.445551,23.744863],[90.444623,23.744911],[90.443766,23.744911],[90.443457,23.744887],[90.442869,23.744609],[90.443065,23.743795],[90.443129,23.743396],[90.4433,23.743143],[90.443004,23.742753],[90.442651,23.742306],[90.44248,23.74203],[90.442702,23.742059],[90.443175,23.74208],[90.443313,23.741425],[90.44338,23.74107],[90.443393,23.74082],[90.443405,23.740668],[90.443503,23.740373],[90.443552,23.740137],[90.444067,23.74014],[90.444068,23.740225],[90.444318,23.740223],[90.444435,23.740125],[90.444665,23.740093],[90.444674,23.739854],[90.444488,23.739646],[90.444606,23.738854],[90.444601,23.738645],[90.444546,23.738484],[90.444529,23.738396],[90.444465,23.738324],[90.444248,23.738287],[90.444259,23.738176],[90.444056,23.73818],[90.444004,23.738144],[90.443884,23.738145],[90.44386,23.738156],[90.443474,23.73816],[90.443333,23.738121],[90.443222,23.73792],[90.443016,23.737781],[90.443044,23.737523],[90.443112,23.737094],[90.443136,23.736402],[90.443184,23.735873],[90.443256,23.73586],[90.443426,23.734602],[90.443438,23.734283],[90.443526,23.734198],[90.443596,23.733548],[90.443654,23.733382],[90.444181,23.733534],[90.445133,23.733712],[90.445936,23.733325],[90.446382,23.733058],[90.448315,23.732968],[90.448583,23.732612],[90.448434,23.731392],[90.448999,23.731333],[90.450635,23.731303],[90.450695,23.730678],[90.450873,23.730113],[90.451706,23.730292],[90.452212,23.730886],[90.453104,23.731273],[90.453877,23.731719],[90.454918,23.732076],[90.455573,23.732671],[90.456614,23.73276],[90.459618,23.732939],[90.461194,23.732939],[90.462086,23.733593],[90.46402,23.73395],[90.465685,23.73392],[90.467678,23.737846],[90.472488,23.746473]]]},"properties":{"city_corp":"DSCC","ward_no":73,"zone":"Zone no - 7","dghs_ward_id":50773}},{"type":"Feature","geometry":{"type":"Polygon","coordinates":[[[90.442869,23.744609],[90.443457,23.744887],[90.443766,23.744911],[90.444623,23.744911],[90.445551,23.744863],[90.447526,23.744744],[90.448359,23.744435],[90.449144,23.744173],[90.450286,23.74403],[90.45119,23.743697],[90.451904,23.743245],[90.452451,23.743055],[90.453165,23.743174],[90.453641,23.743198],[90.453808,23.743102],[90.454783,23.742246],[90.455164,23.741794],[90.455497,23.741223],[90.455901,23.74127],[90.456401,23.741246],[90.45702,23.741104],[90.457781,23.740985],[90.458257,23.741151],[90.458519,23.741508],[90.459209,23.741579],[90.45978,23.741698],[90.460327,23.741984],[90.460732,23.742341],[90.460851,23.742817],[90.460779,23.74315],[90.460613,23.743483],[90.46047,23.743935],[90.460494,23.744506],[90.460922,23.745196],[90.461279,23.745458],[90.461541,23.745958],[90.461208,23.746196],[90.460898,23.746505],[90.460779,23.746981],[90.460898,23.747338],[90.461255,23.747766],[90.461327,23.748385],[90.460898,23.748623],[90.460303,23.748646],[90.45978,23.748742],[90.459613,23.749027],[90.459613,23.749551],[90.459637,23.749955],[90.454569,23.750907],[90.453284,23.751906],[90.451119,23.753762],[90.449239,23.755452],[90.446836,23.759235],[90.446337,23.759579],[90.44628,23.759451],[90.44602,23.759465],[90.445897,23.759555],[90.445509,23.759593],[90.445195,23.759593],[90.445142,23.759079],[90.444838,23.758794],[90.444624,23.75818],[90.444467,23.75768],[90.44441,23.756967],[90.444396,23.756467],[90.444396,23.756238],[90.444399,23.755875],[90.443953,23.755439],[90.443697,23.755481],[90.443325,23.755339],[90.443025,23.754796],[90.44274,23.754297],[90.442505,23.754115],[90.442289,23.752792],[90.441991,23.751304],[90.441421,23.750333],[90.441429,23.749903],[90.441528,23.749536],[90.441581,23.749319],[90.441731,23.749348],[90.44179,23.74918],[90.441875,23.7492],[90.442037,23.748719],[90.442203,23.748056],[90.442306,23.747215],[90.44226,23.747206],[90.442435,23.746583],[90.442574,23.746124],[90.442706,23.745653],[90.442869,23.744609]]]},"properties":{"city_corp":"DSCC","ward_no":74,"zone":"Zone no - 6","dghs_ward_id":50674}},{"type":"Feature","geometry":{"type":"Polygon","coordinates":[[[90.482717,23.761498],[90.48292,23.761761],[90.483196,23.761961],[90.483263,23.762247],[90.483187,23.763208],[90.482854,23.764274],[90.482559,23.765216],[90.482206,23.766634],[90.48214,23.767339],[90.482302,23.767929],[90.482759,23.768966],[90.483168,23.769994],[90.483196,23.771165],[90.482778,23.772402],[90.482521,23.773002],[90.48193,23.773868],[90.481369,23.774858],[90.480769,23.775638],[90.479875,23.776438],[90.479056,23.777132],[90.478485,23.777789],[90.478047,23.778237],[90.47721,23.77856],[90.476191,23.778646],[90.475439,23.77856],[90.474906,23.778589],[90.474288,23.77877],[90.473974,23.779055],[90.473374,23.779598],[90.472555,23.78054],[90.472051,23.781339],[90.471927,23.781549],[90.471644,23.781394],[90.470038,23.780657],[90.469705,23.780645],[90.469407,23.780633],[90.46917,23.780668],[90.468967,23.780606],[90.468396,23.780213],[90.468039,23.779856],[90.467753,23.780177],[90.467182,23.781248],[90.466754,23.781748],[90.465862,23.782069],[90.465362,23.78239],[90.46447,23.78264],[90.464042,23.782926],[90.463578,23.782819],[90.463363,23.782462],[90.462899,23.781926],[90.462614,23.781498],[90.462186,23.78082],[90.462078,23.780356],[90.461614,23.779749],[90.46115,23.779428],[90.460722,23.778643],[90.460187,23.778321],[90.460187,23.77775],[90.460365,23.777358],[90.460508,23.777001],[90.459901,23.776822],[90.459402,23.776501],[90.459116,23.775894],[90.459116,23.775502],[90.459294,23.775395],[90.459651,23.77543],[90.460115,23.775466],[90.460544,23.775537],[90.461079,23.775823],[90.461686,23.776216],[90.46215,23.775787],[90.462257,23.775145],[90.462257,23.774609],[90.461936,23.774074],[90.461293,23.773896],[90.460651,23.77386],[90.460115,23.773467],[90.45958,23.773432],[90.45908,23.773003],[90.459045,23.772539],[90.458616,23.772611],[90.458367,23.772289],[90.458188,23.772004],[90.457938,23.771647],[90.45751,23.771076],[90.457082,23.770826],[90.456368,23.770541],[90.456332,23.769862],[90.456332,23.769256],[90.456332,23.768685],[90.456368,23.768256],[90.456154,23.767757],[90.455797,23.76765],[90.45544,23.767614],[90.455297,23.767685],[90.455154,23.767935],[90.45519,23.768149],[90.454583,23.768256],[90.454191,23.768256],[90.454119,23.768114],[90.454083,23.767864],[90.454048,23.767614],[90.454048,23.7674],[90.454048,23.767114],[90.453976,23.767007],[90.453619,23.76715],[90.453013,23.767328],[90.452549,23.767293],[90.452477,23.766186],[90.452442,23.764973],[90.452085,23.764758],[90.451906,23.764402],[90.451942,23.763866],[90.45237,23.763795],[90.452549,23.763616],[90.452691,23.763331],[90.452691,23.763081],[90.452477,23.762903],[90.452156,23.76276],[90.452013,23.762439],[90.452192,23.762296],[90.452656,23.762331],[90.452906,23.762224],[90.452656,23.76201],[90.452442,23.76176],[90.452477,23.761511],[90.452799,23.761511],[90.453191,23.761689],[90.453477,23.761975],[90.453655,23.76226],[90.453869,23.76226],[90.454369,23.762082],[90.454797,23.762153],[90.454762,23.762474],[90.454405,23.76276],[90.453798,23.763152],[90.453727,23.763723],[90.454083,23.763938],[90.454512,23.763902],[90.454619,23.763616],[90.454904,23.763509],[90.455083,23.763259],[90.455187,23.762584],[90.455475,23.762224],[90.455583,23.76176],[90.455297,23.761582],[90.455011,23.761332],[90.454583,23.761047],[90.453819,23.760958],[90.45342,23.760654],[90.452886,23.760571],[90.45206,23.760452],[90.450967,23.760496],[90.450608,23.760511],[90.450364,23.760505],[90.449811,23.76038],[90.449393,23.760379],[90.448993,23.760379],[90.448807,23.760436],[90.448636,23.760593],[90.447579,23.760593],[90.447029,23.760584],[90.446466,23.760593],[90.446323,23.760464],[90.446337,23.760107],[90.446261,23.759924],[90.446337,23.759579],[90.446836,23.759235],[90.449239,23.755452],[90.451119,23.753762],[90.453284,23.751906],[90.454569,23.750907],[90.459637,23.749955],[90.459613,23.749551],[90.459613,23.749027],[90.45978,23.748742],[90.460303,23.748646],[90.460898,23.748623],[90.461327,23.748385],[90.461255,23.747766],[90.460898,23.747338],[90.460779,23.746981],[90.460898,23.746505],[90.461208,23.746196],[90.461541,23.745958],[90.461279,23.745458],[90.460922,23.745196],[90.461258,23.745058],[90.462001,23.745029],[90.464756,23.7454],[90.467669,23.745871],[90.470296,23.746328],[90.472209,23.7465],[90.472488,23.746473],[90.473151,23.747662],[90.474936,23.752123],[90.474876,23.753313],[90.475025,23.753818],[90.47785,23.760065],[90.478891,23.759886],[90.480141,23.760124],[90.481033,23.760868],[90.481568,23.761463],[90.482717,23.761498]]]},"properties":{"city_corp":"DSCC","ward_no":75,"zone":"Zone no - 6","dghs_ward_id":50675}}]}